/*
 Navicat Premium Data Transfer

 Source Server Type    : MySQL
 Source Server Version : 50743 (5.7.43-log)
 Source Schema         : dax-pay

 Target Server Type    : MySQL
 File Encoding         : 65001

 Date: 11/05/2024 19:19:06
*/

SET NAMES utf8mb4;
SET FOREIGN_KEY_CHECKS = 0;

-- ----------------------------
-- Table structure for base_area
-- ----------------------------
DROP TABLE IF EXISTS `base_area`;
CREATE TABLE `base_area`  (
  `code` char(6) CHARACTER SET utf8 COLLATE utf8_general_ci NOT NULL,
  `name` varchar(60) CHARACTER SET utf8 COLLATE utf8_general_ci NOT NULL DEFAULT '' COMMENT '区域名称',
  `city_code` char(4) CHARACTER SET utf8 COLLATE utf8_general_ci NOT NULL DEFAULT '0' COMMENT '城市编码',
  PRIMARY KEY (`code`) USING BTREE,
  INDEX `inx_city_code`(`city_code`) USING BTREE COMMENT '城市'
) ENGINE = InnoDB CHARACTER SET = utf8 COLLATE = utf8_general_ci COMMENT = '县区表' ROW_FORMAT = DYNAMIC;

-- ----------------------------
-- Records of base_area
-- ----------------------------

-- ----------------------------
-- Table structure for base_china_word
-- ----------------------------
DROP TABLE IF EXISTS `base_china_word`;
CREATE TABLE `base_china_word`  (
  `id` bigint(20) NOT NULL COMMENT '主键',
  `word` varchar(255) CHARACTER SET utf8mb4 COLLATE utf8mb4_bin NULL DEFAULT NULL COMMENT '敏感词',
  `type` varchar(255) CHARACTER SET utf8mb4 COLLATE utf8mb4_bin NULL DEFAULT NULL COMMENT '分类',
  `description` varchar(255) CHARACTER SET utf8mb4 COLLATE utf8mb4_bin NULL DEFAULT NULL COMMENT '描述',
  `enable` bit(1) NULL DEFAULT NULL COMMENT '是否启用',
  `creator` bigint(20) NULL DEFAULT NULL COMMENT '创建者ID',
  `create_time` datetime NULL DEFAULT NULL COMMENT '创建时间',
  `last_modifier` bigint(20) NULL DEFAULT NULL COMMENT '最后修者ID',
  `last_modified_time` datetime NULL DEFAULT NULL COMMENT '最后修改时间',
  `version` int(11) NOT NULL COMMENT '乐观锁',
  `white` bit(1) NULL DEFAULT NULL,
  PRIMARY KEY (`id`) USING BTREE
) ENGINE = InnoDB CHARACTER SET = utf8mb4 COLLATE = utf8mb4_bin COMMENT = '敏感词' ROW_FORMAT = DYNAMIC;

-- ----------------------------
-- Records of base_china_word
-- ----------------------------

-- ----------------------------
-- Table structure for base_city
-- ----------------------------
DROP TABLE IF EXISTS `base_city`;
CREATE TABLE `base_city`  (
  `code` char(4) CHARACTER SET utf8 COLLATE utf8_general_ci NOT NULL COMMENT '城市编码',
  `name` varchar(60) CHARACTER SET utf8 COLLATE utf8_general_ci NOT NULL DEFAULT '' COMMENT '城市名称',
  `province_code` char(2) CHARACTER SET utf8 COLLATE utf8_general_ci NOT NULL DEFAULT '0' COMMENT '省份编码',
  PRIMARY KEY (`code`) USING BTREE
) ENGINE = InnoDB CHARACTER SET = utf8 COLLATE = utf8_general_ci COMMENT = '城市表' ROW_FORMAT = DYNAMIC;

-- ----------------------------
-- Records of base_city
-- ----------------------------

-- ----------------------------
-- Table structure for base_data_result_sql
-- ----------------------------
DROP TABLE IF EXISTS `base_data_result_sql`;
CREATE TABLE `base_data_result_sql`  (
  `id` bigint(20) NOT NULL COMMENT '主键',
  `database_id` bigint(20) NULL DEFAULT NULL,
  `name` varchar(255) CHARACTER SET utf8mb4 COLLATE utf8mb4_bin NULL DEFAULT NULL,
  `is_list` bit(1) NULL DEFAULT NULL,
  `sql` varchar(255) CHARACTER SET utf8mb4 COLLATE utf8mb4_bin NULL DEFAULT NULL,
  `params` longtext CHARACTER SET utf8mb4 COLLATE utf8mb4_bin NULL,
  `fields` longtext CHARACTER SET utf8mb4 COLLATE utf8mb4_bin NULL,
  `creator` bigint(20) NULL DEFAULT NULL COMMENT '创建者ID',
  `create_time` datetime NULL DEFAULT NULL COMMENT '创建时间',
  `last_modifier` bigint(20) NULL DEFAULT NULL COMMENT '最后修者ID',
  `last_modified_time` datetime NULL DEFAULT NULL COMMENT '最后修改时间',
  `version` int(11) NOT NULL COMMENT '乐观锁',
  `deleted` bit(1) NOT NULL COMMENT '删除标志',
  PRIMARY KEY (`id`) USING BTREE
) ENGINE = InnoDB CHARACTER SET = utf8mb4 COLLATE = utf8mb4_bin COMMENT = '数据集SQL语句' ROW_FORMAT = DYNAMIC;

-- ----------------------------
-- Records of base_data_result_sql
-- ----------------------------

-- ----------------------------
-- Table structure for base_dict
-- ----------------------------
DROP TABLE IF EXISTS `base_dict`;
CREATE TABLE `base_dict`  (
  `id` bigint(20) NOT NULL,
  `code` varchar(255) CHARACTER SET utf8mb4 COLLATE utf8mb4_unicode_ci NOT NULL COMMENT '编码',
  `name` varchar(100) CHARACTER SET utf8mb4 COLLATE utf8mb4_unicode_ci NOT NULL COMMENT '名称',
  `enable` bit(1) NOT NULL DEFAULT b'1' COMMENT '启用状态',
  `group_tag` varchar(100) CHARACTER SET utf8mb4 COLLATE utf8mb4_unicode_ci NULL DEFAULT NULL COMMENT '分类标签',
  `remark` varchar(255) CHARACTER SET utf8mb4 COLLATE utf8mb4_unicode_ci NULL DEFAULT NULL COMMENT '备注',
  `creator` bigint(20) NULL DEFAULT NULL COMMENT '创建人',
  `create_time` datetime NULL DEFAULT NULL COMMENT '创建时间',
  `last_modifier` bigint(20) NULL DEFAULT NULL COMMENT '更新人',
  `last_modified_time` datetime NULL DEFAULT NULL COMMENT '更新时间',
  `deleted` tinyint(1) NULL DEFAULT 0 COMMENT '0:未删除。1:已删除',
  `version` int(8) NULL DEFAULT NULL COMMENT '版本',
  PRIMARY KEY (`id`) USING BTREE
) ENGINE = InnoDB CHARACTER SET = utf8mb4 COLLATE = utf8mb4_unicode_ci COMMENT = '字典' ROW_FORMAT = DYNAMIC;

-- ----------------------------
-- Records of base_dict
-- ----------------------------
INSERT INTO `base_dict` VALUES (1422929378374828033, 'Sex', '性别', b'1', '基础属性', '性别', 0, '2021-08-04 22:36:15', 1399985191002447872, '2022-05-11 19:48:40', 0, 6);
INSERT INTO `base_dict` VALUES (1425744045414772737, 'MenuType', '菜单类型', b'1', '系统属性', '菜单类型', 0, '2021-08-12 17:00:44', 1399985191002447872, '2022-05-11 19:48:44', 0, 4);
INSERT INTO `base_dict` VALUES (1430063572491411456, 'loginType', '字典类型', b'1', '基础属性', '字典类型', 1399985191002447872, '2021-08-24 15:05:00', 1399985191002447872, '2021-08-24 15:05:00', 1, 2);
INSERT INTO `base_dict` VALUES (1435829999592759296, 'UserStatusCode', '用户状态码', b'1', '系统属性', '用户状态码', 1399985191002447872, '2021-09-09 12:58:43', 1399985191002447872, '2022-05-11 19:48:56', 0, 2);
INSERT INTO `base_dict` VALUES (1435838066191458304, 'LogBusinessType', '业务操作类型', b'1', '系统属性', '操作日志记录的业务操作类型', 1399985191002447872, '2021-09-09 13:30:46', 1399985191002447872, '2022-05-11 19:49:00', 0, 2);
INSERT INTO `base_dict` VALUES (1438078864509317120, 'MailSecurityCode', '邮箱安全方式编码', b'1', '消息服务', '邮箱安全方式编码', 1399985191002447872, '2021-09-15 17:54:54', 1399985191002447872, '2022-05-11 19:49:06', 0, 2);
INSERT INTO `base_dict` VALUES (1439961232651034624, 'MessageTemplateCode', '消息模板类型', b'1', '消息服务', '消息模板类型', 1399985191002447872, '2021-09-20 22:34:46', 1399985191002447872, '2022-05-11 19:48:34', 0, 1);
INSERT INTO `base_dict` VALUES (1452836604783845376, 'SocialType', '三方系统类型', b'1', '系统属性', '三方系统类型', 1399985191002447872, '2021-10-26 11:16:54', 1399985191002447872, '2022-05-11 19:48:28', 0, 3);
INSERT INTO `base_dict` VALUES (1452843488735621120, 'ParamType', '参数类型', b'1', '系统属性', '参数类型', 1399985191002447872, '2021-10-26 11:44:15', 1399985191002447872, '2022-05-11 19:48:21', 0, 2);
INSERT INTO `base_dict` VALUES (1496024933900169216, 'Political', '政治面貌', b'1', '基础数据', '政治面貌', 1399985191002447872, '2022-02-22 15:31:54', 1399985191002447872, '2022-05-11 19:48:04', 0, 1);
INSERT INTO `base_dict` VALUES (1556996322223968256, 'WeChatMediaType', '微信媒体类型', b'1', '微信', '微信媒体类型', 1399985191002447872, '2022-08-09 21:30:25', 1399985191002447872, '2022-08-09 21:30:26', 0, 0);
INSERT INTO `base_dict` VALUES (1561003021674987520, 'SiteMessageReceive', '消息接收类型', b'1', '站内信', '站内信接收类型', 1399985191002447872, '2022-08-20 22:51:37', 1399985191002447872, '2022-08-20 22:51:37', 0, 0);
INSERT INTO `base_dict` VALUES (1561003189111603200, 'SiteMessageState', '消息发布状态', b'1', '站内信', '站内信消息发布状态', 1399985191002447872, '2022-08-20 22:52:17', 1399985191002447872, '2022-08-20 22:52:17', 0, 0);
INSERT INTO `base_dict` VALUES (1589527951317389312, 'DataScopePerm', '数据权限类型', b'1', '系统属性', '数据权限类型', 1414143554414059520, '2022-11-07 15:59:30', 1399985191002447872, '2023-11-28 23:14:24', 0, 4);
INSERT INTO `base_dict` VALUES (1633393287952257024, 'DatabaseType', '数据库类型', b'1', '开发', '数据库类型', 1414143554414059520, '2023-03-08 17:04:41', 1414143554414059520, '2023-03-08 17:04:41', 0, 0);
INSERT INTO `base_dict` VALUES (1688742690398617600, 'SmsChannel', '短信渠道商', b'1', '消息服务', '短信渠道商', 1414143554414059520, '2023-08-08 10:43:27', 1414143554414059520, '2023-08-12 20:24:03', 0, 1);
INSERT INTO `base_dict` VALUES (1690338321769918464, 'GeneralTemplateUseType', '通用模板类型', b'1', '系统属性', '通用模板类型', 1414143554414059520, '2023-08-12 20:23:56', 1414143554414059520, '2023-08-12 20:24:22', 0, 1);
INSERT INTO `base_dict` VALUES (1690338545284378624, 'GeneralTemplateState', '通用模板状态', b'1', '系统属性', '通用模板状态', 1414143554414059520, '2023-08-12 20:24:49', 1414143554414059520, '2023-08-12 20:24:49', 0, 0);
INSERT INTO `base_dict` VALUES (1744996611615039488, 'AsyncPayChannel', '异步支付通道', b'1', '支付', '', 1399985191002447872, '2024-01-10 16:16:27', 1399985191002447872, '2024-01-10 16:16:27', 0, 0);
INSERT INTO `base_dict` VALUES (1744996845355212800, 'PayChannel', '支付通道', b'1', '支付', '', 1399985191002447872, '2024-01-10 16:17:23', 1399985191002447872, '2024-01-10 16:17:23', 0, 0);
INSERT INTO `base_dict` VALUES (1744996913667842048, 'PayStatus', '支付状态', b'1', '支付', '', 1399985191002447872, '2024-01-10 16:17:39', 1399985191002447872, '2024-01-10 16:17:39', 0, 0);
INSERT INTO `base_dict` VALUES (1745086859116224512, 'PayMethod', '支付方式', b'1', '支付', '', 1399985191002447872, '2024-01-10 22:15:04', 1399985191002447872, '2024-05-02 12:38:01', 0, 1);
INSERT INTO `base_dict` VALUES (1745109350333173760, 'PayCallbackStatus', '支付回调处理状态', b'1', '支付', '', 1399985191002447872, '2024-01-10 23:44:26', 1399985191002447872, '2024-01-10 23:44:26', 0, 0);
INSERT INTO `base_dict` VALUES (1745128986382667776, 'PayRepairSource', '支付修复来源', b'1', '支付', '', 1399985191002447872, '2024-01-11 01:02:28', 1399985191002447872, '2024-01-11 01:02:28', 0, 0);
INSERT INTO `base_dict` VALUES (1745134438772346880, 'PayRepairWay', '支付修复方式', b'1', '支付', '', 1399985191002447872, '2024-01-11 01:24:08', 1399985191002447872, '2024-01-11 01:24:08', 0, 0);
INSERT INTO `base_dict` VALUES (1745748188122554368, 'RefundStatus', '退款状态', b'1', '支付', '', 1399985191002447872, '2024-01-12 18:02:57', 1399985191002447872, '2024-02-09 21:22:52', 0, 1);
INSERT INTO `base_dict` VALUES (1746208645341917184, 'PaySyncStatus', '支付同步结果', b'1', '支付', '', 1399985191002447872, '2024-01-14 00:32:39', 1399985191002447872, '2024-01-14 00:32:39', 0, 0);
INSERT INTO `base_dict` VALUES (1749612665392541696, 'ReconcileTrade', '支付对账交易类型', b'1', '支付', '', 1399985191002447872, '2024-01-23 09:59:00', 1399985191002447872, '2024-03-01 23:31:32', 0, 1);
INSERT INTO `base_dict` VALUES (1751603996496453632, 'PaymentType', '支付系统行为类型', b'1', '支付', '支付系统中常见的操作类型, 如支付/退款/转账等', 1399985191002447872, '2024-01-28 21:51:51', 1399985191002447872, '2024-01-28 21:51:51', 0, 0);
INSERT INTO `base_dict` VALUES (1751613032260370432, 'PayCallbackType', '回调类型', b'1', '支付', '', 1399985191002447872, '2024-01-28 22:27:45', 1399985191002447872, '2024-01-28 22:27:45', 0, 0);
INSERT INTO `base_dict` VALUES (1752560153120428032, 'RefundSyncStatus', '退款同步状态', b'1', '支付', '', 1399985191002447872, '2024-01-31 13:11:16', 1399985191002447872, '2024-01-31 13:11:16', 0, 0);
INSERT INTO `base_dict` VALUES (1753047382185091072, 'RefundRepairWay', '退款修复方式', b'1', '支付', '', 1399985191002447872, '2024-02-01 21:27:21', 1399985191002447872, '2024-02-01 21:27:21', 0, 0);
INSERT INTO `base_dict` VALUES (1758881354618220544, 'WalletStatus', '钱包状态', b'1', '支付', '', 1399985191002447872, '2024-02-17 23:49:28', 1399985191002447872, '2024-02-17 23:49:28', 0, 0);
INSERT INTO `base_dict` VALUES (1759189874194481152, 'VoucherStatus', '储值卡状态', b'1', '支付', '', 1399985191002447872, '2024-02-18 20:15:25', 1399985191002447872, '2024-02-18 20:15:25', 0, 0);
INSERT INTO `base_dict` VALUES (1759190066511708160, 'WalletRecordType', '钱包记录类型', b'1', '支付', '', 1399985191002447872, '2024-02-18 20:16:11', 1399985191002447872, '2024-02-18 20:16:11', 0, 0);
INSERT INTO `base_dict` VALUES (1759190427897135104, 'VoucherRecordType', '储值卡记录类型', b'1', '支付', '', 1399985191002447872, '2024-02-18 20:17:37', 1399985191002447872, '2024-02-18 20:17:37', 0, 0);
INSERT INTO `base_dict` VALUES (1759190780252225536, 'CashRecordType', '现金记录类型', b'1', '支付', '', 1399985191002447872, '2024-02-18 20:19:01', 1399985191002447872, '2024-02-19 22:07:09', 0, 1);
INSERT INTO `base_dict` VALUES (1761434095349624832, 'ClientNoticeType', '客户消息通知类型', b'1', '支付', '', 1399985191002447872, '2024-02-25 00:53:09', 1399985191002447872, '2024-02-25 00:53:09', 0, 0);
INSERT INTO `base_dict` VALUES (1761434264858226688, 'ClientNoticeSendType', '客户消息通知发送类型', b'1', '支付', '', 1399985191002447872, '2024-02-25 00:53:49', 1399985191002447872, '2024-02-25 00:53:49', 0, 0);
INSERT INTO `base_dict` VALUES (1761581634023583744, 'AlipayRecordType', '支付宝流水记录类型', b'1', '支付', '', 1399985191002447872, '2024-02-25 10:39:25', 1399985191002447872, '2024-02-25 10:39:25', 0, 0);
INSERT INTO `base_dict` VALUES (1761588314480300032, 'WechatPayRecordType', '微信支付流水记录类型', b'1', '支付', '', 1399985191002447872, '2024-02-25 11:05:58', 1399985191002447872, '2024-02-25 11:05:58', 0, 0);
INSERT INTO `base_dict` VALUES (1763588034467713024, 'ReconcileDiffType', '对账差异类型', b'1', '支付', '', 1399985191002447872, '2024-03-01 23:32:08', 1399985191002447872, '2024-03-01 23:32:08', 0, 0);
INSERT INTO `base_dict` VALUES (1766713545981153280, 'UnionPaySignType', '云闪付签名类型', b'1', '支付', '', 1399985191002447872, '2024-03-10 14:31:48', 1399985191002447872, '2024-03-10 14:31:48', 0, 0);
INSERT INTO `base_dict` VALUES (1768206399071809536, 'UnionPayRecordType', '云闪付流水类型', b'1', '支付', '', 1399985191002447872, '2024-03-14 17:23:52', 1399985191002447872, '2024-03-14 17:23:52', 0, 0);
INSERT INTO `base_dict` VALUES (1775112798259302400, 'AllocationReceiverType', '分账接收方类型', b'1', '支付', '', 1399985191002447872, '2024-04-02 18:47:26', 1399985191002447872, '2024-04-02 18:47:26', 0, 0);
INSERT INTO `base_dict` VALUES (1775122632706805760, 'AllocationRelationType', '分账关系类型', b'1', '支付', '', 1399985191002447872, '2024-04-02 19:26:30', 1399985191002447872, '2024-04-02 19:26:30', 0, 0);
INSERT INTO `base_dict` VALUES (1777697358802530304, 'AllocationOrderStatus', '分账状态', b'1', '支付', '', 1399985191002447872, '2024-04-09 21:57:33', 1399985191002447872, '2024-04-16 19:09:18', 0, 1);
INSERT INTO `base_dict` VALUES (1780163691808391168, 'AllocationDetailResult', '支付分账明细处理结果', b'1', '支付', '', 1399985191002447872, '2024-04-16 17:17:53', 1399985191002447872, '2024-04-16 17:23:37', 0, 2);
INSERT INTO `base_dict` VALUES (1780165499633106944, 'AllocationOrderResult', '支付分账订单处理结果', b'1', '支付', '', 1399985191002447872, '2024-04-16 17:25:04', 1399985191002447872, '2024-04-16 17:25:04', 0, 0);
INSERT INTO `base_dict` VALUES (1780165929528295424, 'PayOrderAllocationStatus', '支付订单分账状态', b'1', '支付', '', 1399985191002447872, '2024-04-16 17:26:46', 1399985191002447872, '2024-04-16 17:26:46', 0, 0);
INSERT INTO `base_dict` VALUES (1786399552686465024, 'ReconcileResult', '对账结果', b'1', '支付', '', 1399985191002447872, '2024-05-03 22:16:58', 1399985191002447872, '2024-05-03 22:16:58', 0, 0);

-- ----------------------------
-- Table structure for base_dict_item
-- ----------------------------
DROP TABLE IF EXISTS `base_dict_item`;
CREATE TABLE `base_dict_item`  (
  `id` bigint(20) NOT NULL,
  `dict_id` bigint(20) NOT NULL COMMENT '字典id',
  `dict_code` varchar(255) CHARACTER SET utf8mb4 COLLATE utf8mb4_unicode_ci NOT NULL COMMENT '字典code',
  `code` varchar(255) CHARACTER SET utf8mb4 COLLATE utf8mb4_unicode_ci NOT NULL COMMENT '字典项code',
  `name` varchar(100) CHARACTER SET utf8mb4 COLLATE utf8mb4_unicode_ci NOT NULL COMMENT '字典项名称',
  `enable` bit(1) NOT NULL DEFAULT b'1' COMMENT '启用状态',
  `sort_no` double(8, 2) NOT NULL COMMENT '排序',
  `remark` varchar(255) CHARACTER SET utf8mb4 COLLATE utf8mb4_unicode_ci NULL DEFAULT NULL COMMENT '备注',
  `creator` bigint(20) NULL DEFAULT NULL COMMENT '创建人',
  `create_time` datetime NULL DEFAULT NULL COMMENT '创建时间',
  `last_modifier` bigint(20) NULL DEFAULT NULL COMMENT '更新人',
  `last_modified_time` datetime NULL DEFAULT NULL COMMENT '更新时间',
  `deleted` tinyint(1) NOT NULL DEFAULT 0 COMMENT '0:未删除。1:已删除',
  `version` int(8) NOT NULL COMMENT '版本',
  PRIMARY KEY (`id`) USING BTREE,
  INDEX `idx_dictionary_id`(`dict_id`) USING BTREE
) ENGINE = InnoDB CHARACTER SET = utf8mb4 COLLATE = utf8mb4_unicode_ci COMMENT = '字典项' ROW_FORMAT = DYNAMIC;

-- ----------------------------
-- Records of base_dict_item
-- ----------------------------
INSERT INTO `base_dict_item` VALUES (1422931375807242241, 1422929378374828033, 'Sex', '1', '男', b'1', 0.00, '男性', 0, '2021-08-04 22:44:11', 0, '2021-08-04 22:44:11', 0, 2);
INSERT INTO `base_dict_item` VALUES (1425729455402401794, 1422929378374828033, 'Sex', '2', '女', b'1', 0.00, '女性', 0, '2021-08-12 16:02:46', 0, '2021-08-12 16:02:46', 0, 1);
INSERT INTO `base_dict_item` VALUES (1425744258544136194, 1425744045414772737, 'MenuType', '0', '顶级菜单', b'1', 0.00, '顶级菜单', 0, '2021-08-12 17:01:35', 0, '2021-08-12 17:01:35', 0, 0);
INSERT INTO `base_dict_item` VALUES (1425744436592340993, 1425744045414772737, 'MenuType', '1', '子菜单', b'1', 0.00, '子菜单', 0, '2021-08-12 17:02:17', 0, '2021-08-12 17:02:17', 0, 0);
INSERT INTO `base_dict_item` VALUES (1425744470582980610, 1425744045414772737, 'MenuType', '2', '按钮权限', b'1', 0.00, '按钮权限', 0, '2021-08-12 17:02:26', 0, '2021-08-12 17:02:26', 0, 0);
INSERT INTO `base_dict_item` VALUES (1430094707250413568, 1422929378374828033, 'Sex', '0', '未知', b'1', 0.00, '不确定性别', 1399985191002447872, '2021-08-24 17:08:43', 1399985191002447872, '2021-08-24 17:08:43', 0, 0);
INSERT INTO `base_dict_item` VALUES (1435830086406463488, 1435829999592759296, 'UserStatusCode', 'normal', '正常', b'1', 0.00, 'NORMAL', 1399985191002447872, '2021-09-09 12:59:04', 1399985191002447872, '2023-11-25 15:32:04', 0, 1);
INSERT INTO `base_dict_item` VALUES (1435830141855162368, 1435829999592759296, 'UserStatusCode', 'lock', '锁定', b'1', 0.00, 'LOCK, 多次登录失败被锁定', 1399985191002447872, '2021-09-09 12:59:17', 1399985191002447872, '2023-11-25 15:32:14', 0, 2);
INSERT INTO `base_dict_item` VALUES (1435830260503633920, 1435829999592759296, 'UserStatusCode', 'ban', '封禁', b'1', 0.00, 'BAN', 1399985191002447872, '2021-09-09 12:59:45', 1399985191002447872, '2023-11-25 15:32:20', 0, 1);
INSERT INTO `base_dict_item` VALUES (1435838374749626368, 1435838066191458304, 'LogBusinessType', 'other', '其它', b'1', 0.00, '', 1399985191002447872, '2021-09-09 13:32:00', 1399985191002447872, '2021-09-09 13:32:00', 0, 0);
INSERT INTO `base_dict_item` VALUES (1435838414436130816, 1435838066191458304, 'LogBusinessType', 'insert', '新增', b'1', 0.00, '', 1399985191002447872, '2021-09-09 13:32:09', 1399985191002447872, '2021-09-09 13:32:09', 0, 0);
INSERT INTO `base_dict_item` VALUES (1435838467624099840, 1435838066191458304, 'LogBusinessType', 'update', '修改', b'1', 0.00, '', 1399985191002447872, '2021-09-09 13:32:22', 1399985191002447872, '2021-09-09 13:32:22', 0, 0);
INSERT INTO `base_dict_item` VALUES (1435838502755590144, 1435838066191458304, 'LogBusinessType', 'delete', '删除', b'1', 0.00, '', 1399985191002447872, '2021-09-09 13:32:30', 1399985191002447872, '2021-09-09 13:32:30', 0, 0);
INSERT INTO `base_dict_item` VALUES (1435838546934194176, 1435838066191458304, 'LogBusinessType', 'grant', '授权', b'1', 0.00, '', 1399985191002447872, '2021-09-09 13:32:41', 1399985191002447872, '2021-09-09 13:32:41', 0, 0);
INSERT INTO `base_dict_item` VALUES (1435838605537009664, 1435838066191458304, 'LogBusinessType', 'export', '导出', b'1', 0.00, '', 1399985191002447872, '2021-09-09 13:32:55', 1399985191002447872, '2021-09-09 13:32:55', 0, 0);
INSERT INTO `base_dict_item` VALUES (1435838705457913856, 1435838066191458304, 'LogBusinessType', 'import', '导入', b'1', 0.00, '', 1399985191002447872, '2021-09-09 13:33:19', 1399985191002447872, '2021-09-09 13:33:19', 0, 0);
INSERT INTO `base_dict_item` VALUES (1435838745861644288, 1435838066191458304, 'LogBusinessType', 'force', '强退', b'1', 0.00, '', 1399985191002447872, '2021-09-09 13:33:28', 1399985191002447872, '2021-09-09 13:33:28', 0, 0);
INSERT INTO `base_dict_item` VALUES (1435838786273763328, 1435838066191458304, 'LogBusinessType', 'clean', '清空数据', b'1', 0.00, '', 1399985191002447872, '2021-09-09 13:33:38', 1399985191002447872, '2021-09-09 13:33:38', 0, 0);
INSERT INTO `base_dict_item` VALUES (1438079113630003200, 1438078864509317120, 'MailSecurityCode', '1', '普通方式', b'1', 0.00, 'SECURITY_TYPE_PLAIN', 1399985191002447872, '2021-09-15 17:55:54', 1399985191002447872, '2021-09-15 17:55:54', 0, 0);
INSERT INTO `base_dict_item` VALUES (1438080323061755904, 1438078864509317120, 'MailSecurityCode', '2', 'TLS方式', b'1', 0.00, 'SECURITY_TYPE_TLS', 1399985191002447872, '2021-09-15 18:00:42', 1399985191002447872, '2021-09-15 18:00:42', 0, 0);
INSERT INTO `base_dict_item` VALUES (1438080372231581696, 1438078864509317120, 'MailSecurityCode', '3', 'SSL方式', b'1', 0.00, 'SECURITY_TYPE_SSL', 1399985191002447872, '2021-09-15 18:00:54', 1399985191002447872, '2021-09-15 18:00:54', 0, 0);
INSERT INTO `base_dict_item` VALUES (1439961603914047488, 1439961232651034624, 'MessageTemplateCode', '5', '微信', b'1', -10.00, 'WECHAT', 1399985191002447872, '2021-09-20 22:36:14', 1399985191002447872, '2021-09-20 22:36:14', 0, 1);
INSERT INTO `base_dict_item` VALUES (1439961704321490944, 1439961232651034624, 'MessageTemplateCode', '4', 'Email', b'1', 0.00, 'EMAIL', 1399985191002447872, '2021-09-20 22:36:38', 1399985191002447872, '2021-09-20 22:36:38', 0, 0);
INSERT INTO `base_dict_item` VALUES (1439962132744478720, 1439961232651034624, 'MessageTemplateCode', '3', '短信', b'1', 0.00, 'SMS', 1399985191002447872, '2021-09-20 22:38:20', 1399985191002447872, '2021-09-20 22:38:20', 0, 0);
INSERT INTO `base_dict_item` VALUES (1439962205578567680, 1439961232651034624, 'MessageTemplateCode', '2', '钉钉机器人', b'1', 0.00, 'DING_TALK_ROBOT', 1399985191002447872, '2021-09-20 22:38:38', 1399985191002447872, '2021-09-20 22:38:38', 0, 0);
INSERT INTO `base_dict_item` VALUES (1439962267511660544, 1439961232651034624, 'MessageTemplateCode', '1', '钉钉', b'1', 0.00, 'DING_TALK', 1399985191002447872, '2021-09-20 22:38:52', 1399985191002447872, '2021-09-20 22:38:52', 0, 0);
INSERT INTO `base_dict_item` VALUES (1452836696873984000, 1452836604783845376, 'SocialType', 'WeChat', '微信', b'1', 0.00, '', 1399985191002447872, '2021-10-26 11:17:16', 1399985191002447872, '2021-10-26 11:17:16', 0, 0);
INSERT INTO `base_dict_item` VALUES (1452837435482529792, 1452836604783845376, 'SocialType', 'QQ', 'QQ', b'1', 0.00, '', 1399985191002447872, '2021-10-26 11:20:12', 1399985191002447872, '2021-10-26 11:20:12', 0, 0);
INSERT INTO `base_dict_item` VALUES (1452837523030237184, 1452836604783845376, 'SocialType', 'DingTalk', '钉钉', b'1', 0.00, '', 1399985191002447872, '2021-10-26 11:20:33', 1399985191002447872, '2021-10-26 11:20:33', 0, 0);
INSERT INTO `base_dict_item` VALUES (1452844537911406592, 1452843488735621120, 'ParamType', '1', '系统参数', b'1', 0.00, '', 1399985191002447872, '2021-10-26 11:48:25', 1399985191002447872, '2021-10-26 11:48:25', 0, 0);
INSERT INTO `base_dict_item` VALUES (1452844565031776256, 1452843488735621120, 'ParamType', '2', '用户参数', b'1', 0.00, '', 1399985191002447872, '2021-10-26 11:48:32', 1399985191002447872, '2021-10-26 11:48:32', 0, 2);
INSERT INTO `base_dict_item` VALUES (1496026946344005632, 1496024933900169216, 'Political', '1', '中共党员', b'1', 1.00, '', 1399985191002447872, '2022-02-22 15:39:54', 1399985191002447872, '2022-02-22 15:39:54', 0, 0);
INSERT INTO `base_dict_item` VALUES (1496027004560945152, 1496024933900169216, 'Political', '2', '中共预备党员', b'1', 2.00, '', 1399985191002447872, '2022-02-22 15:40:07', 1399985191002447872, '2022-02-22 15:40:07', 0, 0);
INSERT INTO `base_dict_item` VALUES (1496027039264616448, 1496024933900169216, 'Political', '3', '共青团员', b'1', 3.00, '', 1399985191002447872, '2022-02-22 15:40:16', 1399985191002447872, '2022-02-22 15:40:16', 0, 0);
INSERT INTO `base_dict_item` VALUES (1496027077550223360, 1496024933900169216, 'Political', '4', '民革党员', b'1', 4.00, '', 1399985191002447872, '2022-02-22 15:40:25', 1399985191002447872, '2022-02-22 15:40:25', 0, 0);
INSERT INTO `base_dict_item` VALUES (1496027123461074944, 1496024933900169216, 'Political', '5', '民盟盟员', b'1', 5.00, '', 1399985191002447872, '2022-02-22 15:40:36', 1399985191002447872, '2022-02-22 15:40:36', 0, 0);
INSERT INTO `base_dict_item` VALUES (1496027197566038016, 1496024933900169216, 'Political', '6', '民建会员', b'1', 6.00, '', 1399985191002447872, '2022-02-22 15:40:53', 1399985191002447872, '2022-02-22 15:40:53', 0, 0);
INSERT INTO `base_dict_item` VALUES (1496027234803068928, 1496024933900169216, 'Political', '7', '民进会员', b'1', 7.00, '', 1399985191002447872, '2022-02-22 15:41:02', 1399985191002447872, '2022-02-22 15:41:02', 0, 0);
INSERT INTO `base_dict_item` VALUES (1496027272941875200, 1496024933900169216, 'Political', '8', '农工党党员', b'1', 8.00, '', 1399985191002447872, '2022-02-22 15:41:11', 1399985191002447872, '2022-02-22 15:41:11', 0, 0);
INSERT INTO `base_dict_item` VALUES (1496027306634719232, 1496024933900169216, 'Political', '9', '致公党党员', b'1', 9.00, '', 1399985191002447872, '2022-02-22 15:41:19', 1399985191002447872, '2022-02-22 15:41:19', 0, 0);
INSERT INTO `base_dict_item` VALUES (1496027369796743168, 1496024933900169216, 'Political', '10', '九三学社社员', b'1', 10.00, '', 1399985191002447872, '2022-02-22 15:41:34', 1399985191002447872, '2022-02-22 15:41:35', 0, 0);
INSERT INTO `base_dict_item` VALUES (1496027408141070336, 1496024933900169216, 'Political', '11', '台盟盟员', b'1', 11.00, '', 1399985191002447872, '2022-02-22 15:41:44', 1399985191002447872, '2022-02-22 15:41:44', 0, 0);
INSERT INTO `base_dict_item` VALUES (1496027456849522688, 1496024933900169216, 'Political', '12', '无党派人士', b'1', 12.00, '', 1399985191002447872, '2022-02-22 15:41:55', 1399985191002447872, '2022-02-22 15:41:55', 0, 0);
INSERT INTO `base_dict_item` VALUES (1496027516639326208, 1496024933900169216, 'Political', '13', '群众', b'1', 13.00, '', 1399985191002447872, '2022-02-22 15:42:09', 1399985191002447872, '2022-02-22 15:42:10', 0, 0);
INSERT INTO `base_dict_item` VALUES (1561003368762032128, 1561003021674987520, 'SiteMessageReceive', 'user', '指定用户', b'1', 0.00, '', 1399985191002447872, '2022-08-20 22:53:00', 1399985191002447872, '2022-08-20 22:53:00', 0, 0);
INSERT INTO `base_dict_item` VALUES (1561003399778910208, 1561003021674987520, 'SiteMessageReceive', 'all', '全部用户', b'1', 0.00, '', 1399985191002447872, '2022-08-20 22:53:07', 1399985191002447872, '2022-08-20 22:53:24', 0, 1);
INSERT INTO `base_dict_item` VALUES (1561003539772194816, 1561003189111603200, 'SiteMessageState', 'sent', '已发送', b'1', 0.00, '', 1399985191002447872, '2022-08-20 22:53:41', 1399985191002447872, '2022-08-20 22:53:41', 0, 0);
INSERT INTO `base_dict_item` VALUES (1561003575608328192, 1561003189111603200, 'SiteMessageState', 'cancel', '撤销', b'1', 0.00, '', 1399985191002447872, '2022-08-20 22:53:49', 1399985191002447872, '2022-08-20 22:53:49', 0, 0);
INSERT INTO `base_dict_item` VALUES (1561245469535080448, 1561003189111603200, 'SiteMessageState', 'draft', '草稿', b'1', 0.00, '', 1399985191002447872, '2022-08-21 14:55:01', 1399985191002447872, '2022-08-21 14:55:01', 0, 0);
INSERT INTO `base_dict_item` VALUES (1573665422392098816, 1439961232651034624, 'MessageTemplateCode', '0', '站内信', b'1', -11.00, 'SITE', 1399985191002447872, '2022-09-24 21:27:29', 1399985191002447872, '2022-09-24 21:27:39', 0, 1);
INSERT INTO `base_dict_item` VALUES (1589528254477488128, 1589527951317389312, 'DataScopePerm', 'self_dept_sub', '所在及下级部门', b'1', 0.00, '', 1414143554414059520, '2022-11-07 16:00:43', 1399985191002447872, '2023-11-28 23:16:02', 0, 2);
INSERT INTO `base_dict_item` VALUES (1589528283539820544, 1589527951317389312, 'DataScopePerm', 'self_dept', '所在部门', b'1', 0.00, '', 1414143554414059520, '2022-11-07 16:00:49', 1399985191002447872, '2023-11-28 23:15:52', 0, 2);
INSERT INTO `base_dict_item` VALUES (1589528315672383488, 1589527951317389312, 'DataScopePerm', 'all', '全部数据', b'1', 0.00, '', 1414143554414059520, '2022-11-07 16:00:57', 1399985191002447872, '2023-11-25 22:51:28', 0, 1);
INSERT INTO `base_dict_item` VALUES (1589528340267782144, 1589527951317389312, 'DataScopePerm', 'dept_and_user', '自定义部门和用户', b'1', 0.00, '', 1414143554414059520, '2022-11-07 16:01:03', 1399985191002447872, '2023-11-29 15:25:01', 0, 3);
INSERT INTO `base_dict_item` VALUES (1589528367228768256, 1589527951317389312, 'DataScopePerm', 'dept', '自定义部门', b'1', 0.00, '', 1414143554414059520, '2022-11-07 16:01:09', 1399985191002447872, '2023-11-29 15:24:47', 0, 2);
INSERT INTO `base_dict_item` VALUES (1589528393292173312, 1589527951317389312, 'DataScopePerm', 'user', '指定用户', b'1', 0.00, '', 1414143554414059520, '2022-11-07 16:01:16', 1399985191002447872, '2023-11-29 15:25:16', 0, 2);
INSERT INTO `base_dict_item` VALUES (1589528423956729856, 1589527951317389312, 'DataScopePerm', 'self', '自身数据', b'1', 0.00, '', 1414143554414059520, '2022-11-07 16:01:23', 1399985191002447872, '2023-11-25 22:50:41', 0, 1);
INSERT INTO `base_dict_item` VALUES (1633403429028536320, 1633393287952257024, 'DatabaseType', 'mysql', 'MySQL', b'1', 1.00, '', 1414143554414059520, '2023-03-08 17:44:59', 1414143554414059520, '2023-03-08 17:44:59', 0, 0);
INSERT INTO `base_dict_item` VALUES (1633403459470794752, 1633393287952257024, 'DatabaseType', 'oracle', 'Oracle', b'1', 2.00, '', 1414143554414059520, '2023-03-08 17:45:07', 1414143554414059520, '2023-03-08 17:45:07', 0, 0);
INSERT INTO `base_dict_item` VALUES (1633403498695925760, 1633393287952257024, 'DatabaseType', 'mssql', 'SQLServer', b'1', 3.00, '', 1414143554414059520, '2023-03-08 17:45:16', 1414143554414059520, '2023-03-08 17:45:16', 0, 0);
INSERT INTO `base_dict_item` VALUES (1688742732891111424, 1688742690398617600, 'SmsChannel', 'alibaba', '阿里云', b'1', 0.00, '', 1414143554414059520, '2023-08-08 10:43:38', 1414143554414059520, '2023-08-08 10:43:38', 0, 0);
INSERT INTO `base_dict_item` VALUES (1688742768479780864, 1688742690398617600, 'SmsChannel', 'huawei', '华为云', b'1', 0.00, '', 1414143554414059520, '2023-08-08 10:43:46', 1414143554414059520, '2023-08-08 10:43:46', 0, 0);
INSERT INTO `base_dict_item` VALUES (1688742808027873280, 1688742690398617600, 'SmsChannel', 'yunpian', '云片', b'1', 0.00, '', 1414143554414059520, '2023-08-08 10:43:55', 1414143554414059520, '2023-08-08 10:43:56', 0, 0);
INSERT INTO `base_dict_item` VALUES (1688742840626003968, 1688742690398617600, 'SmsChannel', 'tencent', '腾讯云', b'1', 0.00, '', 1414143554414059520, '2023-08-08 10:44:03', 1414143554414059520, '2023-08-08 10:44:03', 0, 0);
INSERT INTO `base_dict_item` VALUES (1688742872506908672, 1688742690398617600, 'SmsChannel', 'uni_sms', '合一短信', b'1', 0.00, '', 1414143554414059520, '2023-08-08 10:44:11', 1414143554414059520, '2023-08-08 10:44:11', 0, 0);
INSERT INTO `base_dict_item` VALUES (1688742905553829888, 1688742690398617600, 'SmsChannel', 'jd_cloud', '京东云', b'1', 0.00, '', 1414143554414059520, '2023-08-08 10:44:19', 1414143554414059520, '2023-08-08 10:44:19', 0, 0);
INSERT INTO `base_dict_item` VALUES (1688742954715267072, 1688742690398617600, 'SmsChannel', 'cloopen', '容联云', b'1', 0.00, '', 1414143554414059520, '2023-08-08 10:44:30', 1414143554414059520, '2023-08-08 10:44:30', 0, 0);
INSERT INTO `base_dict_item` VALUES (1688742990446542848, 1688742690398617600, 'SmsChannel', 'emay', '亿美软通', b'1', 0.00, '', 1414143554414059520, '2023-08-08 10:44:39', 1414143554414059520, '2023-08-08 10:44:39', 0, 0);
INSERT INTO `base_dict_item` VALUES (1688743032297308160, 1688742690398617600, 'SmsChannel', 'ctyun', '天翼云', b'1', 0.00, '', 1414143554414059520, '2023-08-08 10:44:49', 1414143554414059520, '2023-08-08 10:44:49', 0, 0);
INSERT INTO `base_dict_item` VALUES (1688743065205817344, 1688742690398617600, 'SmsChannel', 'netease', '网易云信', b'1', 0.00, '', 1414143554414059520, '2023-08-08 10:44:57', 1414143554414059520, '2023-08-08 10:44:57', 0, 0);
INSERT INTO `base_dict_item` VALUES (1690338619024437248, 1690338321769918464, 'GeneralTemplateUseType', 'import', '导入', b'1', 0.00, '', 1414143554414059520, '2023-08-12 20:25:06', 1414143554414059520, '2023-08-12 20:25:06', 0, 0);
INSERT INTO `base_dict_item` VALUES (1690338653442895872, 1690338321769918464, 'GeneralTemplateUseType', 'export', '导出', b'1', 0.00, '', 1414143554414059520, '2023-08-12 20:25:15', 1414143554414059520, '2023-08-12 20:25:15', 0, 0);
INSERT INTO `base_dict_item` VALUES (1690338707129987072, 1690338545284378624, 'GeneralTemplateState', 'enable', '启用', b'1', 0.00, '', 1414143554414059520, '2023-08-12 20:25:27', 1414143554414059520, '2023-08-12 20:25:27', 0, 0);
INSERT INTO `base_dict_item` VALUES (1690338748032839680, 1690338545284378624, 'GeneralTemplateState', 'disable', '停用', b'1', 0.00, '', 1414143554414059520, '2023-08-12 20:25:37', 1414143554414059520, '2023-08-12 20:25:37', 0, 0);
INSERT INTO `base_dict_item` VALUES (1729519341702086656, 1589527951317389312, 'DataScopePerm', 'dept_sub', '指定部门及下级部门', b'1', 0.00, '', 1399985191002447872, '2023-11-28 23:15:19', 1399985191002447872, '2023-11-28 23:15:19', 0, 0);
INSERT INTO `base_dict_item` VALUES (1744997130102317056, 1744996845355212800, 'PayChannel', 'ali_pay', '支付宝', b'1', 1.00, '', 1399985191002447872, '2024-01-10 16:18:31', 1399985191002447872, '2024-01-10 16:18:31', 0, 0);
INSERT INTO `base_dict_item` VALUES (1744997169239367680, 1744996845355212800, 'PayChannel', 'wechat_pay', '微信支付', b'1', 2.00, '', 1399985191002447872, '2024-01-10 16:18:40', 1399985191002447872, '2024-01-10 16:18:40', 0, 0);
INSERT INTO `base_dict_item` VALUES (1744997213623492608, 1744996845355212800, 'PayChannel', 'union_pay', '云闪付', b'1', 3.00, '', 1399985191002447872, '2024-01-10 16:18:51', 1399985191002447872, '2024-01-10 16:18:51', 0, 0);
INSERT INTO `base_dict_item` VALUES (1744997258951335936, 1744996845355212800, 'PayChannel', 'cash_pay', '现金支付', b'1', 4.00, '', 1399985191002447872, '2024-01-10 16:19:02', 1399985191002447872, '2024-05-02 12:39:33', 1, 0);
INSERT INTO `base_dict_item` VALUES (1744997315557662720, 1744996845355212800, 'PayChannel', 'wallet_pay', '钱包支付', b'1', 5.00, '', 1399985191002447872, '2024-01-10 16:19:15', 1399985191002447872, '2024-01-10 16:19:15', 0, 0);
INSERT INTO `base_dict_item` VALUES (1744997364404527104, 1744996845355212800, 'PayChannel', 'voucher_pay', '储值卡支付', b'1', 6.00, '', 1399985191002447872, '2024-01-10 16:19:27', 1399985191002447872, '2024-05-02 12:39:29', 1, 0);
INSERT INTO `base_dict_item` VALUES (1744997501033979904, 1744996913667842048, 'PayStatus', 'progress', '支付中', b'1', 1.00, '', 1399985191002447872, '2024-01-10 16:19:59', 1399985191002447872, '2024-01-10 16:19:59', 0, 0);
INSERT INTO `base_dict_item` VALUES (1744997541811003392, 1744996913667842048, 'PayStatus', 'success', '成功', b'1', 2.00, '', 1399985191002447872, '2024-01-10 16:20:09', 1399985191002447872, '2024-01-10 16:20:09', 0, 0);
INSERT INTO `base_dict_item` VALUES (1744997578863484928, 1744996913667842048, 'PayStatus', 'close', '支付关闭', b'1', 3.00, '', 1399985191002447872, '2024-01-10 16:20:18', 1399985191002447872, '2024-01-10 16:20:18', 0, 0);
INSERT INTO `base_dict_item` VALUES (1744997619665674240, 1744996913667842048, 'PayStatus', 'fail', '失败', b'1', 7.00, '', 1399985191002447872, '2024-01-10 16:20:28', 1399985191002447872, '2024-01-27 00:52:05', 0, 1);
INSERT INTO `base_dict_item` VALUES (1744997658735616000, 1744996913667842048, 'PayStatus', 'partial_refund', '部分退款', b'1', 5.00, '', 1399985191002447872, '2024-01-10 16:20:37', 1399985191002447872, '2024-01-10 16:20:44', 0, 1);
INSERT INTO `base_dict_item` VALUES (1744997746321072128, 1744996913667842048, 'PayStatus', 'refunded', '全部退款', b'1', 6.00, '', 1399985191002447872, '2024-01-10 16:20:58', 1399985191002447872, '2024-01-10 16:20:58', 0, 0);
INSERT INTO `base_dict_item` VALUES (1745085949967278080, 1744996611615039488, 'AsyncPayChannel', 'ali_pay', '支付宝', b'1', 1.00, '', 1399985191002447872, '2024-01-10 22:11:27', 1399985191002447872, '2024-01-10 22:11:27', 0, 0);
INSERT INTO `base_dict_item` VALUES (1745085991767711744, 1744996611615039488, 'AsyncPayChannel', 'wechat_pay', '微信支付', b'1', 2.00, '', 1399985191002447872, '2024-01-10 22:11:37', 1399985191002447872, '2024-01-10 22:11:37', 0, 0);
INSERT INTO `base_dict_item` VALUES (1745086048852189184, 1744996611615039488, 'AsyncPayChannel', 'union_pay', '云闪付', b'1', 3.00, '', 1399985191002447872, '2024-01-10 22:11:51', 1399985191002447872, '2024-01-11 00:13:03', 0, 1);
INSERT INTO `base_dict_item` VALUES (1745086902929924096, 1745086859116224512, 'PayMethod', 'normal', '常规支付', b'1', 1.00, '', 1399985191002447872, '2024-01-10 22:15:14', 1399985191002447872, '2024-01-10 22:15:26', 0, 1);
INSERT INTO `base_dict_item` VALUES (1745086940036931584, 1745086859116224512, 'PayMethod', 'wap', 'wap支付', b'1', 2.00, '', 1399985191002447872, '2024-01-10 22:15:23', 1399985191002447872, '2024-01-10 22:15:23', 0, 0);
INSERT INTO `base_dict_item` VALUES (1745087004062982144, 1745086859116224512, 'PayMethod', 'app', '应用支付', b'1', 3.00, '', 1399985191002447872, '2024-01-10 22:15:39', 1399985191002447872, '2024-01-10 22:15:39', 0, 0);
INSERT INTO `base_dict_item` VALUES (1745087058194669568, 1745086859116224512, 'PayMethod', 'web', 'web支付', b'1', 4.00, '', 1399985191002447872, '2024-01-10 22:15:51', 1399985191002447872, '2024-01-10 22:15:51', 0, 0);
INSERT INTO `base_dict_item` VALUES (1745087104050995200, 1745086859116224512, 'PayMethod', 'qrcode', '扫码支付', b'1', 5.00, '', 1399985191002447872, '2024-01-10 22:16:02', 1399985191002447872, '2024-01-10 22:16:02', 0, 0);
INSERT INTO `base_dict_item` VALUES (1745087163324899328, 1745086859116224512, 'PayMethod', 'barcode', '付款码', b'1', 6.00, '', 1399985191002447872, '2024-01-10 22:16:17', 1399985191002447872, '2024-01-10 22:16:17', 0, 0);
INSERT INTO `base_dict_item` VALUES (1745087221629919232, 1745086859116224512, 'PayMethod', 'jsapi', '公众号/小程序支付', b'1', 7.00, '', 1399985191002447872, '2024-01-10 22:16:30', 1399985191002447872, '2024-01-10 22:16:37', 0, 1);
INSERT INTO `base_dict_item` VALUES (1745109413893656576, 1745109350333173760, 'PayCallbackStatus', 'success', '成功', b'1', 1.00, '', 1399985191002447872, '2024-01-10 23:44:41', 1399985191002447872, '2024-01-10 23:44:41', 0, 0);
INSERT INTO `base_dict_item` VALUES (1745109449050312704, 1745109350333173760, 'PayCallbackStatus', 'fail', '失败', b'1', 2.00, '', 1399985191002447872, '2024-01-10 23:44:50', 1399985191002447872, '2024-01-10 23:44:50', 0, 0);
INSERT INTO `base_dict_item` VALUES (1745109487289782272, 1745109350333173760, 'PayCallbackStatus', 'ignore', '忽略', b'1', 3.00, '', 1399985191002447872, '2024-01-10 23:44:59', 1399985191002447872, '2024-01-10 23:44:59', 0, 0);
INSERT INTO `base_dict_item` VALUES (1745109526477164544, 1745109350333173760, 'PayCallbackStatus', 'exception', '异常', b'1', 4.00, '', 1399985191002447872, '2024-01-10 23:45:08', 1399985191002447872, '2024-02-01 22:14:52', 0, 1);
INSERT INTO `base_dict_item` VALUES (1745109571771453440, 1745109350333173760, 'PayCallbackStatus', 'not_found', '未找到', b'1', 5.00, '', 1399985191002447872, '2024-01-10 23:45:19', 1399985191002447872, '2024-01-10 23:45:19', 0, 0);
INSERT INTO `base_dict_item` VALUES (1745129035573465088, 1745128986382667776, 'PayRepairSource', 'sync', '同步', b'1', 1.00, '', 1399985191002447872, '2024-01-11 01:02:40', 1399985191002447872, '2024-01-11 01:02:40', 0, 0);
INSERT INTO `base_dict_item` VALUES (1745133530906857472, 1745128986382667776, 'PayRepairSource', 'callback', '回调', b'1', 2.00, '', 1399985191002447872, '2024-01-11 01:20:31', 1399985191002447872, '2024-01-11 01:20:31', 0, 0);
INSERT INTO `base_dict_item` VALUES (1745133583939637248, 1745128986382667776, 'PayRepairSource', 'reconcile', '对账', b'1', 3.00, '', 1399985191002447872, '2024-01-11 01:20:44', 1399985191002447872, '2024-01-11 01:20:44', 0, 0);
INSERT INTO `base_dict_item` VALUES (1745134495319953408, 1745134438772346880, 'PayRepairWay', 'pay_success', '支付成功', b'1', 1.00, '', 1399985191002447872, '2024-01-11 01:24:21', 1399985191002447872, '2024-02-01 21:29:32', 0, 1);
INSERT INTO `base_dict_item` VALUES (1745134589926674432, 1745134438772346880, 'PayRepairWay', 'pay_close_local', '关闭本地支付', b'1', 2.00, '', 1399985191002447872, '2024-01-11 01:24:44', 1399985191002447872, '2024-02-01 21:29:36', 0, 1);
INSERT INTO `base_dict_item` VALUES (1745134628447162368, 1745134438772346880, 'PayRepairWay', 'pay_progress', '更改为支付中', b'1', 3.00, '', 1399985191002447872, '2024-01-11 01:24:53', 1399985191002447872, '2024-02-01 22:02:53', 0, 2);
INSERT INTO `base_dict_item` VALUES (1745134664807583744, 1745134438772346880, 'PayRepairWay', 'pay_close_gateway', '关闭网关支付', b'1', 4.00, '', 1399985191002447872, '2024-01-11 01:25:02', 1399985191002447872, '2024-02-01 21:29:43', 0, 1);
INSERT INTO `base_dict_item` VALUES (1745134703416152064, 1745134438772346880, 'PayRepairWay', 'refund', '退款', b'1', 5.00, '', 1399985191002447872, '2024-01-11 01:25:11', 1399985191002447872, '2024-01-28 21:55:55', 1, 1);
INSERT INTO `base_dict_item` VALUES (1745748239158845440, 1745748188122554368, 'RefundStatus', 'success', '成功', b'1', 1.00, '', 1399985191002447872, '2024-01-12 18:03:09', 1399985191002447872, '2024-01-12 18:03:09', 0, 0);
INSERT INTO `base_dict_item` VALUES (1745748274525216768, 1745748188122554368, 'RefundStatus', 'fail', '失败', b'1', 3.00, '', 1399985191002447872, '2024-01-12 18:03:18', 1399985191002447872, '2024-01-27 00:51:02', 0, 1);
INSERT INTO `base_dict_item` VALUES (1746208700446683136, 1746208645341917184, 'PaySyncStatus', 'pay_fail', '支付查询失败', b'1', 1.00, '', 1399985191002447872, '2024-01-14 00:32:52', 1399985191002447872, '2024-02-01 21:59:17', 0, 1);
INSERT INTO `base_dict_item` VALUES (1746208760488144896, 1746208645341917184, 'PaySyncStatus', 'pay_success', '支付成功', b'1', 2.00, '', 1399985191002447872, '2024-01-14 00:33:06', 1399985191002447872, '2024-02-01 21:59:23', 0, 1);
INSERT INTO `base_dict_item` VALUES (1746208802531848192, 1746208645341917184, 'PaySyncStatus', 'pay_progress', '支付中', b'1', 3.00, '', 1399985191002447872, '2024-01-14 00:33:16', 1399985191002447872, '2024-02-01 21:59:33', 0, 1);
INSERT INTO `base_dict_item` VALUES (1746208853882712064, 1746208645341917184, 'PaySyncStatus', 'pay_closed', '支付已关闭', b'1', 4.00, '', 1399985191002447872, '2024-01-14 00:33:28', 1399985191002447872, '2024-02-01 21:59:43', 0, 1);
INSERT INTO `base_dict_item` VALUES (1746208898396860416, 1746208645341917184, 'PaySyncStatus', 'pay_refund', '支付退款', b'1', 5.00, '', 1399985191002447872, '2024-01-14 00:33:39', 1399985191002447872, '2024-02-01 21:59:53', 0, 2);
INSERT INTO `base_dict_item` VALUES (1746208959721779200, 1746208645341917184, 'PaySyncStatus', 'pay_not_found', '交易不存在', b'1', 6.00, '', 1399985191002447872, '2024-01-14 00:33:54', 1399985191002447872, '2024-02-01 22:00:05', 0, 2);
INSERT INTO `base_dict_item` VALUES (1746224281904455680, 1746208645341917184, 'PaySyncStatus', 'pay_not_found_unknown', '交易不存在(特殊)', b'1', 7.00, '未查询到订单(具体类型未知), 区别于上面的未查询到订单，有些支付方式如支付宝，发起支付后并不能查询到订单，需要用户进行操作后才能查询到订单，所以查询为了区分，增加一个未知的状态, 用于处理这种特殊情况, 然后根据业务需要，关闭订单或者进行其他操作', 1399985191002447872, '2024-01-14 01:34:47', 1399985191002447872, '2024-02-01 22:00:13', 0, 2);
INSERT INTO `base_dict_item` VALUES (1746224432131842048, 1746208645341917184, 'PaySyncStatus', 'pay_timeout', '支付超时', b'1', 8.00, '', 1399985191002447872, '2024-01-14 01:35:23', 1399985191002447872, '2024-02-01 22:00:30', 0, 2);
INSERT INTO `base_dict_item` VALUES (1749612708363186176, 1749612665392541696, 'ReconcileTrade', 'pay', '支付', b'1', 1.00, '', 1399985191002447872, '2024-01-23 09:59:11', 1399985191002447872, '2024-01-23 09:59:11', 0, 0);
INSERT INTO `base_dict_item` VALUES (1749612758531256320, 1749612665392541696, 'ReconcileTrade', 'refund', '退款', b'1', 2.00, '', 1399985191002447872, '2024-01-23 09:59:23', 1399985191002447872, '2024-01-23 09:59:23', 0, 0);
INSERT INTO `base_dict_item` VALUES (1749612797680889856, 1749612665392541696, 'ReconcileTrade', 'revoked', '撤销', b'1', 3.00, '', 1399985191002447872, '2024-01-23 09:59:32', 1399985191002447872, '2024-01-23 09:59:32', 0, 0);
INSERT INTO `base_dict_item` VALUES (1750924188674404352, 1745748188122554368, 'RefundStatus', 'progress', '退款中', b'1', 0.00, '接口调用成功不代表成功', 1399985191002447872, '2024-01-27 00:50:32', 1399985191002447872, '2024-01-27 00:50:32', 0, 0);
INSERT INTO `base_dict_item` VALUES (1750924286401687552, 1745748188122554368, 'RefundStatus', 'part_success', '部分成功', b'1', 2.00, '', 1399985191002447872, '2024-01-27 00:50:55', 1399985191002447872, '2024-01-27 00:50:55', 0, 0);
INSERT INTO `base_dict_item` VALUES (1750924518497693696, 1744996913667842048, 'PayStatus', 'refunding', '退款中', b'1', 4.00, '', 1399985191002447872, '2024-01-27 00:51:50', 1399985191002447872, '2024-01-27 00:52:10', 0, 1);
INSERT INTO `base_dict_item` VALUES (1751528739035111424, 1751603996496453632, 'PaymentType', 'pay', '支付', b'1', 1.00, '', 1399985191002447872, '2024-01-28 16:52:48', 1399985191002447872, '2024-01-28 16:52:48', 0, 0);
INSERT INTO `base_dict_item` VALUES (1751528773260632064, 1751603996496453632, 'PaymentType', 'refund', '退款', b'1', 2.00, '', 1399985191002447872, '2024-01-28 16:52:56', 1399985191002447872, '2024-01-28 16:52:56', 0, 0);
INSERT INTO `base_dict_item` VALUES (1751613076980039680, 1751613032260370432, 'PayCallbackType', 'pay', '支付回调', b'1', 1.00, '', 1399985191002447872, '2024-01-28 22:27:56', 1399985191002447872, '2024-01-28 22:27:56', 0, 0);
INSERT INTO `base_dict_item` VALUES (1751613114254819328, 1751613032260370432, 'PayCallbackType', 'refund', '退款回调', b'1', 2.00, '', 1399985191002447872, '2024-01-28 22:28:04', 1399985191002447872, '2024-01-28 22:28:04', 0, 0);
INSERT INTO `base_dict_item` VALUES (1752216855927226368, 1745748188122554368, 'RefundStatus', 'close', '关闭', b'1', 4.00, '', 1399985191002447872, '2024-01-30 14:27:08', 1399985191002447872, '2024-01-30 14:27:08', 0, 0);
INSERT INTO `base_dict_item` VALUES (1752560213673594880, 1752560153120428032, 'RefundSyncStatus', 'refund_success', '退款成功', b'1', 1.00, '', 1399985191002447872, '2024-01-31 13:11:31', 1399985191002447872, '2024-02-01 21:56:59', 0, 1);
INSERT INTO `base_dict_item` VALUES (1752560254228320256, 1752560153120428032, 'RefundSyncStatus', 'refund_fail', '退款失败', b'1', 2.00, '', 1399985191002447872, '2024-01-31 13:11:40', 1399985191002447872, '2024-02-01 21:57:07', 0, 1);
INSERT INTO `base_dict_item` VALUES (1752560288546115584, 1752560153120428032, 'RefundSyncStatus', 'refund_progress', '退款中', b'1', 3.00, '', 1399985191002447872, '2024-01-31 13:11:48', 1399985191002447872, '2024-02-01 21:57:45', 0, 1);
INSERT INTO `base_dict_item` VALUES (1753044707091554304, 1745128986382667776, 'PayRepairSource', 'task', '定时任务', b'1', 4.00, '', 1399985191002447872, '2024-02-01 21:16:43', 1399985191002447872, '2024-02-01 21:16:43', 0, 0);
INSERT INTO `base_dict_item` VALUES (1753047429014495232, 1753047382185091072, 'RefundRepairWay', 'refund_success', '退款成功', b'1', 1.00, '', 1399985191002447872, '2024-02-01 21:27:32', 1399985191002447872, '2024-02-01 21:29:13', 0, 1);
INSERT INTO `base_dict_item` VALUES (1753047491140526080, 1753047382185091072, 'RefundRepairWay', 'refund_fail', '退款失败', b'1', 2.00, '', 1399985191002447872, '2024-02-01 21:27:47', 1399985191002447872, '2024-02-01 21:29:19', 0, 1);
INSERT INTO `base_dict_item` VALUES (1755939895162052608, 1745134438772346880, 'PayRepairWay', 'refund_success', '退款成功', b'1', 5.00, '会更新为部分退款和全部退款', 1399985191002447872, '2024-02-09 21:01:09', 1399985191002447872, '2024-02-09 21:10:22', 0, 2);
INSERT INTO `base_dict_item` VALUES (1755942271772139520, 1745134438772346880, 'PayRepairWay', 'refund_fail', '退款失败', b'1', 6.00, '', 1399985191002447872, '2024-02-09 21:10:36', 1399985191002447872, '2024-02-09 21:10:36', 0, 0);
INSERT INTO `base_dict_item` VALUES (1758881424411439104, 1758881354618220544, 'WalletStatus', 'normal', '正常', b'1', 1.00, '', 1399985191002447872, '2024-02-17 23:49:45', 1399985191002447872, '2024-02-17 23:49:45', 0, 0);
INSERT INTO `base_dict_item` VALUES (1758881470334873600, 1758881354618220544, 'WalletStatus', 'forbidden', '禁用', b'1', 2.00, '', 1399985191002447872, '2024-02-17 23:49:56', 1399985191002447872, '2024-02-17 23:49:56', 0, 0);
INSERT INTO `base_dict_item` VALUES (1759189919170002944, 1759189874194481152, 'VoucherStatus', 'normal', '正常', b'1', 1.00, '', 1399985191002447872, '2024-02-18 20:15:36', 1399985191002447872, '2024-02-18 20:15:36', 0, 0);
INSERT INTO `base_dict_item` VALUES (1759189962564272128, 1759189874194481152, 'VoucherStatus', 'forbidden', '禁用', b'1', 2.00, '', 1399985191002447872, '2024-02-18 20:15:46', 1399985191002447872, '2024-02-18 20:15:46', 0, 0);
INSERT INTO `base_dict_item` VALUES (1759190150464897024, 1759190066511708160, 'WalletRecordType', 'create', '创建', b'1', 1.00, '', 1399985191002447872, '2024-02-18 20:16:31', 1399985191002447872, '2024-02-18 20:16:31', 0, 0);
INSERT INTO `base_dict_item` VALUES (1759190193783668736, 1759190066511708160, 'WalletRecordType', 'pay', '支付', b'1', 2.00, '', 1399985191002447872, '2024-02-18 20:16:41', 1399985191002447872, '2024-02-18 20:16:41', 0, 0);
INSERT INTO `base_dict_item` VALUES (1759190227510067200, 1759190066511708160, 'WalletRecordType', 'refund', '退款', b'1', 3.00, '', 1399985191002447872, '2024-02-18 20:16:49', 1399985191002447872, '2024-02-18 20:16:56', 0, 1);
INSERT INTO `base_dict_item` VALUES (1759190291980713984, 1759190066511708160, 'WalletRecordType', 'close_pay', '支付关闭', b'1', 4.00, '', 1399985191002447872, '2024-02-18 20:17:04', 1399985191002447872, '2024-02-18 20:17:04', 0, 0);
INSERT INTO `base_dict_item` VALUES (1759190340517199872, 1759190066511708160, 'WalletRecordType', 'close_refund', '退款关闭', b'1', 5.00, '', 1399985191002447872, '2024-02-18 20:17:16', 1399985191002447872, '2024-02-19 17:31:26', 1, 0);
INSERT INTO `base_dict_item` VALUES (1759190472654553088, 1759190427897135104, 'VoucherRecordType', 'import', '导入', b'1', 1.00, '', 1399985191002447872, '2024-02-18 20:17:48', 1399985191002447872, '2024-02-18 20:17:48', 0, 0);
INSERT INTO `base_dict_item` VALUES (1759190506087350272, 1759190427897135104, 'VoucherRecordType', 'pay', '支付', b'1', 2.00, '', 1399985191002447872, '2024-02-18 20:17:55', 1399985191002447872, '2024-02-18 20:18:16', 0, 1);
INSERT INTO `base_dict_item` VALUES (1759190574865547264, 1759190427897135104, 'VoucherRecordType', 'refund', '退款', b'1', 3.00, '', 1399985191002447872, '2024-02-18 20:18:12', 1399985191002447872, '2024-02-18 20:18:12', 0, 0);
INSERT INTO `base_dict_item` VALUES (1759190633921347584, 1759190427897135104, 'VoucherRecordType', 'close_pay', '支付关闭', b'1', 4.00, '', 1399985191002447872, '2024-02-18 20:18:26', 1399985191002447872, '2024-02-18 20:18:26', 0, 0);
INSERT INTO `base_dict_item` VALUES (1759190717757095936, 1759190427897135104, 'VoucherRecordType', 'close_refund', '退款关闭', b'1', 5.00, '', 1399985191002447872, '2024-02-18 20:18:46', 1399985191002447872, '2024-02-19 17:31:20', 1, 0);
INSERT INTO `base_dict_item` VALUES (1759190820500766720, 1759190780252225536, 'CashRecordType', 'pay', '支付', b'1', 1.00, '', 1399985191002447872, '2024-02-18 20:19:10', 1399985191002447872, '2024-02-18 20:19:39', 0, 1);
INSERT INTO `base_dict_item` VALUES (1759190850754281472, 1759190780252225536, 'CashRecordType', 'refund', '退款', b'1', 2.00, '', 1399985191002447872, '2024-02-18 20:19:18', 1399985191002447872, '2024-02-18 20:19:42', 0, 1);
INSERT INTO `base_dict_item` VALUES (1759190884061249536, 1759190780252225536, 'CashRecordType', 'close_pay', '支付关闭', b'1', 3.00, '', 1399985191002447872, '2024-02-18 20:19:26', 1399985191002447872, '2024-02-18 20:19:46', 0, 1);
INSERT INTO `base_dict_item` VALUES (1759190913261993984, 1759190780252225536, 'CashrRecordType', 'close_refund', '退款关闭', b'1', 4.00, '', 1399985191002447872, '2024-02-18 20:19:33', 1399985191002447872, '2024-02-19 17:31:15', 1, 1);
INSERT INTO `base_dict_item` VALUES (1759514962507554816, 1759190066511708160, 'WalletRecordType', 'recharge', '充值', b'1', 11.00, '', 1399985191002447872, '2024-02-19 17:47:12', 1399985191002447872, '2024-02-19 17:47:12', 0, 0);
INSERT INTO `base_dict_item` VALUES (1759515000520531968, 1759190066511708160, 'WalletRecordType', 'deduct', '扣减', b'1', 12.00, '', 1399985191002447872, '2024-02-19 17:47:21', 1399985191002447872, '2024-02-19 17:47:21', 0, 0);
INSERT INTO `base_dict_item` VALUES (1761434142275497984, 1761434095349624832, 'ClientNoticeType', 'pay', '支付通知', b'1', 1.00, '', 1399985191002447872, '2024-02-25 00:53:20', 1399985191002447872, '2024-02-25 00:53:20', 0, 0);
INSERT INTO `base_dict_item` VALUES (1761434179445420032, 1761434095349624832, 'ClientNoticeType', 'refund', '退款通知', b'1', 2.00, '', 1399985191002447872, '2024-02-25 00:53:29', 1399985191002447872, '2024-02-25 00:53:29', 0, 0);
INSERT INTO `base_dict_item` VALUES (1761434308537708544, 1761434264858226688, 'ClientNoticeSendType', 'auto', '自动发送', b'1', 0.00, '', 1399985191002447872, '2024-02-25 00:54:00', 1399985191002447872, '2024-02-25 00:54:00', 0, 0);
INSERT INTO `base_dict_item` VALUES (1761434346206752768, 1761434264858226688, 'ClientNoticeSendType', 'manual', '手动发送', b'1', 1.00, '', 1399985191002447872, '2024-02-25 00:54:09', 1399985191002447872, '2024-02-25 00:54:09', 0, 0);
INSERT INTO `base_dict_item` VALUES (1761581686381080576, 1761581634023583744, 'AlipayRecordType', 'pay', '支付', b'1', 0.00, '', 1399985191002447872, '2024-02-25 10:39:37', 1399985191002447872, '2024-02-25 10:39:37', 0, 0);
INSERT INTO `base_dict_item` VALUES (1761581731029446656, 1761581634023583744, 'AlipayRecordType', 'refund', '退款', b'1', 1.00, '', 1399985191002447872, '2024-02-25 10:39:48', 1399985191002447872, '2024-02-25 10:39:48', 0, 0);
INSERT INTO `base_dict_item` VALUES (1761588368863645696, 1761588314480300032, 'WechatPayRecordType', 'pay', '支付', b'1', 0.00, '', 1399985191002447872, '2024-02-25 11:06:11', 1399985191002447872, '2024-02-25 11:06:11', 0, 0);
INSERT INTO `base_dict_item` VALUES (1761588397825314816, 1761588314480300032, 'WechatPayRecordType', 'refund', '退款', b'1', 0.00, '', 1399985191002447872, '2024-02-25 11:06:17', 1399985191002447872, '2024-02-25 11:06:17', 0, 0);
INSERT INTO `base_dict_item` VALUES (1763588081838182400, 1763588034467713024, 'ReconcileDiffType', 'local_not_exists', '本地订单不存在', b'1', 0.00, '', 1399985191002447872, '2024-03-01 23:32:19', 1399985191002447872, '2024-03-01 23:32:19', 0, 0);
INSERT INTO `base_dict_item` VALUES (1763588123143688192, 1763588034467713024, 'ReconcileDiffType', 'remote_not_exists', '远程订单不存在', b'1', 1.00, '', 1399985191002447872, '2024-03-01 23:32:29', 1399985191002447872, '2024-03-01 23:32:29', 0, 0);
INSERT INTO `base_dict_item` VALUES (1763588174695878656, 1763588034467713024, 'ReconcileDiffType', 'not_match', '订单信息不一致', b'1', 2.00, '', 1399985191002447872, '2024-03-01 23:32:41', 1399985191002447872, '2024-03-01 23:32:48', 0, 1);
INSERT INTO `base_dict_item` VALUES (1766713657021157376, 1766713545981153280, 'UnionPaySignType', 'RSA2', 'RSA2', b'1', 0.00, '', 1399985191002447872, '2024-03-10 14:32:14', 1399985191002447872, '2024-03-10 14:32:14', 0, 0);
INSERT INTO `base_dict_item` VALUES (1768206502721449984, 1768206399071809536, 'UnionPayRecordType', 'pay', '支付', b'1', 1.00, '', 1399985191002447872, '2024-03-14 17:24:17', 1399985191002447872, '2024-03-14 17:24:17', 0, 0);
INSERT INTO `base_dict_item` VALUES (1768206547285929984, 1768206399071809536, 'UnionPayRecordType', 'refund', '退款', b'1', 0.00, '', 1399985191002447872, '2024-03-14 17:24:27', 1399985191002447872, '2024-03-14 17:24:27', 0, 0);
INSERT INTO `base_dict_item` VALUES (1775122126567559168, 1775112798259302400, 'AllocationReceiverType', 'wx_personal', '个人', b'1', 1.00, '', 1399985191002447872, '2024-04-02 19:24:30', 1399985191002447872, '2024-04-02 19:24:30', 0, 0);
INSERT INTO `base_dict_item` VALUES (1775122171861848064, 1775112798259302400, 'AllocationReceiverType', 'wx_merchant', '商户', b'1', 2.00, '', 1399985191002447872, '2024-04-02 19:24:41', 1399985191002447872, '2024-04-02 19:24:41', 0, 0);
INSERT INTO `base_dict_item` VALUES (1775122227956469760, 1775112798259302400, 'AllocationReceiverType', 'ali_user_id', '用户ID', b'1', 3.00, '', 1399985191002447872, '2024-04-02 19:24:54', 1399985191002447872, '2024-04-02 19:25:53', 0, 1);
INSERT INTO `base_dict_item` VALUES (1775122278170677248, 1775112798259302400, 'AllocationReceiverType', 'ali_open_id', '登录号', b'1', 4.00, '', 1399985191002447872, '2024-04-02 19:25:06', 1399985191002447872, '2024-04-02 19:25:06', 0, 0);
INSERT INTO `base_dict_item` VALUES (1775122427802472448, 1775112798259302400, 'AllocationReceiverType', 'ali_login_name', '账号', b'1', 5.00, '', 1399985191002447872, '2024-04-02 19:25:42', 1399985191002447872, '2024-04-02 19:25:42', 0, 0);
INSERT INTO `base_dict_item` VALUES (1775122672623996928, 1775122632706805760, 'AllocationRelationType', 'SERVICE_PROVIDER', '服务商', b'1', 1.00, '', 1399985191002447872, '2024-04-02 19:26:40', 1399985191002447872, '2024-04-02 19:26:40', 0, 0);
INSERT INTO `base_dict_item` VALUES (1775122710884438016, 1775122632706805760, 'AllocationRelationType', 'STORE', '门店', b'1', 2.00, '', 1399985191002447872, '2024-04-02 19:26:49', 1399985191002447872, '2024-04-02 19:26:49', 0, 0);
INSERT INTO `base_dict_item` VALUES (1775122750612885504, 1775122632706805760, 'AllocationRelationType', 'STAFF', '员工', b'1', 3.00, '', 1399985191002447872, '2024-04-02 19:26:59', 1399985191002447872, '2024-04-02 19:26:59', 0, 0);
INSERT INTO `base_dict_item` VALUES (1775122847035740160, 1775122632706805760, 'AllocationRelationType', 'STORE_OWNER', '店主', b'1', 4.00, '', 1399985191002447872, '2024-04-02 19:27:22', 1399985191002447872, '2024-04-02 19:27:22', 0, 0);
INSERT INTO `base_dict_item` VALUES (1775122892464246784, 1775122632706805760, 'AllocationRelationType', 'PARTNER', '合作伙伴', b'1', 5.00, '', 1399985191002447872, '2024-04-02 19:27:32', 1399985191002447872, '2024-04-02 19:27:32', 0, 0);
INSERT INTO `base_dict_item` VALUES (1775122934138851328, 1775122632706805760, 'AllocationRelationType', 'HEADQUARTER', '总部', b'1', 6.00, '', 1399985191002447872, '2024-04-02 19:27:42', 1399985191002447872, '2024-04-02 19:27:42', 0, 0);
INSERT INTO `base_dict_item` VALUES (1775123560512016384, 1775122632706805760, 'AllocationRelationType', 'DISTRIBUTOR', '分销商', b'1', 7.00, '', 1399985191002447872, '2024-04-02 19:30:12', 1399985191002447872, '2024-04-02 19:30:12', 0, 0);
INSERT INTO `base_dict_item` VALUES (1775123607781822464, 1775122632706805760, 'AllocationRelationType', 'USER', '用户', b'1', 8.00, '', 1399985191002447872, '2024-04-02 19:30:23', 1399985191002447872, '2024-04-02 19:30:23', 0, 0);
INSERT INTO `base_dict_item` VALUES (1775123654527340544, 1775122632706805760, 'AllocationRelationType', 'SUPPLIER', '供应商', b'1', 9.00, '', 1399985191002447872, '2024-04-02 19:30:34', 1399985191002447872, '2024-04-02 19:30:34', 0, 0);
INSERT INTO `base_dict_item` VALUES (1775123705886593024, 1775122632706805760, 'AllocationRelationType', 'CUSTOM', '自定义', b'1', 10.00, '', 1399985191002447872, '2024-04-02 19:30:46', 1399985191002447872, '2024-04-02 19:30:46', 0, 0);
INSERT INTO `base_dict_item` VALUES (1777700713809522688, 1777697358802530304, 'AllocationOrderStatus', 'waiting', '待分账', b'1', 1.00, '', 1399985191002447872, '2024-04-09 22:10:53', 1399985191002447872, '2024-04-09 22:10:53', 0, 0);
INSERT INTO `base_dict_item` VALUES (1777700750744563712, 1777697358802530304, 'AllocationOrderStatus', 'allocation_processing', '分账处理中', b'1', 2.00, '', 1399985191002447872, '2024-04-09 22:11:02', 1399985191002447872, '2024-04-16 17:14:53', 0, 1);
INSERT INTO `base_dict_item` VALUES (1777700787453112320, 1777697358802530304, 'AllocationOrderStatus', 'allocation_end', '分账完成', b'1', 3.00, '', 1399985191002447872, '2024-04-09 22:11:10', 1399985191002447872, '2024-04-16 17:36:25', 0, 2);
INSERT INTO `base_dict_item` VALUES (1777700835826020352, 1777697358802530304, 'AllocationOrderStatus', 'allocation_failed', '分账失败', b'1', 4.00, '', 1399985191002447872, '2024-04-09 22:11:22', 1399985191002447872, '2024-04-16 17:16:34', 0, 2);
INSERT INTO `base_dict_item` VALUES (1777700870613577728, 1777697358802530304, 'AllocationOrderStatus', 'finish', '分账完结', b'1', 5.00, '', 1399985191002447872, '2024-04-09 22:11:30', 1399985191002447872, '2024-04-16 17:17:06', 0, 1);
INSERT INTO `base_dict_item` VALUES (1777700915450687488, 1777697358802530304, 'AllocationStatus', 'partial_failed', '部分分账失败', b'1', 6.00, '', 1399985191002447872, '2024-04-09 22:11:41', 1399985191002447872, '2024-04-16 17:16:49', 1, 1);
INSERT INTO `base_dict_item` VALUES (1777700964087836672, 1777697358802530304, 'AllocationOrderStatus', 'finish_failed', '分账完结失败', b'1', 6.00, '', 1399985191002447872, '2024-04-09 22:11:53', 1399985191002447872, '2024-04-16 17:17:25', 0, 1);
INSERT INTO `base_dict_item` VALUES (1777701030081015808, 1777697358802530304, 'AllocationStatus', 'closed', '分账关闭', b'1', 8.00, '', 1399985191002447872, '2024-04-09 22:12:08', 1399985191002447872, '2024-04-16 17:16:19', 1, 0);
INSERT INTO `base_dict_item` VALUES (1777701090676125696, 1777697358802530304, 'AllocationStatus', 'unknown', '分账状态未知', b'1', 9.00, '', 1399985191002447872, '2024-04-09 22:12:23', 1399985191002447872, '2024-04-16 17:16:16', 1, 0);
INSERT INTO `base_dict_item` VALUES (1780164864510623744, 1780163691808391168, 'AllocationDetailResult', 'pending', '待分账', b'1', 1.00, '', 1399985191002447872, '2024-04-16 17:22:32', 1399985191002447872, '2024-04-16 17:22:32', 0, 0);
INSERT INTO `base_dict_item` VALUES (1780164903886749696, 1780163691808391168, 'AllocationDetailResult', 'success', '分账成功', b'1', 2.00, '', 1399985191002447872, '2024-04-16 17:22:42', 1399985191002447872, '2024-04-16 17:22:42', 0, 0);
INSERT INTO `base_dict_item` VALUES (1780164940712738816, 1780163691808391168, 'AllocationDetailResult', 'fail', '分账失败', b'1', 0.00, '', 1399985191002447872, '2024-04-16 17:22:50', 1399985191002447872, '2024-04-16 17:22:50', 0, 0);
INSERT INTO `base_dict_item` VALUES (1780165545665593344, 1780165499633106944, 'AllocationOrderResult', 'all_pending', '全部成功', b'1', 0.00, '', 1399985191002447872, '2024-04-16 17:25:15', 1399985191002447872, '2024-04-16 17:25:15', 0, 0);
INSERT INTO `base_dict_item` VALUES (1780165581623361536, 1780165499633106944, 'AllocationOrderResult', 'all_success', '全部成功', b'1', 1.00, '', 1399985191002447872, '2024-04-16 17:25:23', 1399985191002447872, '2024-04-16 17:25:23', 0, 0);
INSERT INTO `base_dict_item` VALUES (1780165617413357568, 1780165499633106944, 'AllocationOrderResult', 'part_success', '部分成功', b'1', 2.00, '', 1399985191002447872, '2024-04-16 17:25:32', 1399985191002447872, '2024-04-16 17:25:32', 0, 0);
INSERT INTO `base_dict_item` VALUES (1780165653350154240, 1780165499633106944, 'AllocationOrderResult', 'all_failed', '全部失败', b'1', 3.00, '', 1399985191002447872, '2024-04-16 17:25:40', 1399985191002447872, '2024-04-16 17:25:40', 0, 0);
INSERT INTO `base_dict_item` VALUES (1780165986231091200, 1780165929528295424, 'PayOrderAllocationStatus', 'waiting', '待分账', b'1', 1.00, '', 1399985191002447872, '2024-04-16 17:27:00', 1399985191002447872, '2024-04-16 17:27:00', 0, 0);
INSERT INTO `base_dict_item` VALUES (1780166037149941760, 1780165929528295424, 'PayOrderAllocationStatus', 'allocation', '已分账', b'1', 2.00, '', 1399985191002447872, '2024-04-16 17:27:12', 1399985191002447872, '2024-04-16 17:27:12', 0, 0);
INSERT INTO `base_dict_item` VALUES (1786399594956660736, 1786399552686465024, 'ReconcileResult', 'consistent', '一致', b'1', 0.00, '', 1399985191002447872, '2024-05-03 22:17:08', 1399985191002447872, '2024-05-03 22:17:08', 0, 0);
INSERT INTO `base_dict_item` VALUES (1786399681275437056, 1786399552686465024, 'ReconcileResult', 'inconsistent', '不一致', b'1', 1.00, '', 1399985191002447872, '2024-05-03 22:17:28', 1399985191002447872, '2024-05-03 22:17:28', 0, 0);

-- ----------------------------
-- Table structure for base_dynamic_data_source
-- ----------------------------
DROP TABLE IF EXISTS `base_dynamic_data_source`;
CREATE TABLE `base_dynamic_data_source`  (
  `id` bigint(20) NOT NULL,
  `code` varchar(255) CHARACTER SET utf8mb4 COLLATE utf8mb4_bin NULL DEFAULT NULL COMMENT '数据源编码',
  `name` varchar(255) CHARACTER SET utf8mb4 COLLATE utf8mb4_bin NULL DEFAULT NULL COMMENT '数据源名称',
  `database_type` varchar(255) CHARACTER SET utf8mb4 COLLATE utf8mb4_bin NULL DEFAULT NULL COMMENT '数据库类型',
  `auto_load` bit(1) NULL DEFAULT NULL COMMENT '是否启动自动加载',
  `db_driver` varchar(255) CHARACTER SET utf8mb4 COLLATE utf8mb4_bin NULL DEFAULT NULL COMMENT '驱动类',
  `db_url` varchar(255) CHARACTER SET utf8mb4 COLLATE utf8mb4_bin NULL DEFAULT NULL COMMENT '数据库地址',
  `db_name` varchar(255) CHARACTER SET utf8mb4 COLLATE utf8mb4_bin NULL DEFAULT NULL COMMENT '数据库名称',
  `db_username` varchar(255) CHARACTER SET utf8mb4 COLLATE utf8mb4_bin NULL DEFAULT NULL COMMENT '用户名',
  `db_password` varchar(255) CHARACTER SET utf8mb4 COLLATE utf8mb4_bin NULL DEFAULT NULL COMMENT '密码',
  `remark` varchar(255) CHARACTER SET utf8mb4 COLLATE utf8mb4_bin NULL DEFAULT NULL COMMENT '备注',
  `creator` bigint(20) NULL DEFAULT NULL COMMENT '创建人',
  `create_time` datetime NULL DEFAULT NULL COMMENT '创建时间',
  `last_modifier` bigint(20) NULL DEFAULT NULL COMMENT '最后修改人',
  `last_modified_time` datetime NULL DEFAULT NULL COMMENT '最后修改时间',
  `version` int(11) NOT NULL COMMENT '版本',
  `deleted` tinyint(1) NOT NULL DEFAULT 0 COMMENT '0:未删除。1:已删除',
  PRIMARY KEY (`id`) USING BTREE
) ENGINE = InnoDB CHARACTER SET = utf8mb4 COLLATE = utf8mb4_bin COMMENT = '动态数据源管理' ROW_FORMAT = DYNAMIC;

-- ----------------------------
-- Records of base_dynamic_data_source
-- ----------------------------

-- ----------------------------
-- Table structure for base_key_value
-- ----------------------------
DROP TABLE IF EXISTS `base_key_value`;
CREATE TABLE `base_key_value`  (
  `id` bigint(20) NOT NULL,
  `key` varchar(255) CHARACTER SET utf8mb4 COLLATE utf8mb4_general_ci NOT NULL COMMENT '参数键名',
  `value` text CHARACTER SET utf8mb4 COLLATE utf8mb4_general_ci NOT NULL COMMENT '参数值',
  `creator` bigint(20) NULL DEFAULT NULL COMMENT '创建人',
  `create_time` datetime NULL DEFAULT NULL COMMENT '创建时间',
  `last_modifier` bigint(20) NULL DEFAULT NULL COMMENT '更新人',
  `last_modified_time` datetime NULL DEFAULT NULL COMMENT '更新时间',
  `deleted` tinyint(1) NOT NULL DEFAULT 0 COMMENT '0:未删除。1:已删除',
  `version` int(8) NOT NULL COMMENT '版本',
  PRIMARY KEY (`id`) USING BTREE
) ENGINE = InnoDB CHARACTER SET = utf8mb4 COLLATE = utf8mb4_general_ci COMMENT = 'kv存储' ROW_FORMAT = DYNAMIC;

-- ----------------------------
-- Records of base_key_value
-- ----------------------------

-- ----------------------------
-- Table structure for base_param
-- ----------------------------
DROP TABLE IF EXISTS `base_param`;
CREATE TABLE `base_param`  (
  `id` bigint(20) NOT NULL,
  `name` varchar(50) CHARACTER SET utf8mb4 COLLATE utf8mb4_general_ci NULL DEFAULT NULL COMMENT '参数名称',
  `param_key` varchar(255) CHARACTER SET utf8mb4 COLLATE utf8mb4_general_ci NOT NULL COMMENT '参数键名',
  `value` varchar(255) CHARACTER SET utf8mb4 COLLATE utf8mb4_general_ci NOT NULL COMMENT '参数值',
  `type` int(4) NULL DEFAULT NULL COMMENT '参数类型',
  `enable` bit(1) NOT NULL DEFAULT b'1' COMMENT '启用状态',
  `internal` bit(1) NOT NULL COMMENT '内置参数',
  `remark` varchar(255) CHARACTER SET utf8mb4 COLLATE utf8mb4_general_ci NULL DEFAULT NULL COMMENT '备注',
  `creator` bigint(20) NULL DEFAULT NULL COMMENT '创建人',
  `create_time` datetime NULL DEFAULT NULL COMMENT '创建时间',
  `last_modifier` bigint(20) NULL DEFAULT NULL COMMENT '更新人',
  `last_modified_time` datetime NULL DEFAULT NULL COMMENT '更新时间',
  `deleted` tinyint(1) NOT NULL DEFAULT 0 COMMENT '0:未删除。1:已删除',
  `version` int(8) NOT NULL COMMENT '版本',
  PRIMARY KEY (`id`) USING BTREE
) ENGINE = InnoDB CHARACTER SET = utf8mb4 COLLATE = utf8mb4_general_ci COMMENT = '系统参数配置' ROW_FORMAT = DYNAMIC;

-- ----------------------------
-- Records of base_param
-- ----------------------------
INSERT INTO `base_param` VALUES (1452842684284891136, '测试', 'test.v1', '123', 1, b'1', b'0', NULL, 1399985191002447872, '2021-10-26 11:41:03', 1399985191002447872, '2024-01-07 23:31:08', 1, 0);
INSERT INTO `base_param` VALUES (1529281530059161600, 'websocket服务器地址', 'WebsocketServerUrl', 'ws://127.0.0.1:9000', 1, b'1', b'1', '', 1399985191002447872, '2022-05-25 10:01:44', 1399985191002447872, '2024-02-27 13:10:12', 0, 4);
INSERT INTO `base_param` VALUES (1545765299880448000, '服务器地址', 'ServerUrl', 'https://localhost', 1, b'1', b'1', '优先级高于配置文件内进行的配置', 1399985191002447872, '2022-07-09 21:42:21', 1399985191002447872, '2024-01-07 23:31:20', 0, 2);

-- ----------------------------
-- Table structure for base_province
-- ----------------------------
DROP TABLE IF EXISTS `base_province`;
CREATE TABLE `base_province`  (
  `code` char(2) CHARACTER SET utf8 COLLATE utf8_general_ci NOT NULL COMMENT '省份编码',
  `name` varchar(30) CHARACTER SET utf8 COLLATE utf8_general_ci NOT NULL DEFAULT '' COMMENT '省份名称',
  PRIMARY KEY (`code`) USING BTREE
) ENGINE = InnoDB CHARACTER SET = utf8 COLLATE = utf8_general_ci COMMENT = '省份表' ROW_FORMAT = DYNAMIC;

-- ----------------------------
-- Records of base_province
-- ----------------------------

-- ----------------------------
-- Table structure for base_street
-- ----------------------------
DROP TABLE IF EXISTS `base_street`;
CREATE TABLE `base_street`  (
  `code` char(9) CHARACTER SET utf8 COLLATE utf8_general_ci NOT NULL COMMENT '编码',
  `name` varchar(60) CHARACTER SET utf8 COLLATE utf8_general_ci NOT NULL DEFAULT '' COMMENT '街道名称',
  `area_code` char(6) CHARACTER SET utf8 COLLATE utf8_general_ci NOT NULL DEFAULT '0' COMMENT '县区编码',
  PRIMARY KEY (`code`) USING BTREE,
  INDEX `inx_area_code`(`area_code`) USING BTREE COMMENT '县区'
) ENGINE = InnoDB CHARACTER SET = utf8 COLLATE = utf8_general_ci COMMENT = '街道表' ROW_FORMAT = DYNAMIC;

-- ----------------------------
-- Records of base_street
-- ----------------------------

-- ----------------------------
-- Table structure for base_village
-- ----------------------------
DROP TABLE IF EXISTS `base_village`;
CREATE TABLE `base_village`  (
  `code` char(12) CHARACTER SET utf8mb4 COLLATE utf8mb4_bin NOT NULL COMMENT '编码',
  `name` varchar(55) CHARACTER SET utf8mb4 COLLATE utf8mb4_bin NOT NULL COMMENT '名称',
  `street_code` char(9) CHARACTER SET utf8mb4 COLLATE utf8mb4_bin NOT NULL COMMENT '社区/乡镇编码',
  PRIMARY KEY (`code`) USING BTREE,
  INDEX `inx_street_code`(`street_code`) USING BTREE COMMENT '所属街道索引'
) ENGINE = InnoDB CHARACTER SET = utf8mb4 COLLATE = utf8mb4_bin COMMENT = '村庄/社区' ROW_FORMAT = DYNAMIC;

-- ----------------------------
-- Records of base_village
-- ----------------------------

-- ----------------------------
-- Table structure for common_sequence_range
-- ----------------------------
DROP TABLE IF EXISTS `common_sequence_range`;
CREATE TABLE `common_sequence_range`  (
  `id` bigint(20) NOT NULL COMMENT '主键',
  `range_key` varchar(255) CHARACTER SET utf8mb4 COLLATE utf8mb4_general_ci NOT NULL COMMENT '区间key',
  `range_value` bigint(20) NOT NULL COMMENT '区间开始值',
  `creator` bigint(20) NULL DEFAULT NULL COMMENT '创建人',
  `create_time` datetime NULL DEFAULT NULL COMMENT '创建时间',
  `last_modifier` bigint(20) NULL DEFAULT NULL COMMENT '最后修改人',
  `last_modified_time` datetime NULL DEFAULT NULL COMMENT '最后修改时间',
  `version` int(11) NOT NULL COMMENT '版本',
  `deleted` tinyint(1) NOT NULL DEFAULT 0 COMMENT '0:未删除。1:已删除',
  PRIMARY KEY (`id`) USING BTREE
) ENGINE = InnoDB CHARACTER SET = utf8mb4 COLLATE = utf8mb4_general_ci COMMENT = '序列生成器队列区间管理' ROW_FORMAT = DYNAMIC;

-- ----------------------------
-- Records of common_sequence_range
-- ----------------------------

-- ----------------------------
-- Table structure for ddl_history
-- ----------------------------
DROP TABLE IF EXISTS `ddl_history`;
CREATE TABLE `ddl_history`  (
  `script` varchar(500) CHARACTER SET utf8mb4 COLLATE utf8mb4_general_ci NOT NULL COMMENT '脚本',
  `type` varchar(30) CHARACTER SET utf8mb4 COLLATE utf8mb4_general_ci NOT NULL COMMENT '类型',
  `version` varchar(30) CHARACTER SET utf8mb4 COLLATE utf8mb4_general_ci NOT NULL COMMENT '版本',
  PRIMARY KEY (`script`) USING BTREE
) ENGINE = InnoDB CHARACTER SET = utf8mb4 COLLATE = utf8mb4_general_ci COMMENT = 'DDL 版本' ROW_FORMAT = DYNAMIC;

-- ----------------------------
-- Records of ddl_history
-- ----------------------------

-- ----------------------------
-- Table structure for iam_client
-- ----------------------------
DROP TABLE IF EXISTS `iam_client`;
CREATE TABLE `iam_client`  (
  `id` bigint(20) NOT NULL COMMENT '主键',
  `code` varchar(21) CHARACTER SET utf8mb4 COLLATE utf8mb4_general_ci NOT NULL COMMENT '编码',
  `name` varchar(50) CHARACTER SET utf8mb4 COLLATE utf8mb4_general_ci NULL DEFAULT NULL COMMENT '名称',
  `internal` bit(1) NOT NULL COMMENT '是否系统内置',
  `enable` bit(1) NOT NULL COMMENT '是否可用',
  `default_endow` bit(1) NULL DEFAULT NULL COMMENT '新注册的用户是否默认赋予该终端',
  `login_type_ids` text CHARACTER SET utf8mb4 COLLATE utf8mb4_general_ci NULL COMMENT '关联登录方式\r\n',
  `description` varchar(255) CHARACTER SET utf8mb4 COLLATE utf8mb4_general_ci NULL DEFAULT NULL COMMENT '描述',
  `creator` bigint(20) NULL DEFAULT NULL COMMENT '创建者ID',
  `create_time` datetime NULL DEFAULT NULL COMMENT '创建时间',
  `last_modifier` bigint(20) NULL DEFAULT NULL COMMENT '最后修者ID',
  `last_modified_time` datetime NULL DEFAULT NULL COMMENT '最后修改时间',
  `version` int(11) NOT NULL COMMENT '乐观锁',
  `deleted` bit(1) NOT NULL COMMENT '删除标志',
  PRIMARY KEY (`id`) USING BTREE
) ENGINE = InnoDB CHARACTER SET = utf8mb4 COLLATE = utf8mb4_general_ci COMMENT = '认证终端' ROW_FORMAT = DYNAMIC;

-- ----------------------------
-- Records of iam_client
-- ----------------------------
INSERT INTO `iam_client` VALUES (1580487061605175296, 'dax-pay', '支付网关', b'0', b'1', b'1', '1430430071299207168,1430478946919653376,1435138582839009280,1542091599907115008,1542804450312122368,1543126042909016064', '支付网关管理端', 1399985191002447872, '2022-10-13 17:14:14', 1399985191002447872, '2023-10-19 19:58:21', 3, b'0');

-- ----------------------------
-- Table structure for iam_data_role
-- ----------------------------
DROP TABLE IF EXISTS `iam_data_role`;
CREATE TABLE `iam_data_role`  (
  `id` bigint(20) NOT NULL COMMENT '角色ID',
  `code` varchar(50) CHARACTER SET utf8mb4 COLLATE utf8mb4_unicode_ci NULL DEFAULT NULL COMMENT '编码',
  `name` varchar(150) CHARACTER SET utf8mb4 COLLATE utf8mb4_unicode_ci NULL DEFAULT NULL COMMENT '名称',
  `type` varchar(20) CHARACTER SET utf8mb4 COLLATE utf8mb4_general_ci NOT NULL COMMENT '类型',
  `remark` varchar(255) CHARACTER SET utf8mb4 COLLATE utf8mb4_unicode_ci NULL DEFAULT NULL COMMENT '说明',
  `creator` bigint(20) NULL DEFAULT NULL COMMENT '创建人',
  `create_time` datetime NULL DEFAULT NULL COMMENT '创建时间',
  `last_modifier` bigint(20) NULL DEFAULT NULL COMMENT '最后修改人',
  `last_modified_time` datetime NULL DEFAULT NULL COMMENT '最后修改时间',
  `version` int(11) NOT NULL COMMENT '版本',
  `deleted` tinyint(1) NOT NULL DEFAULT 0 COMMENT '0:未删除。1:已删除',
  PRIMARY KEY (`id`) USING BTREE
) ENGINE = InnoDB CHARACTER SET = utf8mb4 COLLATE = utf8mb4_general_ci COMMENT = '数据范围权限' ROW_FORMAT = DYNAMIC;

-- ----------------------------
-- Records of iam_data_role
-- ----------------------------

-- ----------------------------
-- Table structure for iam_data_role_dept
-- ----------------------------
DROP TABLE IF EXISTS `iam_data_role_dept`;
CREATE TABLE `iam_data_role_dept`  (
  `id` bigint(20) NOT NULL,
  `role_id` bigint(20) NOT NULL COMMENT '数据角色id',
  `dept_id` bigint(20) NOT NULL COMMENT '部门id',
  PRIMARY KEY (`id`) USING BTREE
) ENGINE = InnoDB CHARACTER SET = utf8 COLLATE = utf8_general_ci COMMENT = '数据范围部门关联配置' ROW_FORMAT = DYNAMIC;

-- ----------------------------
-- Records of iam_data_role_dept
-- ----------------------------

-- ----------------------------
-- Table structure for iam_data_role_user
-- ----------------------------
DROP TABLE IF EXISTS `iam_data_role_user`;
CREATE TABLE `iam_data_role_user`  (
  `id` bigint(20) NOT NULL,
  `role_id` bigint(20) NOT NULL COMMENT '数据角色id',
  `user_id` bigint(20) NOT NULL COMMENT '用户id',
  PRIMARY KEY (`id`) USING BTREE
) ENGINE = InnoDB CHARACTER SET = utf8 COLLATE = utf8_general_ci COMMENT = '数据范围用户关联配置' ROW_FORMAT = DYNAMIC;

-- ----------------------------
-- Records of iam_data_role_user
-- ----------------------------

-- ----------------------------
-- Table structure for iam_dept
-- ----------------------------
DROP TABLE IF EXISTS `iam_dept`;
CREATE TABLE `iam_dept`  (
  `id` bigint(20) NOT NULL COMMENT 'ID',
  `parent_id` bigint(20) NULL DEFAULT NULL COMMENT '父机构ID',
  `dept_name` varchar(100) CHARACTER SET utf8 COLLATE utf8_general_ci NOT NULL COMMENT '机构/部门名称',
  `sort_no` int(11) NOT NULL DEFAULT 0 COMMENT '排序',
  `org_category` varchar(10) CHARACTER SET utf8 COLLATE utf8_general_ci NOT NULL DEFAULT '1' COMMENT '机构类别 1公司 2部门 3岗位',
  `org_code` varchar(64) CHARACTER SET utf8 COLLATE utf8_general_ci NOT NULL COMMENT '机构编码',
  `mobile` varchar(32) CHARACTER SET utf8 COLLATE utf8_general_ci NULL DEFAULT NULL COMMENT '手机号',
  `fax` varchar(32) CHARACTER SET utf8 COLLATE utf8_general_ci NULL DEFAULT NULL COMMENT '传真',
  `address` varchar(100) CHARACTER SET utf8 COLLATE utf8_general_ci NULL DEFAULT NULL COMMENT '地址',
  `remark` varchar(500) CHARACTER SET utf8 COLLATE utf8_general_ci NULL DEFAULT NULL COMMENT '备注',
  `creator` bigint(20) NULL DEFAULT NULL COMMENT '创建人',
  `create_time` datetime NULL DEFAULT NULL COMMENT '创建时间',
  `last_modifier` bigint(20) NULL DEFAULT NULL COMMENT '最后修改人',
  `last_modified_time` datetime NULL DEFAULT NULL COMMENT '最后修改时间',
  `version` int(11) NOT NULL COMMENT '版本',
  `deleted` tinyint(1) NOT NULL DEFAULT 0 COMMENT '0:未删除。1:已删除',
  PRIMARY KEY (`id`) USING BTREE
) ENGINE = InnoDB CHARACTER SET = utf8 COLLATE = utf8_general_ci COMMENT = '部门组织机构表' ROW_FORMAT = DYNAMIC;

-- ----------------------------
-- Records of iam_dept
-- ----------------------------

-- ----------------------------
-- Table structure for iam_login_security_config
-- ----------------------------
DROP TABLE IF EXISTS `iam_login_security_config`;
CREATE TABLE `iam_login_security_config`  (
  `id` bigint(20) NOT NULL COMMENT '主键',
  `client_id` bigint(20) NULL DEFAULT NULL COMMENT '关联终端ID',
  `require_login_change_pwd` bit(1) NULL DEFAULT NULL COMMENT '修改密码是否需要重新登录',
  `captcha_enable` bit(1) NULL DEFAULT NULL COMMENT '默认启用验证码',
  `max_captcha_error_count` int(11) NULL DEFAULT NULL COMMENT '出现验证码的错误次数',
  `allow_multi_login` bit(1) NULL DEFAULT NULL COMMENT '同端是否允许同时登录',
  `allow_multi_terminal_login` bit(1) NULL DEFAULT NULL COMMENT '多终端是否允许同时登录',
  `creator` bigint(20) NULL DEFAULT NULL COMMENT '创建者ID',
  `create_time` datetime NULL DEFAULT NULL COMMENT '创建时间',
  `last_modifier` bigint(20) NULL DEFAULT NULL COMMENT '最后修者ID',
  `last_modified_time` datetime NULL DEFAULT NULL COMMENT '最后修改时间',
  `version` int(11) NOT NULL COMMENT '乐观锁',
  `deleted` bit(1) NOT NULL COMMENT '删除标志',
  PRIMARY KEY (`id`) USING BTREE
) ENGINE = InnoDB CHARACTER SET = utf8mb4 COLLATE = utf8mb4_bin COMMENT = '登录安全策略' ROW_FORMAT = DYNAMIC;

-- ----------------------------
-- Records of iam_login_security_config
-- ----------------------------

-- ----------------------------
-- Table structure for iam_login_type
-- ----------------------------
DROP TABLE IF EXISTS `iam_login_type`;
CREATE TABLE `iam_login_type`  (
  `id` bigint(20) NOT NULL COMMENT '主键',
  `code` varchar(21) CHARACTER SET utf8mb4 COLLATE utf8mb4_general_ci NOT NULL COMMENT '编码',
  `name` varchar(50) CHARACTER SET utf8mb4 COLLATE utf8mb4_general_ci NULL DEFAULT NULL COMMENT '名称',
  `type` varchar(50) CHARACTER SET utf8mb4 COLLATE utf8mb4_general_ci NULL DEFAULT NULL COMMENT '类型',
  `internal` bit(1) NOT NULL COMMENT '是否系统内置',
  `timeout` bigint(11) NULL DEFAULT NULL COMMENT '在线时长(秒)',
  `captcha_type` varchar(8) CHARACTER SET utf8mb4 COLLATE utf8mb4_general_ci NULL DEFAULT NULL COMMENT '验证码类型',
  `captcha` bit(1) NOT NULL COMMENT '启用验证码',
  `enable` bit(1) NOT NULL COMMENT '是否可用',
  `description` varchar(255) CHARACTER SET utf8mb4 COLLATE utf8mb4_general_ci NULL DEFAULT NULL COMMENT '描述',
  `creator` bigint(20) NULL DEFAULT NULL COMMENT '创建者ID',
  `create_time` datetime NULL DEFAULT NULL COMMENT '创建时间',
  `last_modifier` bigint(20) NULL DEFAULT NULL COMMENT '最后修者ID',
  `last_modified_time` datetime NULL DEFAULT NULL COMMENT '最后修改时间',
  `version` int(11) NOT NULL COMMENT '乐观锁',
  `deleted` bit(1) NOT NULL COMMENT '删除标志',
  PRIMARY KEY (`id`) USING BTREE
) ENGINE = InnoDB CHARACTER SET = utf8mb4 COLLATE = utf8mb4_general_ci COMMENT = '登录方式' ROW_FORMAT = DYNAMIC;

-- ----------------------------
-- Records of iam_login_type
-- ----------------------------
INSERT INTO `iam_login_type` VALUES (1430430071299207168, 'password', '账号密码登陆', 'password', b'1', 3600, '-1', b'0', b'1', NULL, 1399985191002447872, '2021-08-25 15:21:20', 1399985191002447872, '2022-11-03 22:24:53', 20, b'0');
INSERT INTO `iam_login_type` VALUES (1435138582839009280, 'phone', '手机短信登录', 'openId', b'0', 3600, '0', b'0', b'1', NULL, 1399985191002447872, '2021-09-07 15:11:16', 1399985191002447872, '2022-07-16 12:32:19', 5, b'0');
INSERT INTO `iam_login_type` VALUES (1542091599907115008, 'dingTalk', '钉钉', 'openId', b'0', 5, '-1', b'0', b'1', '', 1399985191002447872, '2022-06-29 18:24:23', 1399985191002447872, '2022-07-02 14:55:01', 5, b'0');
INSERT INTO `iam_login_type` VALUES (1542804450312122368, 'weCom', '企业微信', 'openId', b'0', 5, '-1', b'0', b'1', '', 1399985191002447872, '2022-07-01 17:37:00', 1399985191002447872, '2022-07-01 17:37:00', 0, b'0');
INSERT INTO `iam_login_type` VALUES (1543126042909016064, 'weChat', '微信登录', 'openId', b'0', 5, '-1', b'0', b'1', '', 1399985191002447872, '2022-07-02 14:54:53', 0, '2022-10-12 22:15:05', 2, b'0');

-- ----------------------------
-- Table structure for iam_password_change_history
-- ----------------------------
DROP TABLE IF EXISTS `iam_password_change_history`;
CREATE TABLE `iam_password_change_history`  (
  `id` bigint(20) NOT NULL COMMENT '主键',
  `user_id` bigint(20) NULL DEFAULT NULL COMMENT '用户Id',
  `password` varchar(255) CHARACTER SET utf8mb4 COLLATE utf8mb4_bin NULL DEFAULT NULL COMMENT '密码',
  `creator` bigint(20) NULL DEFAULT NULL COMMENT '创建者ID',
  `create_time` datetime NULL DEFAULT NULL COMMENT '创建时间',
  PRIMARY KEY (`id`) USING BTREE
) ENGINE = InnoDB CHARACTER SET = utf8mb4 COLLATE = utf8mb4_bin COMMENT = '密码更改历史' ROW_FORMAT = DYNAMIC;

-- ----------------------------
-- Records of iam_password_change_history
-- ----------------------------

-- ----------------------------
-- Table structure for iam_password_login_fail_record
-- ----------------------------
DROP TABLE IF EXISTS `iam_password_login_fail_record`;
CREATE TABLE `iam_password_login_fail_record`  (
  `id` bigint(20) NOT NULL COMMENT '主键',
  `user_id` bigint(20) NULL DEFAULT NULL COMMENT '用户id',
  `fail_count` int(11) NULL DEFAULT NULL COMMENT '登录失败次数',
  `fail_time` datetime NULL DEFAULT NULL COMMENT '登录失败时间',
  `creator` bigint(20) NULL DEFAULT NULL COMMENT '创建者ID',
  `create_time` datetime NULL DEFAULT NULL COMMENT '创建时间',
  `last_modifier` bigint(20) NULL DEFAULT NULL COMMENT '最后修者ID',
  `last_modified_time` datetime NULL DEFAULT NULL COMMENT '最后修改时间',
  `version` int(11) NOT NULL COMMENT '乐观锁',
  `deleted` bit(1) NOT NULL COMMENT '删除标志',
  PRIMARY KEY (`id`) USING BTREE
) ENGINE = InnoDB CHARACTER SET = utf8mb4 COLLATE = utf8mb4_bin COMMENT = '密码登录失败记录' ROW_FORMAT = DYNAMIC;

-- ----------------------------
-- Records of iam_password_login_fail_record
-- ----------------------------

-- ----------------------------
-- Table structure for iam_password_security_config
-- ----------------------------
DROP TABLE IF EXISTS `iam_password_security_config`;
CREATE TABLE `iam_password_security_config`  (
  `id` bigint(20) NOT NULL COMMENT '主键',
  `max_pwd_error_count` int(11) NULL DEFAULT NULL COMMENT '最大密码错误数',
  `error_lock_time` int(11) NULL DEFAULT NULL COMMENT '密码错误锁定时间(分钟)',
  `require_change_pwd` bit(1) NULL DEFAULT NULL COMMENT '强制修改初始密码',
  `update_frequency` int(11) NULL DEFAULT NULL COMMENT '更新频率',
  `expire_remind` int(11) NULL DEFAULT NULL COMMENT '到期提醒(天数)',
  `same_as_login_name` bit(1) NULL DEFAULT NULL COMMENT '与登录名相同',
  `recent_password` int(11) NULL DEFAULT NULL COMMENT '不能与近期多少次密码相同',
  `creator` bigint(20) NULL DEFAULT NULL COMMENT '创建者ID',
  `create_time` datetime NULL DEFAULT NULL COMMENT '创建时间',
  `last_modifier` bigint(20) NULL DEFAULT NULL COMMENT '最后修者ID',
  `last_modified_time` datetime NULL DEFAULT NULL COMMENT '最后修改时间',
  `version` int(11) NOT NULL COMMENT '乐观锁',
  `deleted` bit(1) NOT NULL COMMENT '删除标志',
  PRIMARY KEY (`id`) USING BTREE
) ENGINE = InnoDB CHARACTER SET = utf8mb4 COLLATE = utf8mb4_bin COMMENT = '密码安全策略' ROW_FORMAT = DYNAMIC;

-- ----------------------------
-- Records of iam_password_security_config
-- ----------------------------
INSERT INTO `iam_password_security_config` VALUES (1714844168393515008, 9999999, 10, b'1', 9999999, 14, b'0', 5, 1399985191002447872, '2023-10-19 11:21:25', 1399985191002447872, '2023-11-29 12:10:21', 2, b'0');

-- ----------------------------
-- Table structure for iam_perm_menu
-- ----------------------------
DROP TABLE IF EXISTS `iam_perm_menu`;
CREATE TABLE `iam_perm_menu`  (
  `id` bigint(20) NOT NULL,
  `client_code` varchar(50) CHARACTER SET utf8mb4 COLLATE utf8mb4_general_ci NOT NULL COMMENT '终端code',
  `parent_id` bigint(20) NULL DEFAULT NULL COMMENT '父id',
  `title` varchar(255) CHARACTER SET utf8mb4 COLLATE utf8mb4_general_ci NOT NULL COMMENT '菜单名称',
  `name` varchar(255) CHARACTER SET utf8mb4 COLLATE utf8mb4_general_ci NULL DEFAULT NULL COMMENT '路由名称',
  `perm_code` varchar(255) CHARACTER SET utf8mb4 COLLATE utf8mb4_general_ci NULL DEFAULT NULL COMMENT '菜单权限编码',
  `effect` bit(1) NULL DEFAULT NULL COMMENT '是否有效',
  `icon` varchar(255) CHARACTER SET utf8mb4 COLLATE utf8mb4_general_ci NULL DEFAULT NULL COMMENT '菜单图标',
  `hidden` bit(1) NOT NULL COMMENT '是否隐藏',
  `hide_children_in_menu` bit(1) NOT NULL COMMENT '是否隐藏子菜单',
  `component` varchar(255) CHARACTER SET utf8mb4 COLLATE utf8mb4_general_ci NULL DEFAULT NULL COMMENT '组件',
  `component_name` varchar(255) CHARACTER SET utf8mb4 COLLATE utf8mb4_general_ci NULL DEFAULT NULL COMMENT '组件名字',
  `path` varchar(255) CHARACTER SET utf8mb4 COLLATE utf8mb4_general_ci NULL DEFAULT NULL COMMENT '路径',
  `redirect` varchar(255) CHARACTER SET utf8mb4 COLLATE utf8mb4_general_ci NULL DEFAULT NULL COMMENT '菜单跳转地址(重定向)',
  `sort_no` double NOT NULL COMMENT '菜单排序',
  `menu_type` int(5) NOT NULL COMMENT '类型（0：一级菜单；1：子菜单 ；2：按钮权限）',
  `leaf` bit(1) NULL DEFAULT NULL COMMENT '是否叶子节点',
  `keep_alive` bit(1) NULL DEFAULT NULL COMMENT '是否缓存页面',
  `target_outside` bit(1) NULL DEFAULT NULL COMMENT '是否外部打开方式',
  `hidden_header_content` bit(1) NULL DEFAULT NULL COMMENT '隐藏的标题内容',
  `admin` bit(1) NOT NULL COMMENT '系统菜单',
  `remark` varchar(255) CHARACTER SET utf8mb4 COLLATE utf8mb4_general_ci NULL DEFAULT NULL COMMENT '描述',
  `creator` bigint(20) NULL DEFAULT NULL COMMENT '创建人',
  `create_time` datetime NULL DEFAULT NULL COMMENT '创建时间',
  `last_modifier` bigint(20) NULL DEFAULT NULL COMMENT '最后修改人',
  `last_modified_time` datetime NULL DEFAULT NULL COMMENT '最后修改时间',
  `version` int(11) NOT NULL COMMENT '版本',
  `deleted` tinyint(1) NOT NULL DEFAULT 0 COMMENT '0:未删除。1:已删除',
  PRIMARY KEY (`id`) USING BTREE
) ENGINE = InnoDB CHARACTER SET = utf8mb4 COLLATE = utf8mb4_general_ci COMMENT = '权限_菜单' ROW_FORMAT = DYNAMIC;

-- ----------------------------
-- Records of iam_perm_menu
-- ----------------------------
INSERT INTO `iam_perm_menu` VALUES (1580740450633101312, 'dax-pay', NULL, '系统管理', 'System', NULL, b'0', 'ant-design:setting-outlined', b'0', b'0', 'Layout', NULL, '/system', '/system1/client', -99999, 0, NULL, b'1', b'0', b'0', b'0', NULL, 1399985191002447872, '2022-10-14 10:01:07', 1414143554414059520, '2022-10-18 15:32:09', 4, 0);
INSERT INTO `iam_perm_menu` VALUES (1580740637841666048, 'dax-pay', 1582253306356649984, '终端管理', 'ClientList', NULL, b'0', '', b'0', b'0', '/modules/system/client/ClientList.vue', NULL, '/system/client', '', 0, 1, NULL, b'1', b'0', b'0', b'0', NULL, 1399985191002447872, '2022-10-14 10:01:51', 1414143554414059520, '2022-10-18 14:13:27', 5, 0);
INSERT INTO `iam_perm_menu` VALUES (1580740758629232640, 'dax-pay', 1582253306356649984, '登录方式', 'LoginTypeList', NULL, b'0', '', b'0', b'0', '/modules/system/loginType/LoginTypeList.vue', NULL, '/system/loginType', '', 0, 1, NULL, b'1', b'0', b'0', b'0', NULL, 1399985191002447872, '2022-10-14 10:02:20', 1414143554414059520, '2022-10-18 14:13:40', 5, 0);
INSERT INTO `iam_perm_menu` VALUES (1580928436300337152, 'dax-pay', 1580740450633101312, '菜单管理', 'MenuList', NULL, b'0', '', b'0', b'0', '/modules/system/menu/MenuList.vue', NULL, '/system/menu', '', -99, 1, NULL, b'1', b'0', b'0', b'0', NULL, 1399985191002447872, '2022-10-14 22:28:06', 1399985191002447872, '2022-10-14 22:28:32', 1, 0);
INSERT INTO `iam_perm_menu` VALUES (1582249924602580992, 'dax-pay', 1580740450633101312, '权限管理', 'Permission', NULL, b'0', '', b'0', b'0', 'Layout', NULL, '/system/permission', '', 0, 1, NULL, b'1', b'0', b'0', b'0', NULL, 1414143554414059520, '2022-10-18 13:59:13', 1414143554414059520, '2022-10-18 13:59:13', 0, 0);
INSERT INTO `iam_perm_menu` VALUES (1582253011803262976, 'dax-pay', 1580740450633101312, '用户信息', 'UserAuth', NULL, b'0', '', b'0', b'0', 'Layout', NULL, '/system/user', '', 0, 1, NULL, b'1', b'0', b'0', b'0', NULL, 1414143554414059520, '2022-10-18 14:11:30', 1414143554414059520, '2022-10-18 14:11:30', 0, 0);
INSERT INTO `iam_perm_menu` VALUES (1582253152903843840, 'dax-pay', 1580740450633101312, '系统配置', 'SystemConfig', NULL, b'0', '', b'0', b'0', 'Layout', NULL, '/system/config', '', 0, 1, NULL, b'1', b'0', b'0', b'0', NULL, 1414143554414059520, '2022-10-18 14:12:03', 1414143554414059520, '2022-10-18 14:12:03', 0, 0);
INSERT INTO `iam_perm_menu` VALUES (1582253306356649984, 'dax-pay', 1580740450633101312, '认证管理', 'Auth', NULL, b'0', '', b'0', b'0', 'Layout', NULL, '/system/auth', '', 0, 1, NULL, b'1', b'0', b'0', b'0', NULL, 1414143554414059520, '2022-10-18 14:12:40', 1414143554414059520, '2022-10-18 14:13:13', 1, 0);
INSERT INTO `iam_perm_menu` VALUES (1582275875424129024, 'dax-pay', NULL, '系统监控', 'Monitor', NULL, b'0', 'ant-design:monitor-outlined', b'0', b'0', 'Layout', NULL, '/monitor', '', 0, 0, NULL, b'1', b'0', b'0', b'0', NULL, 1414143554414059520, '2022-10-18 15:42:21', 1414143554414059520, '2022-10-19 17:29:29', 1, 0);
INSERT INTO `iam_perm_menu` VALUES (1582275984849326080, 'dax-pay', NULL, '通知管理', 'Notice', NULL, b'0', 'ant-design:message-outlined', b'0', b'0', 'Layout', NULL, '/notice', '', 0, 0, NULL, b'1', b'0', b'0', b'0', NULL, 1414143554414059520, '2022-10-18 15:42:47', 1414143554414059520, '2022-10-19 17:30:06', 1, 0);
INSERT INTO `iam_perm_menu` VALUES (1582276092038959104, 'dax-pay', NULL, '第三方对接', 'Third', NULL, b'0', 'ant-design:api-twotone', b'0', b'0', 'Layout', NULL, '/third', '', 0, 0, NULL, b'1', b'0', b'0', b'0', NULL, 1414143554414059520, '2022-10-18 15:43:12', 1414143554414059520, '2022-10-19 17:32:04', 1, 0);
INSERT INTO `iam_perm_menu` VALUES (1582276341792985088, 'dax-pay', NULL, '开发管理', 'Develop', NULL, b'0', 'ant-design:apartment-outlined', b'0', b'0', 'Layout', NULL, '/develop', '', 0, 0, NULL, b'1', b'0', b'0', b'0', NULL, 1414143554414059520, '2022-10-18 15:44:12', 1414143554414059520, '2022-10-19 15:24:22', 1, 0);
INSERT INTO `iam_perm_menu` VALUES (1582277076421136384, 'dax-pay', 1582249924602580992, '角色管理', 'RoleList', NULL, b'0', '', b'0', b'0', '/modules/system/role/RoleList.vue', NULL, '/system/permission/role', '', 0, 1, NULL, b'1', b'0', b'0', b'0', NULL, 1414143554414059520, '2022-10-18 15:47:07', 1414143554414059520, '2022-10-18 15:59:37', 1, 0);
INSERT INTO `iam_perm_menu` VALUES (1582301940364308480, 'dax-pay', 1582249924602580992, '请求权限', 'PermPathList', NULL, b'0', '', b'0', b'0', '/modules/system/path/PermPathList.vue', NULL, '/system/permission/path', '', 0, 1, NULL, b'1', b'0', b'0', b'0', NULL, 1414143554414059520, '2022-10-18 17:25:55', 1399985191002447872, '2023-11-29 13:57:56', 2, 0);
INSERT INTO `iam_perm_menu` VALUES (1582302180999917568, 'dax-pay', 1582249924602580992, '数据角色', 'DataRoleList', NULL, b'0', '', b'0', b'0', '/modules/system/scope/DataRoleList.vue', NULL, '/system/permission/data', '', 0, 1, NULL, b'1', b'0', b'0', b'0', NULL, 1414143554414059520, '2022-10-18 17:26:52', 1399985191002447872, '2023-11-28 21:02:57', 2, 0);
INSERT INTO `iam_perm_menu` VALUES (1582302542955769856, 'dax-pay', 1582253011803262976, '用户管理', 'UserList', NULL, b'0', '', b'0', b'0', '/modules/system/user/UserList.vue', NULL, '/system/user/info', '', 0, 1, NULL, b'1', b'0', b'0', b'0', NULL, 1414143554414059520, '2022-10-18 17:28:19', 1414143554414059520, '2022-10-18 17:28:19', 0, 0);
INSERT INTO `iam_perm_menu` VALUES (1582302764129808384, 'dax-pay', 1582253011803262976, '部门管理', 'DeptList', NULL, b'0', '', b'0', b'0', '/modules/system/dept/DeptList.vue', NULL, '/system/user/dept', '', 0, 1, NULL, b'1', b'0', b'0', b'0', NULL, 1414143554414059520, '2022-10-18 17:29:11', 1414143554414059520, '2022-10-18 17:32:26', 1, 0);
INSERT INTO `iam_perm_menu` VALUES (1582303143110340608, 'dax-pay', 1582253152903843840, '数据字典', 'DictList', NULL, b'0', '', b'0', b'0', '/modules/system/dict/DictList.vue', NULL, '/system/config/dict', '', 0, 1, NULL, b'1', b'0', b'0', b'0', NULL, 1414143554414059520, '2022-10-18 17:30:42', 1414143554414059520, '2022-10-18 17:30:42', 0, 0);
INSERT INTO `iam_perm_menu` VALUES (1582303290070364160, 'dax-pay', 1582253152903843840, '定时任务', 'QuartzJobList', NULL, b'0', '', b'0', b'0', '/modules/baseapi/quartz/QuartzJobList.vue', NULL, '/system/config/quartz', '', 0, 1, NULL, b'1', b'0', b'0', b'0', NULL, 1414143554414059520, '2022-10-18 17:31:17', 1414143554414059520, '2023-08-09 15:50:46', 2, 0);
INSERT INTO `iam_perm_menu` VALUES (1582303447428067328, 'dax-pay', 1582253152903843840, '系统参数', 'SystemParamList', NULL, b'0', '', b'0', b'0', '/modules/system/param/SystemParamList.vue', NULL, '/system/config/param', '', 0, 1, NULL, b'1', b'0', b'0', b'0', NULL, 1414143554414059520, '2022-10-18 17:31:54', 1414143554414059520, '2022-10-19 23:14:16', 1, 0);
INSERT INTO `iam_perm_menu` VALUES (1582632873244172288, 'dax-pay', 1582276341792985088, '文件管理', 'FileUploadList', NULL, b'0', '', b'0', b'0', '/modules/develop/file/FileUploadList.vue', NULL, '/develop/file', '', 0, 1, NULL, b'1', b'0', b'0', b'0', NULL, 1414143554414059520, '2022-10-19 15:20:56', 1414143554414059520, '2022-10-19 15:20:56', 0, 0);
INSERT INTO `iam_perm_menu` VALUES (1582633196587261952, 'dax-pay', 1582276341792985088, '代码生成', 'CodeGenList', NULL, b'0', '', b'0', b'0', '/modules/develop/codegen/CodeGenList.vue', NULL, '/develop/codegen', '', 0, 1, NULL, b'1', b'0', b'0', b'0', NULL, 1414143554414059520, '2022-10-19 15:22:13', 1414143554414059520, '2022-10-19 15:23:17', 1, 0);
INSERT INTO `iam_perm_menu` VALUES (1582633307786649600, 'dax-pay', 1582276341792985088, '动态表单', 'DynamicFormList', NULL, b'0', '', b'0', b'0', '/modules/develop/dynamicform/DynamicFormList.vue', NULL, '/develop/form', '', 0, 1, NULL, b'1', b'0', b'0', b'0', NULL, 1414143554414059520, '2022-10-19 15:22:39', 1414143554414059520, '2022-10-19 15:22:39', 0, 0);
INSERT INTO `iam_perm_menu` VALUES (1582633620321017856, 'dax-pay', 1582276341792985088, '动态数据源', 'DynamicDataSourceList', NULL, b'0', '', b'0', b'0', '/modules/develop/dynamicsource/DynamicDataSourceList.vue', NULL, '/develop/source', '', 0, 1, NULL, b'1', b'0', b'0', b'0', NULL, 1414143554414059520, '2022-10-19 15:23:54', 1414143554414059520, '2022-10-19 15:23:54', 0, 0);
INSERT INTO `iam_perm_menu` VALUES (1583074308040925184, 'dax-pay', 1582275875424129024, '接口文档', 'ApiSwagger', NULL, b'0', '', b'0', b'0', '', NULL, 'http://127.0.0.1:9999/doc.html', '', 0, 1, NULL, b'1', b'0', b'0', b'0', NULL, 1414143554414059520, '2022-10-20 20:35:02', 1414143554414059520, '2022-11-23 13:59:09', 2, 0);
INSERT INTO `iam_perm_menu` VALUES (1583075229563068416, 'dax-pay', 1582275875424129024, '审计日志', 'AuditLog', NULL, b'0', '', b'0', b'0', 'Layout', NULL, '/monitor/log', '', 0, 1, NULL, b'1', b'0', b'0', b'0', NULL, 1414143554414059520, '2022-10-20 20:38:42', 1414143554414059520, '2022-10-20 20:41:38', 2, 0);
INSERT INTO `iam_perm_menu` VALUES (1583076217481043968, 'dax-pay', 1583075229563068416, '登录日志', 'LoginLogList', NULL, b'0', '', b'0', b'0', '/modules/monitor/login/LoginLogList.vue', NULL, '/monitor/log/login', '', 0, 1, NULL, b'1', b'0', b'0', b'0', NULL, 1414143554414059520, '2022-10-20 20:42:37', 1414143554414059520, '2022-10-20 20:43:36', 1, 0);
INSERT INTO `iam_perm_menu` VALUES (1583076424935514112, 'dax-pay', 1583075229563068416, '操作日志', 'OperateLogList', NULL, b'0', '', b'0', b'0', '/modules/monitor/operate/OperateLogList.vue', NULL, '/monitor/log/operate', '', 0, 1, NULL, b'1', b'0', b'0', b'0', NULL, 1414143554414059520, '2022-10-20 20:43:26', 1414143554414059520, '2022-10-20 20:43:26', 0, 0);
INSERT INTO `iam_perm_menu` VALUES (1583076670881112064, 'dax-pay', 1583075229563068416, '数据版本日志', 'DataVersionLogList', NULL, b'0', '', b'0', b'0', '/modules/monitor/data/DataVersionLogList.vue', NULL, '/monitor/log/data', '', 0, 1, NULL, b'1', b'0', b'0', b'0', NULL, 1414143554414059520, '2022-10-20 20:44:25', 1414143554414059520, '2022-10-20 20:44:25', 0, 0);
INSERT INTO `iam_perm_menu` VALUES (1583076878956339200, 'dax-pay', 1582275875424129024, 'ELK日志', 'ELK', NULL, b'0', '', b'1', b'0', '', NULL, 'http://elk.dev.bootx.cn:5601/app/discover', '', 0, 1, NULL, b'1', b'0', b'0', b'0', NULL, 1414143554414059520, '2022-10-20 20:45:15', 1414143554414059520, '2023-08-12 19:26:12', 3, 0);
INSERT INTO `iam_perm_menu` VALUES (1583077015434797056, 'dax-pay', 1582275875424129024, 'PlumeLog日志', 'PlumeLog', NULL, b'0', '', b'0', b'0', '', NULL, 'http://127.0.0.1:9999/plumelog/#/', '', 0, 1, NULL, b'1', b'0', b'0', b'0', NULL, 1414143554414059520, '2022-10-20 20:45:47', 1414143554414059520, '2022-10-20 20:45:47', 0, 0);
INSERT INTO `iam_perm_menu` VALUES (1583077198772019200, 'dax-pay', 1582275875424129024, '系统信息', 'SystemInfoMonitor', NULL, b'0', '', b'0', b'0', '/modules/monitor/system/SystemInfoMonitor.vue', NULL, '/monitor/sysinfo', '', 0, 1, NULL, b'1', b'0', b'0', b'0', NULL, 1414143554414059520, '2022-10-20 20:46:31', 1414143554414059520, '2022-10-20 20:46:31', 0, 0);
INSERT INTO `iam_perm_menu` VALUES (1583077360827342848, 'dax-pay', 1582275875424129024, 'Redis监控', 'RedisInfoMonitor', NULL, b'0', '', b'0', b'0', '/modules/monitor/redis/RedisInfoMonitor.vue', NULL, '/monitor/redis', '', 0, 1, NULL, b'1', b'0', b'0', b'0', NULL, 1414143554414059520, '2022-10-20 20:47:10', 1414143554414059520, '2022-10-20 20:47:10', 0, 0);
INSERT INTO `iam_perm_menu` VALUES (1584378294652051456, 'dax-pay', 1582275984849326080, '邮件配置', 'MailConfigList', NULL, b'0', '', b'0', b'0', '/modules/notice/mail/MailConfigList.vue', NULL, '/notice/notice', '', 0, 1, NULL, b'1', b'0', b'0', b'0', NULL, 1414143554414059520, '2022-10-24 10:56:36', 1414143554414059520, '2022-10-24 16:14:34', 1, 0);
INSERT INTO `iam_perm_menu` VALUES (1584378497824137216, 'dax-pay', 1582275984849326080, '消息模板', 'MessageTemplateList', NULL, b'0', '', b'0', b'0', '/modules/notice/template/MessageTemplateList.vue', NULL, '/notice/template', '', 0, 1, NULL, b'1', b'0', b'0', b'0', NULL, 1414143554414059520, '2022-10-24 10:57:25', 1414143554414059520, '2022-10-25 22:14:14', 2, 0);
INSERT INTO `iam_perm_menu` VALUES (1584378671266996224, 'dax-pay', 1582275984849326080, '站内信', 'SiteMessageList', NULL, b'0', '', b'0', b'0', '/modules/notice/site/sender/SiteMessageList.vue', NULL, '/notice/siteMessage', '', 0, 1, NULL, b'1', b'0', b'0', b'0', NULL, 1414143554414059520, '2022-10-24 10:58:06', 1414143554414059520, '2022-10-24 10:58:06', 0, 0);
INSERT INTO `iam_perm_menu` VALUES (1584379602188574720, 'dax-pay', 1582276092038959104, '微信', 'WeChat', NULL, b'0', '', b'0', b'0', 'Layout', NULL, '/third/wechat', '', 0, 1, NULL, b'1', b'0', b'0', b'0', NULL, 1414143554414059520, '2022-10-24 11:01:48', 1414143554414059520, '2022-10-24 11:01:48', 0, 0);
INSERT INTO `iam_perm_menu` VALUES (1584379704122744832, 'dax-pay', 1582276092038959104, '企业微信', 'WeCom', NULL, b'0', '', b'0', b'0', 'Layout', NULL, '/third/wecom', '', 0, 1, NULL, b'1', b'0', b'0', b'0', NULL, 1414143554414059520, '2022-10-24 11:02:12', 1414143554414059520, '2022-10-24 11:02:12', 0, 0);
INSERT INTO `iam_perm_menu` VALUES (1584380087805091840, 'dax-pay', 1582276092038959104, '钉钉', 'DingTalk', NULL, b'0', '', b'0', b'0', 'Layout', NULL, '/third/dingtalk', '', 0, 1, NULL, b'1', b'0', b'0', b'0', NULL, 1414143554414059520, '2022-10-24 11:03:44', 1414143554414059520, '2022-10-24 11:03:44', 0, 0);
INSERT INTO `iam_perm_menu` VALUES (1584380527829524480, 'dax-pay', 1584379602188574720, '消息模板', 'WechatTemplateList', NULL, b'0', '', b'0', b'0', '/modules/third/wechat/template/WechatTemplateList.vue', NULL, '/third/wechat/template', '', 0, 1, NULL, b'1', b'0', b'0', b'0', NULL, 1414143554414059520, '2022-10-24 11:05:29', 1414143554414059520, '2022-10-26 15:58:56', 1, 0);
INSERT INTO `iam_perm_menu` VALUES (1584380679478779904, 'dax-pay', 1584379602188574720, '自定义菜单', 'WechatMenuList', NULL, b'0', '', b'0', b'0', '/modules/third/wechat/menu/WechatMenuList.vue', NULL, '/third/wechat/menu', '', 0, 1, NULL, b'1', b'0', b'0', b'0', NULL, 1414143554414059520, '2022-10-24 11:06:05', 1414143554414059520, '2022-10-27 10:15:24', 1, 0);
INSERT INTO `iam_perm_menu` VALUES (1584380824308097024, 'dax-pay', 1584379602188574720, '素材管理', 'WechatMediaList', NULL, b'0', '', b'0', b'0', '/modules/third/wechat/media/WechatMediaList.vue', NULL, '/third/wechat/media', '', 0, 1, NULL, b'1', b'0', b'0', b'0', NULL, 1414143554414059520, '2022-10-24 11:06:40', 1414143554414059520, '2022-10-27 16:38:47', 1, 0);
INSERT INTO `iam_perm_menu` VALUES (1584381134950834176, 'dax-pay', 1584379704122744832, '企微机器人', 'WeComRobotConfigList', NULL, b'0', '', b'0', b'0', '/modules/third/wecom/robot/WecomRobotConfigList.vue', NULL, '/third/wecom/robot', '', 0, 1, NULL, b'1', b'0', b'0', b'0', NULL, 1414143554414059520, '2022-10-24 11:07:54', 1414143554414059520, '2022-11-12 20:58:25', 3, 0);
INSERT INTO `iam_perm_menu` VALUES (1584381322184564736, 'dax-pay', 1584380087805091840, '钉钉机器人', 'DingRobotConfigList', NULL, b'0', '', b'0', b'0', '/modules/third/dingtalk/robot/DingRobotConfigList.vue', NULL, '/third/dingTalk/robot', '', 0, 1, NULL, b'1', b'0', b'0', b'0', NULL, 1414143554414059520, '2022-10-24 11:08:38', 1414143554414059520, '2022-11-12 20:58:37', 6, 0);
INSERT INTO `iam_perm_menu` VALUES (1599337250200440832, 'dax-pay', NULL, '关于', '', NULL, b'0', 'ant-design:info-circle-outlined', b'0', b'0', '', NULL, '/about/index', '', 99, 0, NULL, b'1', b'0', b'0', b'0', NULL, 1414143554414059520, '2022-12-04 17:38:09', 1399985191002447872, '2024-01-14 23:09:56', 6, 0);
INSERT INTO `iam_perm_menu` VALUES (1623494586215579648, 'dax-pay', 1552207982510706688, '行政区划', 'ChinaRegion', NULL, b'0', '', b'1', b'0', 'develop/region/ChinaRegionList', NULL, '/develop/region', '', 0, 1, NULL, b'1', b'0', b'0', b'0', NULL, 1399985191002447872, '2023-02-09 09:30:47', 1399985191002447872, '2023-02-09 17:50:05', 1, 0);
INSERT INTO `iam_perm_menu` VALUES (1629039360928075776, 'dax-pay', 1582276341792985088, '可视化大屏', 'ProjectInfoList', NULL, b'0', '', b'0', b'0', '/modules/develop/report/ProjectInfoList', NULL, '/develop/report', '', 0, 1, NULL, b'1', b'0', b'0', b'0', NULL, 1414143554414059520, '2023-02-24 16:43:44', 1399985191002447872, '2024-05-09 19:26:57', 1, 1);
INSERT INTO `iam_perm_menu` VALUES (1631946120891707392, 'dax-pay', 1552207982510706688, '可视化大屏', 'ProjectInfoList', NULL, b'0', '', b'0', b'0', 'develop/report/ProjectInfoList', NULL, '/develop/report', '', 0, 1, NULL, b'1', b'0', b'0', b'0', NULL, 1399985191002447872, '2023-03-04 17:14:10', 1399985191002447872, '2023-03-04 17:14:10', 0, 0);
INSERT INTO `iam_perm_menu` VALUES (1635274568758435840, 'dax-pay', 1582276341792985088, '数据集管理', 'DataResultSqlList', NULL, b'0', '', b'0', b'0', '/modules/develop/dataresult/DataResultSqlList', NULL, '/develop/dataresult', '', 0, 1, NULL, b'1', b'0', b'0', b'0', NULL, 1414143554414059520, '2023-03-13 21:40:14', 1399985191002447872, '2024-05-09 19:27:24', 3, 1);
INSERT INTO `iam_perm_menu` VALUES (1687369862646558720, 'dax-pay', 1582275984849326080, '短信管理', 'Sms', NULL, b'0', '', b'0', b'0', 'Layout', NULL, '/notice/sms', '', 0, 1, NULL, b'1', b'0', b'0', b'0', NULL, 1414143554414059520, '2023-08-04 15:48:20', 1414143554414059520, '2023-08-04 15:48:32', 1, 0);
INSERT INTO `iam_perm_menu` VALUES (1687370142234669056, 'dax-pay', 1687369862646558720, '短信配置', 'SmsChannelConfigList', NULL, b'0', '', b'0', b'0', '/modules/notice/sms/config/SmsChannelConfigList', NULL, '/notice/sms/config', '', 0, 1, NULL, b'1', b'0', b'0', b'0', NULL, 1414143554414059520, '2023-08-04 15:49:26', 1414143554414059520, '2023-08-04 15:49:26', 0, 0);
INSERT INTO `iam_perm_menu` VALUES (1687370277496778752, 'dax-pay', 1687369862646558720, '短信模板', 'SmsTemplateList', NULL, b'0', '', b'0', b'0', '/modules/notice/sms/template/SmsTemplateList', NULL, '/notice/sms/template', '', 0, 1, NULL, b'1', b'0', b'0', b'0', NULL, 1414143554414059520, '2023-08-04 15:49:59', 1414143554414059520, '2023-08-04 15:50:38', 1, 0);
INSERT INTO `iam_perm_menu` VALUES (1689181991598997504, 'dax-pay', 1582253152903843840, '敏感词管理', 'ChinaWord', NULL, b'0', '', b'0', b'0', '/modules/baseapi/chianword/ChinaWordList.vue', NULL, '/system/config/chinaword', '', 0, 1, NULL, b'1', b'0', b'0', b'0', NULL, 1414143554414059520, '2023-08-09 15:49:05', 1414143554414059520, '2023-08-09 15:49:05', 0, 0);
INSERT INTO `iam_perm_menu` VALUES (1690324070514782208, 'dax-pay', 1582276341792985088, '通用模板', 'GeneralTemplateList', NULL, b'0', '', b'0', b'0', '/modules/develop/template/GeneralTemplateList', NULL, '/develop/template', '', 0, 1, NULL, b'1', b'0', b'0', b'0', NULL, 1414143554414059520, '2023-08-12 19:27:18', 1414143554414059520, '2023-08-12 19:31:26', 3, 0);
INSERT INTO `iam_perm_menu` VALUES (1703665090038800384, 'dax-pay', 1582276341792985088, '在线SQL', 'SqlQueryInfo', NULL, b'0', '', b'0', b'0', '/modules/develop/query/SqlQueryInfo', NULL, '/develop/sqlquery', '', 0, 1, NULL, b'1', b'0', b'0', b'0', NULL, 1414143554414059520, '2023-09-18 14:59:45', 1399985191002447872, '2024-05-09 19:27:29', 0, 1);
INSERT INTO `iam_perm_menu` VALUES (1713931084759293952, 'dax-pay', 1582253306356649984, '密码安全', 'PassowrdSecurity', NULL, b'0', '', b'0', b'0', '/modules/system/security/password/PasswordSecurityConfig.vue', NULL, '/system/config/passowrd', '', 0, 1, NULL, b'1', b'0', b'0', b'0', NULL, 1399985191002447872, '2023-10-16 22:53:09', 1399985191002447872, '2023-10-16 22:58:59', 2, 0);
INSERT INTO `iam_perm_menu` VALUES (1733829906427682816, 'dax-pay', 1582275875424129024, '在线用户', 'OnlineUserList', NULL, b'0', '', b'0', b'0', '/modules/monitor/user/online/OnlineUserList', NULL, '/monitor/user/online', '', 0, 1, NULL, b'1', b'0', b'0', b'0', NULL, 1399985191002447872, '2023-12-10 20:43:57', 1399985191002447872, '2023-12-10 20:43:57', 0, 0);
INSERT INTO `iam_perm_menu` VALUES (1744271715476684800, 'dax-pay', NULL, '支付配置', 'PayConfig', NULL, b'0', 'ant-design:setting-filled', b'0', b'0', 'Layout', NULL, '/pay/config', '', 0, 0, NULL, b'1', b'0', b'0', b'0', NULL, 1399985191002447872, '2024-01-08 16:15:59', 1399985191002447872, '2024-01-09 15:38:06', 1, 0);
INSERT INTO `iam_perm_menu` VALUES (1744276101384880128, 'dax-pay', 1744271715476684800, '支付通道', 'PayChannelConfigList', NULL, b'0', '', b'0', b'0', 'payment/system/channel/PayChannelConfigList', NULL, '/pay/config/channel', '', 0, 1, NULL, b'1', b'0', b'0', b'0', NULL, 1399985191002447872, '2024-01-08 16:33:24', 1399985191002447872, '2024-01-18 14:49:15', 3, 0);
INSERT INTO `iam_perm_menu` VALUES (1744372631231995904, 'dax-pay', 1744271715476684800, '支付方式', 'PayMethodInfoList', NULL, b'0', '', b'0', b'0', 'payment/system/method/PayMethodInfoList', NULL, '/pay/config/method', '', 0, 1, NULL, b'1', b'0', b'0', b'0', NULL, 1399985191002447872, '2024-01-08 22:56:59', 1399985191002447872, '2024-05-01 22:53:13', 3, 0);
INSERT INTO `iam_perm_menu` VALUES (1744624886658318336, 'dax-pay', 1744271715476684800, '支付接口', 'PayApiConfigList', NULL, b'0', '', b'0', b'0', 'payment/system/api/PayApiConfigList', NULL, '/pay/config/api', '', 0, 1, NULL, b'1', b'0', b'0', b'0', NULL, 1399985191002447872, '2024-01-09 15:39:21', 1399985191002447872, '2024-01-10 11:52:20', 2, 0);
INSERT INTO `iam_perm_menu` VALUES (1744642856348520448, 'dax-pay', NULL, '订单管理', 'PayOrder', NULL, b'0', 'ant-design:wallet-outlined', b'0', b'0', 'Layout', NULL, '/pay/order', '', 0, 0, NULL, b'1', b'0', b'0', b'0', NULL, 1399985191002447872, '2024-01-09 16:50:46', 1399985191002447872, '2024-01-09 16:53:35', 3, 0);
INSERT INTO `iam_perm_menu` VALUES (1744643265142165504, 'dax-pay', NULL, '数据记录', 'PayRecord', NULL, b'0', 'ant-design:profile-outlined', b'0', b'0', 'Layout', NULL, '/pay/record', '', 0, 0, NULL, b'1', b'0', b'0', b'0', NULL, 1399985191002447872, '2024-01-09 16:52:23', 1399985191002447872, '2024-01-09 16:53:50', 1, 0);
INSERT INTO `iam_perm_menu` VALUES (1744930046228017152, 'dax-pay', 1744643265142165504, '回调记录', 'PayCallbackRecordList', NULL, b'0', '', b'0', b'0', 'payment/record/callback/PayCallbackRecordList', NULL, '/pay/record/callback', '', 0, 1, NULL, b'1', b'0', b'0', b'0', NULL, 1399985191002447872, '2024-01-10 11:51:57', 1399985191002447872, '2024-05-01 23:15:23', 10, 0);
INSERT INTO `iam_perm_menu` VALUES (1745126072389963776, 'dax-pay', 1744643265142165504, '关闭记录', 'PayCloseRecordList', NULL, b'0', '', b'0', b'0', 'payment/record/close/PayCloseRecordList', NULL, '/pay/record/close', '', 0, 1, NULL, b'1', b'0', b'0', b'0', NULL, 1399985191002447872, '2024-01-11 00:50:53', 1399985191002447872, '2024-01-11 00:50:53', 0, 0);
INSERT INTO `iam_perm_menu` VALUES (1745136155962347520, 'dax-pay', 1744643265142165504, '修复记录', 'PayRepairRecordList', NULL, b'0', '', b'0', b'0', 'payment/record/repair/PayRepairRecordList', NULL, '/pay/record/repair', '', 0, 1, NULL, b'1', b'0', b'0', b'0', NULL, 1399985191002447872, '2024-01-11 01:30:57', 1399985191002447872, '2024-01-11 01:30:57', 0, 0);
INSERT INTO `iam_perm_menu` VALUES (1745143528663781376, 'dax-pay', 1744643265142165504, '同步记录', 'PaySyncRecordList', NULL, b'0', '', b'0', b'0', 'payment/record/sync/PaySyncRecordList', NULL, '/pay/record/sync', '', 0, 1, NULL, b'1', b'0', b'0', b'0', NULL, 1399985191002447872, '2024-01-11 02:00:15', 1399985191002447872, '2024-01-11 02:00:33', 1, 0);
INSERT INTO `iam_perm_menu` VALUES (1745457623493496832, 'dax-pay', 1744642856348520448, '支付订单', 'PayOrderList', NULL, b'0', '', b'0', b'0', 'payment/order/pay/PayOrderList', NULL, '/pay/order/pay', '', 0, 1, NULL, b'1', b'0', b'0', b'0', NULL, 1399985191002447872, '2024-01-11 22:48:21', 1399985191002447872, '2024-01-11 22:48:21', 0, 0);
INSERT INTO `iam_perm_menu` VALUES (1745457746529210368, 'dax-pay', 1744642856348520448, '退款订单', 'RefundOrderList', NULL, b'0', '', b'0', b'0', 'payment/order/refund/RefundOrderList.vue', NULL, '/pay/order/refund', '', 0, 1, NULL, b'1', b'0', b'0', b'0', NULL, 1399985191002447872, '2024-01-11 22:48:50', 1399985191002447872, '2024-01-21 22:50:29', 2, 0);
INSERT INTO `iam_perm_menu` VALUES (1745822093382230016, 'dax-pay', 1744271715476684800, '通道配置', 'ChannelPayConfigList', NULL, b'0', '', b'0', b'0', 'payment/channel/config/ChannelPayConfigList', NULL, '/pay/config/channelpay', '', 0, 1, NULL, b'1', b'0', b'0', b'0', NULL, 1399985191002447872, '2024-01-12 22:56:38', 1399985191002447872, '2024-02-06 14:32:08', 2, 0);
INSERT INTO `iam_perm_menu` VALUES (1746194891925561344, 'dax-pay', 1744271715476684800, '平台配置', 'PayPlatformConfig', NULL, b'0', '', b'0', b'0', 'payment/system/platform/PayPlatformConfig', NULL, '/pay/config/platform', '', -1, 1, NULL, b'1', b'0', b'0', b'0', NULL, 1399985191002447872, '2024-01-13 23:38:00', 1399985191002447872, '2024-01-13 23:38:00', 0, 0);
INSERT INTO `iam_perm_menu` VALUES (1749262518385082368, 'dax-pay', 1786808188825194496, '对账单', 'ReconcileOrderList', NULL, b'0', '', b'0', b'0', 'payment/reconcile/order/ReconcileOrderList.vue', NULL, '/pay/reconcile/order', '', 0, 1, NULL, b'1', b'0', b'0', b'0', NULL, 1399985191002447872, '2024-01-22 10:47:39', 1399985191002447872, '2024-05-05 17:09:14', 9, 0);
INSERT INTO `iam_perm_menu` VALUES (1759768820429352960, 'dax-pay', NULL, '演示模块', '', NULL, b'0', 'ant-design:crown-outlined', b'0', b'0', 'Layout', NULL, '/pay/demo', '', 9, 0, NULL, b'1', b'0', b'0', b'0', NULL, 1399985191002447872, '2024-02-20 10:35:56', 1399985191002447872, '2024-02-20 10:35:56', 0, 0);
INSERT INTO `iam_perm_menu` VALUES (1759769092698402816, 'dax-pay', 1759768820429352960, '收银台演示', '', NULL, b'0', '', b'0', b'0', '', NULL, 'outside:///cashier', '', 0, 1, NULL, b'1', b'0', b'0', b'0', NULL, 1399985191002447872, '2024-02-20 10:37:01', 1399985191002447872, '2024-02-20 10:37:01', 0, 0);
INSERT INTO `iam_perm_menu` VALUES (1761429304959528960, 'dax-pay', NULL, '支付通知', 'PayNotic', NULL, b'0', 'ant-design:clock-circle-outlined', b'0', b'0', 'Layout', NULL, '/pay/notice', '', 0, 0, NULL, b'1', b'0', b'0', b'0', NULL, 1399985191002447872, '2024-02-25 00:34:07', 1399985191002447872, '2024-05-08 15:31:04', 3, 0);
INSERT INTO `iam_perm_menu` VALUES (1761429682618855424, 'dax-pay', 1761429304959528960, '通知记录', 'ClientNoticeTaskList', NULL, b'0', '', b'0', b'0', 'payment/task/notice/ClientNoticeTaskList', NULL, '/pay/notice/record', '', 0, 1, NULL, b'1', b'0', b'0', b'0', NULL, 1399985191002447872, '2024-02-25 00:35:37', 1399985191002447872, '2024-05-08 15:30:56', 1, 0);
INSERT INTO `iam_perm_menu` VALUES (1775089099078553600, 'dax-pay', NULL, '分账管理', 'Allocation', NULL, b'0', 'ant-design:sliders-twotone', b'0', b'0', 'Layout', NULL, '/pay/allocation', '', 0, 0, NULL, b'1', b'0', b'0', b'0', NULL, 1399985191002447872, '2024-04-02 17:13:15', 1399985191002447872, '2024-04-02 17:13:15', 0, 0);
INSERT INTO `iam_perm_menu` VALUES (1775089820368818176, 'dax-pay', 1775089099078553600, '分账接收者', 'AllocationReceiverList', NULL, b'0', '', b'0', b'0', 'payment/allocation/receiver/AllocationReceiverList', NULL, '/pay/allocation/receiver', '', 0, 1, NULL, b'1', b'0', b'0', b'0', NULL, 1399985191002447872, '2024-04-02 17:16:07', 1399985191002447872, '2024-04-02 17:23:13', 2, 0);
INSERT INTO `iam_perm_menu` VALUES (1775091561835450368, 'dax-pay', 1775089099078553600, '分账组', 'AllocationGroupList', NULL, b'0', '', b'0', b'0', 'payment/allocation/group/AllocationGroupList', NULL, '/pay/allocation/group', '', 0, 1, NULL, b'1', b'0', b'0', b'0', NULL, 1399985191002447872, '2024-04-02 17:23:03', 1399985191002447872, '2024-04-02 17:23:27', 1, 0);
INSERT INTO `iam_perm_menu` VALUES (1777688382748700672, 'dax-pay', 1775089099078553600, '分账订单', 'AllocationOrderList', NULL, b'0', '', b'0', b'0', 'payment/allocation/order/AllocationOrderList', NULL, '/pay/allocation/order', '', 0, 1, NULL, b'1', b'0', b'0', b'0', NULL, 1399985191002447872, '2024-04-09 21:21:53', 1399985191002447872, '2024-05-05 17:06:17', 3, 0);
INSERT INTO `iam_perm_menu` VALUES (1786808188825194496, 'dax-pay', NULL, '对账管理', 'Reconcile', NULL, b'0', 'ant-design:arrows-alt-outlined', b'0', b'0', 'Layout', NULL, '/pay/reconcile', '', 0, 0, NULL, b'1', b'0', b'0', b'0', NULL, 1399985191002447872, '2024-05-05 01:20:44', 1399985191002447872, '2024-05-05 01:20:54', 1, 0);
INSERT INTO `iam_perm_menu` VALUES (1786810890951020544, 'dax-pay', 1786808188825194496, '对账差异', 'ReconcileDiffList', NULL, b'0', '', b'0', b'0', 'payment/reconcile/diff/ReconcileDiffList.vue', NULL, '/pay/reconcile/diff', '', 0, 1, NULL, b'1', b'0', b'0', b'0', NULL, 1399985191002447872, '2024-05-05 01:31:28', 1399985191002447872, '2024-05-05 17:08:38', 1, 0);
INSERT INTO `iam_perm_menu` VALUES (1786811341285052416, 'dax-pay', 1786808188825194496, '外部交易明细', 'ReconcileDetailList', NULL, b'0', '', b'1', b'0', 'payment/reconcile/detail/ReconcileDetailList.vue', NULL, '/pay/reconcile/detail', '', 0, 1, NULL, b'1', b'0', b'0', b'0', NULL, 1399985191002447872, '2024-05-05 01:33:16', 1399985191002447872, '2024-05-05 20:24:24', 2, 0);

-- ----------------------------
-- Table structure for iam_perm_path
-- ----------------------------
DROP TABLE IF EXISTS `iam_perm_path`;
CREATE TABLE `iam_perm_path`  (
  `id` bigint(20) NOT NULL,
  `code` varchar(200) CHARACTER SET utf8mb4 COLLATE utf8mb4_general_ci NOT NULL COMMENT '权限标识',
  `name` varchar(255) CHARACTER SET utf8mb4 COLLATE utf8mb4_general_ci NULL DEFAULT NULL COMMENT '权限名称',
  `request_type` varchar(10) CHARACTER SET utf8mb4 COLLATE utf8mb4_general_ci NOT NULL COMMENT '请求类型',
  `path` varchar(255) CHARACTER SET utf8mb4 COLLATE utf8mb4_general_ci NOT NULL COMMENT '请求路径',
  `group_name` varchar(255) CHARACTER SET utf8mb4 COLLATE utf8mb4_general_ci NULL DEFAULT NULL COMMENT '分组名称',
  `enable` bit(1) NOT NULL COMMENT '启用状态',
  `generate` bit(1) NOT NULL COMMENT '是否通过系统生成的权限',
  `remark` varchar(255) CHARACTER SET utf8mb4 COLLATE utf8mb4_general_ci NULL DEFAULT NULL COMMENT '描述',
  `creator` bigint(20) NULL DEFAULT NULL,
  `create_time` datetime(6) NULL DEFAULT NULL,
  `last_modifier` bigint(20) NULL DEFAULT NULL,
  `last_modified_time` datetime(6) NULL DEFAULT NULL,
  `deleted` bit(1) NOT NULL,
  `version` int(11) NOT NULL,
  PRIMARY KEY (`id`) USING BTREE
) ENGINE = InnoDB CHARACTER SET = utf8mb4 COLLATE = utf8mb4_general_ci COMMENT = '权限_请求' ROW_FORMAT = DYNAMIC;

-- ----------------------------
-- Records of iam_perm_path
-- ----------------------------

-- ----------------------------
-- Table structure for iam_role
-- ----------------------------
DROP TABLE IF EXISTS `iam_role`;
CREATE TABLE `iam_role`  (
  `id` bigint(20) NOT NULL COMMENT '角色ID',
  `code` varchar(50) CHARACTER SET utf8mb4 COLLATE utf8mb4_unicode_ci NULL DEFAULT NULL COMMENT '编码',
  `pid` bigint(20) NULL DEFAULT NULL COMMENT '父ID',
  `name` varchar(150) CHARACTER SET utf8mb4 COLLATE utf8mb4_unicode_ci NULL DEFAULT NULL COMMENT '名称',
  `internal` bit(1) NOT NULL COMMENT '是否系统内置',
  `remark` varchar(255) CHARACTER SET utf8mb4 COLLATE utf8mb4_unicode_ci NULL DEFAULT NULL COMMENT '说明',
  `creator` bigint(20) NULL DEFAULT NULL COMMENT '创建人',
  `create_time` datetime NULL DEFAULT NULL COMMENT '创建时间',
  `last_modifier` bigint(20) NULL DEFAULT NULL COMMENT '最后修改人',
  `last_modified_time` datetime NULL DEFAULT NULL COMMENT '最后修改时间',
  `version` int(11) NOT NULL COMMENT '版本',
  `deleted` tinyint(1) NOT NULL DEFAULT 0 COMMENT '0:未删除。1:已删除',
  PRIMARY KEY (`id`) USING BTREE
) ENGINE = InnoDB CHARACTER SET = utf8mb4 COLLATE = utf8mb4_unicode_ci COMMENT = '角色' ROW_FORMAT = DYNAMIC;

-- ----------------------------
-- Records of iam_role
-- ----------------------------
INSERT INTO `iam_role` VALUES (1757297023118462976, 'daxpayAdmin', NULL, '支付网关管理员', b'0', '', 1399985191002447872, '2024-02-13 14:53:54', 1399985191002447872, '2024-02-13 14:53:54', 0, 0);
INSERT INTO `iam_role` VALUES (1757298887092326400, 'daxpayDemo', 1757297023118462976, '支付演示角色', b'0', '用于进行演示的角色, 没有修改和删除的权限', 1399985191002447872, '2024-02-13 15:01:18', 1399985191002447872, '2024-02-13 15:01:18', 0, 0);

-- ----------------------------
-- Table structure for iam_role_menu
-- ----------------------------
DROP TABLE IF EXISTS `iam_role_menu`;
CREATE TABLE `iam_role_menu`  (
  `id` bigint(20) NOT NULL,
  `role_id` bigint(20) NOT NULL COMMENT '角色id',
  `client_code` varchar(50) CHARACTER SET utf8 COLLATE utf8_general_ci NOT NULL COMMENT '终端code',
  `permission_id` bigint(20) NOT NULL COMMENT '菜单权限id',
  PRIMARY KEY (`id`) USING BTREE
) ENGINE = InnoDB CHARACTER SET = utf8 COLLATE = utf8_general_ci COMMENT = '角色菜单权限表' ROW_FORMAT = DYNAMIC;

-- ----------------------------
-- Records of iam_role_menu
-- ----------------------------
INSERT INTO `iam_role_menu` VALUES (1757298674730520576, 1757297023118462976, 'dax-pay', 1744271715476684800);
INSERT INTO `iam_role_menu` VALUES (1757298674730520577, 1757297023118462976, 'dax-pay', 1744642856348520448);
INSERT INTO `iam_role_menu` VALUES (1757298674730520578, 1757297023118462976, 'dax-pay', 1745457623493496832);
INSERT INTO `iam_role_menu` VALUES (1757298674730520579, 1757297023118462976, 'dax-pay', 1745457746529210368);
INSERT INTO `iam_role_menu` VALUES (1757298674730520580, 1757297023118462976, 'dax-pay', 1749262518385082368);
INSERT INTO `iam_role_menu` VALUES (1757298674730520582, 1757297023118462976, 'dax-pay', 1744643265142165504);
INSERT INTO `iam_role_menu` VALUES (1757298674730520583, 1757297023118462976, 'dax-pay', 1745126072389963776);
INSERT INTO `iam_role_menu` VALUES (1757298674730520584, 1757297023118462976, 'dax-pay', 1745136155962347520);
INSERT INTO `iam_role_menu` VALUES (1757298674730520585, 1757297023118462976, 'dax-pay', 1745143528663781376);
INSERT INTO `iam_role_menu` VALUES (1757298674730520586, 1757297023118462976, 'dax-pay', 1745822093382230016);
INSERT INTO `iam_role_menu` VALUES (1757298674730520587, 1757297023118462976, 'dax-pay', 1744624886658318336);
INSERT INTO `iam_role_menu` VALUES (1757298674730520588, 1757297023118462976, 'dax-pay', 1744372631231995904);
INSERT INTO `iam_role_menu` VALUES (1757298674730520589, 1757297023118462976, 'dax-pay', 1744276101384880128);
INSERT INTO `iam_role_menu` VALUES (1757298674730520590, 1757297023118462976, 'dax-pay', 1746194891925561344);
INSERT INTO `iam_role_menu` VALUES (1757298924107059200, 1757298887092326400, 'dax-pay', 1744271715476684800);
INSERT INTO `iam_role_menu` VALUES (1757298924107059201, 1757298887092326400, 'dax-pay', 1746194891925561344);
INSERT INTO `iam_role_menu` VALUES (1757298924107059202, 1757298887092326400, 'dax-pay', 1744276101384880128);
INSERT INTO `iam_role_menu` VALUES (1757298924107059203, 1757298887092326400, 'dax-pay', 1744372631231995904);
INSERT INTO `iam_role_menu` VALUES (1757298924107059204, 1757298887092326400, 'dax-pay', 1744624886658318336);
INSERT INTO `iam_role_menu` VALUES (1757298924107059205, 1757298887092326400, 'dax-pay', 1745822093382230016);
INSERT INTO `iam_role_menu` VALUES (1757298924107059206, 1757298887092326400, 'dax-pay', 1744642856348520448);
INSERT INTO `iam_role_menu` VALUES (1757298924107059207, 1757298887092326400, 'dax-pay', 1745457623493496832);
INSERT INTO `iam_role_menu` VALUES (1757298924107059208, 1757298887092326400, 'dax-pay', 1745457746529210368);
INSERT INTO `iam_role_menu` VALUES (1757298924107059209, 1757298887092326400, 'dax-pay', 1749262518385082368);
INSERT INTO `iam_role_menu` VALUES (1757298924107059210, 1757298887092326400, 'dax-pay', 1744643265142165504);
INSERT INTO `iam_role_menu` VALUES (1757298924107059212, 1757298887092326400, 'dax-pay', 1745126072389963776);
INSERT INTO `iam_role_menu` VALUES (1757298924107059213, 1757298887092326400, 'dax-pay', 1745136155962347520);
INSERT INTO `iam_role_menu` VALUES (1757298924107059214, 1757298887092326400, 'dax-pay', 1745143528663781376);
INSERT INTO `iam_role_menu` VALUES (1757298924107059215, 1757298887092326400, 'dax-pay', 1744271715476684800);
INSERT INTO `iam_role_menu` VALUES (1757298924107059216, 1757298887092326400, 'dax-pay', 1746194891925561344);
INSERT INTO `iam_role_menu` VALUES (1757298924107059217, 1757298887092326400, 'dax-pay', 1744276101384880128);
INSERT INTO `iam_role_menu` VALUES (1757298924107059218, 1757298887092326400, 'dax-pay', 1744372631231995904);
INSERT INTO `iam_role_menu` VALUES (1757298924107059219, 1757298887092326400, 'dax-pay', 1744624886658318336);
INSERT INTO `iam_role_menu` VALUES (1757298924107059220, 1757298887092326400, 'dax-pay', 1745822093382230016);
INSERT INTO `iam_role_menu` VALUES (1757298924107059221, 1757298887092326400, 'dax-pay', 1744642856348520448);
INSERT INTO `iam_role_menu` VALUES (1757298924107059222, 1757298887092326400, 'dax-pay', 1745457623493496832);
INSERT INTO `iam_role_menu` VALUES (1757298924107059223, 1757298887092326400, 'dax-pay', 1745457746529210368);
INSERT INTO `iam_role_menu` VALUES (1757298924107059224, 1757298887092326400, 'dax-pay', 1749262518385082368);
INSERT INTO `iam_role_menu` VALUES (1757298924107059225, 1757298887092326400, 'dax-pay', 1744643265142165504);
INSERT INTO `iam_role_menu` VALUES (1757298924107059227, 1757298887092326400, 'dax-pay', 1745126072389963776);
INSERT INTO `iam_role_menu` VALUES (1757298924107059228, 1757298887092326400, 'dax-pay', 1745136155962347520);
INSERT INTO `iam_role_menu` VALUES (1757298924107059229, 1757298887092326400, 'dax-pay', 1745143528663781376);
INSERT INTO `iam_role_menu` VALUES (1757298924107059230, 1757298887092326400, 'dax-pay', 1744271715476684800);
INSERT INTO `iam_role_menu` VALUES (1757298924107059231, 1757298887092326400, 'dax-pay', 1746194891925561344);
INSERT INTO `iam_role_menu` VALUES (1757298924107059232, 1757298887092326400, 'dax-pay', 1744276101384880128);
INSERT INTO `iam_role_menu` VALUES (1757298924107059233, 1757298887092326400, 'dax-pay', 1744372631231995904);
INSERT INTO `iam_role_menu` VALUES (1757298924107059234, 1757298887092326400, 'dax-pay', 1744624886658318336);
INSERT INTO `iam_role_menu` VALUES (1757298924107059235, 1757298887092326400, 'dax-pay', 1745822093382230016);
INSERT INTO `iam_role_menu` VALUES (1757298924107059236, 1757298887092326400, 'dax-pay', 1744642856348520448);
INSERT INTO `iam_role_menu` VALUES (1757298924107059237, 1757298887092326400, 'dax-pay', 1745457623493496832);
INSERT INTO `iam_role_menu` VALUES (1757298924107059238, 1757298887092326400, 'dax-pay', 1745457746529210368);
INSERT INTO `iam_role_menu` VALUES (1757298924107059239, 1757298887092326400, 'dax-pay', 1749262518385082368);
INSERT INTO `iam_role_menu` VALUES (1757298924107059240, 1757298887092326400, 'dax-pay', 1744643265142165504);
INSERT INTO `iam_role_menu` VALUES (1757298924107059242, 1757298887092326400, 'dax-pay', 1745126072389963776);
INSERT INTO `iam_role_menu` VALUES (1757298924107059243, 1757298887092326400, 'dax-pay', 1745136155962347520);
INSERT INTO `iam_role_menu` VALUES (1757298924107059244, 1757298887092326400, 'dax-pay', 1745143528663781376);
INSERT INTO `iam_role_menu` VALUES (1757298924107059245, 1757298887092326400, 'dax-pay', 1744271715476684800);
INSERT INTO `iam_role_menu` VALUES (1757298924107059246, 1757298887092326400, 'dax-pay', 1746194891925561344);
INSERT INTO `iam_role_menu` VALUES (1757298924107059247, 1757298887092326400, 'dax-pay', 1744276101384880128);
INSERT INTO `iam_role_menu` VALUES (1757298924107059248, 1757298887092326400, 'dax-pay', 1744372631231995904);
INSERT INTO `iam_role_menu` VALUES (1757298924107059249, 1757298887092326400, 'dax-pay', 1744624886658318336);
INSERT INTO `iam_role_menu` VALUES (1757298924107059250, 1757298887092326400, 'dax-pay', 1745822093382230016);
INSERT INTO `iam_role_menu` VALUES (1757298924107059251, 1757298887092326400, 'dax-pay', 1744642856348520448);
INSERT INTO `iam_role_menu` VALUES (1757298924107059252, 1757298887092326400, 'dax-pay', 1745457623493496832);
INSERT INTO `iam_role_menu` VALUES (1757298924107059253, 1757298887092326400, 'dax-pay', 1745457746529210368);
INSERT INTO `iam_role_menu` VALUES (1757298924107059254, 1757298887092326400, 'dax-pay', 1749262518385082368);
INSERT INTO `iam_role_menu` VALUES (1757298924107059255, 1757298887092326400, 'dax-pay', 1744643265142165504);
INSERT INTO `iam_role_menu` VALUES (1757298924107059257, 1757298887092326400, 'dax-pay', 1745126072389963776);
INSERT INTO `iam_role_menu` VALUES (1757298924107059258, 1757298887092326400, 'dax-pay', 1745136155962347520);
INSERT INTO `iam_role_menu` VALUES (1757298924107059259, 1757298887092326400, 'dax-pay', 1745143528663781376);
INSERT INTO `iam_role_menu` VALUES (1762112282006073350, 1757297023118462976, 'dax-pay', 1761429304959528960);
INSERT INTO `iam_role_menu` VALUES (1762112282006073351, 1757297023118462976, 'dax-pay', 1761429682618855424);
INSERT INTO `iam_role_menu` VALUES (1762112282006073352, 1757297023118462976, 'dax-pay', 1759768820429352960);
INSERT INTO `iam_role_menu` VALUES (1762112282006073353, 1757297023118462976, 'dax-pay', 1759769092698402816);
INSERT INTO `iam_role_menu` VALUES (1762112282232565766, 1757298887092326400, 'dax-pay', 1761429304959528960);
INSERT INTO `iam_role_menu` VALUES (1762112282232565767, 1757298887092326400, 'dax-pay', 1761429682618855424);
INSERT INTO `iam_role_menu` VALUES (1762112282232565768, 1757298887092326400, 'dax-pay', 1759768820429352960);
INSERT INTO `iam_role_menu` VALUES (1762112282232565769, 1757298887092326400, 'dax-pay', 1759769092698402816);
INSERT INTO `iam_role_menu` VALUES (1780416732268605440, 1757297023118462976, 'dax-pay', 1775089099078553600);
INSERT INTO `iam_role_menu` VALUES (1780416732268605441, 1757297023118462976, 'dax-pay', 1775089820368818176);
INSERT INTO `iam_role_menu` VALUES (1780416732268605442, 1757297023118462976, 'dax-pay', 1775091561835450368);
INSERT INTO `iam_role_menu` VALUES (1780416732268605443, 1757297023118462976, 'dax-pay', 1777688382748700672);
INSERT INTO `iam_role_menu` VALUES (1780416732574789632, 1757298887092326400, 'dax-pay', 1775089099078553600);
INSERT INTO `iam_role_menu` VALUES (1780416732574789633, 1757298887092326400, 'dax-pay', 1775089820368818176);
INSERT INTO `iam_role_menu` VALUES (1780416732574789634, 1757298887092326400, 'dax-pay', 1775091561835450368);
INSERT INTO `iam_role_menu` VALUES (1780416732574789635, 1757298887092326400, 'dax-pay', 1777688382748700672);

-- ----------------------------
-- Table structure for iam_role_path
-- ----------------------------
DROP TABLE IF EXISTS `iam_role_path`;
CREATE TABLE `iam_role_path`  (
  `id` bigint(20) NOT NULL,
  `role_id` bigint(20) NOT NULL COMMENT '角色id',
  `permission_id` bigint(20) NOT NULL COMMENT '请求权限id',
  PRIMARY KEY (`id`) USING BTREE
) ENGINE = InnoDB CHARACTER SET = utf8 COLLATE = utf8_general_ci COMMENT = '角色请求权限表' ROW_FORMAT = DYNAMIC;

-- ----------------------------
-- Records of iam_role_path
-- ----------------------------

-- ----------------------------
-- Table structure for iam_user_data_role
-- ----------------------------
DROP TABLE IF EXISTS `iam_user_data_role`;
CREATE TABLE `iam_user_data_role`  (
  `id` bigint(20) NOT NULL COMMENT '主键',
  `user_id` bigint(20) NOT NULL COMMENT '用户ID',
  `role_id` bigint(20) NOT NULL COMMENT '数据角色ID',
  PRIMARY KEY (`id`) USING BTREE
) ENGINE = InnoDB CHARACTER SET = utf8mb4 COLLATE = utf8mb4_unicode_ci COMMENT = '用户数据范围关系\r\n' ROW_FORMAT = DYNAMIC;

-- ----------------------------
-- Records of iam_user_data_role
-- ----------------------------

-- ----------------------------
-- Table structure for iam_user_dept
-- ----------------------------
DROP TABLE IF EXISTS `iam_user_dept`;
CREATE TABLE `iam_user_dept`  (
  `id` bigint(20) NOT NULL,
  `user_id` bigint(20) NOT NULL COMMENT '用户id',
  `dept_id` bigint(20) NOT NULL COMMENT '部门id',
  PRIMARY KEY (`id`) USING BTREE
) ENGINE = InnoDB CHARACTER SET = utf8 COLLATE = utf8_general_ci COMMENT = '用户部门关联表' ROW_FORMAT = DYNAMIC;

-- ----------------------------
-- Records of iam_user_dept
-- ----------------------------

-- ----------------------------
-- Table structure for iam_user_expand_info
-- ----------------------------
DROP TABLE IF EXISTS `iam_user_expand_info`;
CREATE TABLE `iam_user_expand_info`  (
  `id` bigint(20) NOT NULL COMMENT '主键',
  `sex` int(4) NULL DEFAULT NULL COMMENT '性别',
  `birthday` date NULL DEFAULT NULL COMMENT '生日',
  `avatar` varchar(255) CHARACTER SET utf8mb4 COLLATE utf8mb4_unicode_ci NULL DEFAULT NULL COMMENT '头像',
  `last_login_time` datetime NULL DEFAULT NULL COMMENT '上次登录时间',
  `current_login_time` datetime NULL DEFAULT NULL COMMENT '本次登录时间',
  `initial_password` bit(1) NOT NULL COMMENT '是否初始密码',
  `expire_password` bit(1) NOT NULL COMMENT '密码是否过期',
  `last_change_password_time` datetime NULL DEFAULT NULL COMMENT '上次修改密码时间',
  `register_time` datetime NOT NULL COMMENT '注册时间',
  `creator` bigint(20) NULL DEFAULT NULL COMMENT '创建者ID',
  `create_time` datetime NULL DEFAULT NULL COMMENT '创建时间',
  `last_modifier` bigint(20) NULL DEFAULT NULL COMMENT '最后修者ID',
  `last_modified_time` datetime NULL DEFAULT NULL COMMENT '最后修改时间',
  `version` int(11) NOT NULL COMMENT '乐观锁',
  `deleted` bit(1) NOT NULL COMMENT '删除标志',
  PRIMARY KEY (`id`) USING BTREE
) ENGINE = InnoDB CHARACTER SET = utf8mb4 COLLATE = utf8mb4_general_ci COMMENT = '用户扩展信息' ROW_FORMAT = DYNAMIC;

-- ----------------------------
-- Records of iam_user_expand_info
-- ----------------------------
INSERT INTO `iam_user_expand_info` VALUES (1399985191002447872, 1, '1996-12-01', '1778376321731076096', '2024-05-07 22:27:27', '2024-05-10 19:50:00', b'0', b'0', '2023-10-19 14:14:08', '2021-08-01 18:52:37', 1, '2021-06-02 15:04:15', 0, '2024-05-10 19:50:00', 450, b'0');
INSERT INTO `iam_user_expand_info` VALUES (1757299137932677120, 1, '2024-02-13', NULL, '2024-02-13 15:03:21', '2024-02-13 16:09:27', b'0', b'0', NULL, '2024-02-13 15:02:18', 1399985191002447872, '2024-02-13 15:02:18', 1757299137932677120, '2024-02-13 16:09:44', 3, b'0');
INSERT INTO `iam_user_expand_info` VALUES (1757317255899869184, NULL, NULL, NULL, '2024-04-25 22:10:31', '2024-04-26 09:22:54', b'0', b'0', NULL, '2024-02-13 16:14:18', 1399985191002447872, '2024-02-13 16:14:18', 0, '2024-04-26 09:22:54', 9, b'0');

-- ----------------------------
-- Table structure for iam_user_info
-- ----------------------------
DROP TABLE IF EXISTS `iam_user_info`;
CREATE TABLE `iam_user_info`  (
  `id` bigint(20) NOT NULL,
  `name` varchar(200) CHARACTER SET utf8mb4 COLLATE utf8mb4_unicode_ci NOT NULL COMMENT '名称',
  `username` varchar(50) CHARACTER SET utf8mb4 COLLATE utf8mb4_unicode_ci NOT NULL COMMENT '账号',
  `password` varchar(255) CHARACTER SET utf8mb4 COLLATE utf8mb4_unicode_ci NOT NULL COMMENT '密码',
  `phone` varchar(32) CHARACTER SET utf8mb4 COLLATE utf8mb4_unicode_ci NULL DEFAULT NULL COMMENT '手机号',
  `email` varchar(255) CHARACTER SET utf8mb4 COLLATE utf8mb4_unicode_ci NULL DEFAULT NULL COMMENT '邮箱',
  `client_ids` text CHARACTER SET utf8mb4 COLLATE utf8mb4_unicode_ci NULL COMMENT '关联终端ds',
  `administrator` bit(1) NOT NULL DEFAULT b'0' COMMENT '是否超级管理员',
  `status` varchar(55) CHARACTER SET utf8mb4 COLLATE utf8mb4_unicode_ci NOT NULL COMMENT '账号状态',
  `creator` bigint(20) NULL DEFAULT NULL COMMENT '创建人',
  `create_time` datetime NULL DEFAULT NULL COMMENT '创建时间',
  `last_modifier` bigint(20) NULL DEFAULT NULL COMMENT '最后修改人',
  `last_modified_time` datetime NULL DEFAULT NULL COMMENT '最后修改时间',
  `version` int(11) NOT NULL COMMENT '版本',
  `deleted` tinyint(1) NOT NULL DEFAULT 0 COMMENT '0:未删除。1:已删除',
  PRIMARY KEY (`id`) USING BTREE
) ENGINE = InnoDB CHARACTER SET = utf8mb4 COLLATE = utf8mb4_unicode_ci COMMENT = '用户信息' ROW_FORMAT = DYNAMIC;

-- ----------------------------
-- Records of iam_user_info
-- ----------------------------
INSERT INTO `iam_user_info` VALUES (1399985191002447872, 'Bootx', 'bootx', 'f52020dca765fd3943ed40a615dc2c5c', '13333333333', 'bootx@bootx.cn', '1430430071299207168,1430430071299207169,1626840094767714304,1580487061605175296', b'1', 'normal', 1, '2021-06-02 15:04:15', 1399985191002447872, '2024-04-11 18:55:34', 65, 0);
INSERT INTO `iam_user_info` VALUES (1757299137932677120, 'DaxPay演示', 'daxpay', 'f52020dca765fd3943ed40a615dc2c5c', '14443332251', 'daxpay@qq.com', '1580487061605175296', b'0', 'normal', 1399985191002447872, '2024-02-13 15:02:18', 1757299137932677120, '2024-02-13 16:09:44', 2, 0);
INSERT INTO `iam_user_info` VALUES (1757317255899869184, 'DaxPay管理员', 'daxpayadmin', '1e9e3c3deaa4a06d08326e82a49d1b63', '12222333223', 'daxpayadmin@qq.com', '1580487061605175296', b'0', 'normal', 1399985191002447872, '2024-02-13 16:14:18', 1399985191002447872, '2024-02-13 16:14:18', 0, 0);

-- ----------------------------
-- Table structure for iam_user_role
-- ----------------------------
DROP TABLE IF EXISTS `iam_user_role`;
CREATE TABLE `iam_user_role`  (
  `id` bigint(20) NOT NULL COMMENT '主键',
  `user_id` bigint(20) NOT NULL COMMENT '用户ID',
  `role_id` bigint(20) NOT NULL COMMENT '角色ID',
  PRIMARY KEY (`id`) USING BTREE
) ENGINE = InnoDB CHARACTER SET = utf8mb4 COLLATE = utf8mb4_unicode_ci COMMENT = '用户角色关系\r\n' ROW_FORMAT = DYNAMIC;

-- ----------------------------
-- Records of iam_user_role
-- ----------------------------
INSERT INTO `iam_user_role` VALUES (1757299293314863104, 1757299137932677120, 1757298887092326400);
INSERT INTO `iam_user_role` VALUES (1757317495407210496, 1757317255899869184, 1757297023118462976);

-- ----------------------------
-- Table structure for iam_user_third
-- ----------------------------
DROP TABLE IF EXISTS `iam_user_third`;
CREATE TABLE `iam_user_third`  (
  `id` bigint(20) NOT NULL COMMENT '主键',
  `user_id` bigint(20) NULL DEFAULT NULL COMMENT '用户id',
  `we_chat_id` varchar(50) CHARACTER SET utf8mb4 COLLATE utf8mb4_general_ci NULL DEFAULT NULL COMMENT '微信openId',
  `we_chat_open_id` varchar(50) CHARACTER SET utf8mb4 COLLATE utf8mb4_general_ci NULL DEFAULT NULL COMMENT '微信开放平台id',
  `qq_id` varchar(50) CHARACTER SET utf8mb4 COLLATE utf8mb4_general_ci NULL DEFAULT NULL COMMENT 'qqId',
  `weibo_id` varchar(50) CHARACTER SET utf8mb4 COLLATE utf8mb4_general_ci NULL DEFAULT NULL COMMENT '微博Id',
  `gitee_id` varchar(50) CHARACTER SET utf8mb4 COLLATE utf8mb4_general_ci NULL DEFAULT NULL COMMENT '码云唯一标识',
  `ding_talk_id` varchar(50) CHARACTER SET utf8mb4 COLLATE utf8mb4_general_ci NULL DEFAULT NULL COMMENT '钉钉唯一标识',
  `we_com_id` varchar(50) CHARACTER SET utf8mb4 COLLATE utf8mb4_general_ci NULL DEFAULT NULL COMMENT '企业微信唯一标识',
  `creator` bigint(20) NULL DEFAULT NULL COMMENT '创建人',
  `create_time` datetime NULL DEFAULT NULL COMMENT '创建时间',
  `last_modifier` bigint(20) NULL DEFAULT NULL COMMENT '最后修改人',
  `last_modified_time` datetime NULL DEFAULT NULL COMMENT '最后修改时间',
  `version` int(11) NOT NULL COMMENT '版本',
  `deleted` tinyint(1) NOT NULL DEFAULT 0 COMMENT '0:未删除。1:已删除',
  PRIMARY KEY (`id`) USING BTREE,
  INDEX `pk_user_index`(`user_id`) USING BTREE COMMENT '用户id索引'
) ENGINE = InnoDB CHARACTER SET = utf8mb4 COLLATE = utf8mb4_general_ci COMMENT = '用户三方登录绑定' ROW_FORMAT = DYNAMIC;

-- ----------------------------
-- Records of iam_user_third
-- ----------------------------

-- ----------------------------
-- Table structure for iam_user_third_info
-- ----------------------------
DROP TABLE IF EXISTS `iam_user_third_info`;
CREATE TABLE `iam_user_third_info`  (
  `id` bigint(20) NOT NULL COMMENT '主键',
  `user_id` bigint(20) NOT NULL COMMENT '用户id',
  `client_code` varchar(50) CHARACTER SET utf8mb4 COLLATE utf8mb4_bin NOT NULL COMMENT '第三方终端类型',
  `username` varchar(255) CHARACTER SET utf8mb4 COLLATE utf8mb4_bin NULL DEFAULT NULL COMMENT '用户名',
  `nickname` varchar(255) CHARACTER SET utf8mb4 COLLATE utf8mb4_bin NULL DEFAULT NULL COMMENT '用户昵称',
  `avatar` varchar(255) CHARACTER SET utf8mb4 COLLATE utf8mb4_bin NULL DEFAULT NULL COMMENT '用户头像',
  `third_user_id` varchar(64) CHARACTER SET utf8mb4 COLLATE utf8mb4_bin NULL DEFAULT NULL COMMENT '关联第三方平台的用户id',
  `creator` bigint(20) NULL DEFAULT NULL COMMENT '创建人',
  `create_time` datetime NULL DEFAULT NULL COMMENT '创建时间',
  `last_modifier` bigint(20) NULL DEFAULT NULL COMMENT '最后修改人',
  `last_modified_time` datetime NULL DEFAULT NULL COMMENT '最后修改时间',
  `version` int(11) NOT NULL COMMENT '版本',
  PRIMARY KEY (`id`) USING BTREE,
  INDEX `pk_user_client`(`user_id`, `client_code`) USING BTREE COMMENT '用户id和终端code'
) ENGINE = InnoDB CHARACTER SET = utf8mb4 COLLATE = utf8mb4_bin COMMENT = '用户三方登录绑定详情' ROW_FORMAT = DYNAMIC;

-- ----------------------------
-- Records of iam_user_third_info
-- ----------------------------

-- ----------------------------
-- Table structure for notice_mail_config
-- ----------------------------
DROP TABLE IF EXISTS `notice_mail_config`;
CREATE TABLE `notice_mail_config`  (
  `id` bigint(20) NOT NULL,
  `code` varchar(32) CHARACTER SET utf8mb4 COLLATE utf8mb4_unicode_ci NULL DEFAULT NULL COMMENT '编号',
  `name` varchar(64) CHARACTER SET utf8mb4 COLLATE utf8mb4_unicode_ci NULL DEFAULT NULL COMMENT '名称',
  `host` varchar(128) CHARACTER SET utf8mb4 COLLATE utf8mb4_unicode_ci NOT NULL COMMENT '邮箱服务器host',
  `port` int(5) NOT NULL COMMENT '邮箱服务器 port',
  `username` varchar(128) CHARACTER SET utf8mb4 COLLATE utf8mb4_unicode_ci NOT NULL COMMENT '邮箱服务器 username',
  `password` varchar(128) CHARACTER SET utf8mb4 COLLATE utf8mb4_unicode_ci NOT NULL COMMENT '邮箱服务器 password',
  `sender` varchar(128) CHARACTER SET utf8mb4 COLLATE utf8mb4_unicode_ci NULL DEFAULT NULL COMMENT '邮箱服务器 sender',
  `from_` varchar(128) CHARACTER SET utf8mb4 COLLATE utf8mb4_unicode_ci NULL DEFAULT NULL COMMENT '邮箱服务器 from',
  `activity` tinyint(1) NULL DEFAULT 0 COMMENT '是否默认配置，0:否。1:是',
  `security_type` int(2) NULL DEFAULT NULL COMMENT '安全传输方式 1:plain 2:tls 3:ssl',
  `creator` bigint(18) NULL DEFAULT NULL COMMENT '创建人',
  `create_time` datetime NULL DEFAULT NULL COMMENT '创建时间',
  `last_modifier` bigint(18) NULL DEFAULT NULL COMMENT '最后修改人',
  `last_modified_time` datetime NULL DEFAULT NULL COMMENT '最后修改时间',
  `deleted` tinyint(1) NULL DEFAULT 0 COMMENT '0:未删除。1:已删除',
  `version` int(8) NULL DEFAULT NULL COMMENT '版本',
  PRIMARY KEY (`id`) USING BTREE
) ENGINE = InnoDB CHARACTER SET = utf8mb4 COLLATE = utf8mb4_unicode_ci COMMENT = '邮件配置' ROW_FORMAT = DYNAMIC;

-- ----------------------------
-- Records of notice_mail_config
-- ----------------------------

-- ----------------------------
-- Table structure for notice_message_template
-- ----------------------------
DROP TABLE IF EXISTS `notice_message_template`;
CREATE TABLE `notice_message_template`  (
  `id` bigint(20) NOT NULL,
  `code` varchar(255) CHARACTER SET utf8mb4 COLLATE utf8mb4_general_ci NOT NULL COMMENT '编码',
  `name` varchar(255) CHARACTER SET utf8mb4 COLLATE utf8mb4_general_ci NULL DEFAULT NULL COMMENT '名称',
  `data` text CHARACTER SET utf8mb4 COLLATE utf8mb4_general_ci NULL COMMENT '模板数据',
  `type` varchar(50) CHARACTER SET utf8mb4 COLLATE utf8mb4_general_ci NULL DEFAULT NULL COMMENT '模板类型',
  `remark` varchar(255) CHARACTER SET utf8mb4 COLLATE utf8mb4_general_ci NULL DEFAULT NULL COMMENT '备注',
  `creator` bigint(20) NULL DEFAULT NULL COMMENT '创建人',
  `create_time` datetime NULL DEFAULT NULL COMMENT '创建时间',
  `last_modifier` bigint(20) NULL DEFAULT NULL COMMENT '最后修改人',
  `last_modified_time` datetime NULL DEFAULT NULL COMMENT '最后修改时间',
  `version` int(11) NOT NULL COMMENT '版本',
  `deleted` tinyint(1) NOT NULL DEFAULT 0 COMMENT '0:未删除。1:已删除',
  PRIMARY KEY (`id`) USING BTREE
) ENGINE = InnoDB CHARACTER SET = utf8mb4 COLLATE = utf8mb4_general_ci COMMENT = '消息模板' ROW_FORMAT = DYNAMIC;

-- ----------------------------
-- Records of notice_message_template
-- ----------------------------
INSERT INTO `notice_message_template` VALUES (1424936204932169730, 'cs', '测试', 'hello ${msg}6666666666666666666666666666', '1', '测试模板', 0, '2021-08-10 11:30:40', 0, '2021-08-10 11:30:40', 0, 0);

-- ----------------------------
-- Table structure for notice_site_message
-- ----------------------------
DROP TABLE IF EXISTS `notice_site_message`;
CREATE TABLE `notice_site_message`  (
  `id` bigint(20) NOT NULL COMMENT '主键',
  `title` varchar(255) CHARACTER SET utf8mb4 COLLATE utf8mb4_general_ci NULL DEFAULT NULL COMMENT '消息标题',
  `content` longtext CHARACTER SET utf8mb4 COLLATE utf8mb4_general_ci NULL COMMENT '消息内容',
  `sender_id` bigint(20) NULL DEFAULT NULL COMMENT '发送者id',
  `sender_name` varchar(255) CHARACTER SET utf8mb4 COLLATE utf8mb4_general_ci NULL DEFAULT NULL COMMENT '发送者姓名',
  `sender_time` datetime NULL DEFAULT NULL COMMENT '发送时间',
  `receive_type` varchar(50) CHARACTER SET utf8mb4 COLLATE utf8mb4_general_ci NULL DEFAULT NULL COMMENT '消息类型',
  `send_state` varchar(50) CHARACTER SET utf8mb4 COLLATE utf8mb4_general_ci NULL DEFAULT NULL COMMENT '发布状态',
  `efficient_time` datetime NULL DEFAULT NULL COMMENT '截至有效期',
  `cancel_time` datetime NULL DEFAULT NULL COMMENT '撤回时间',
  `creator` bigint(20) NULL DEFAULT NULL COMMENT '创建人',
  `create_time` datetime NULL DEFAULT NULL COMMENT '创建时间',
  `last_modifier` bigint(20) NULL DEFAULT NULL COMMENT '最后修改人',
  `last_modified_time` datetime NULL DEFAULT NULL COMMENT '最后修改时间',
  `version` int(11) NOT NULL COMMENT '版本',
  `deleted` tinyint(1) NOT NULL DEFAULT 0 COMMENT '0:未删除。1:已删除',
  PRIMARY KEY (`id`) USING BTREE
) ENGINE = InnoDB CHARACTER SET = utf8mb4 COLLATE = utf8mb4_general_ci COMMENT = '站内信' ROW_FORMAT = DYNAMIC;

-- ----------------------------
-- Records of notice_site_message
-- ----------------------------

-- ----------------------------
-- Table structure for notice_site_message_user
-- ----------------------------
DROP TABLE IF EXISTS `notice_site_message_user`;
CREATE TABLE `notice_site_message_user`  (
  `id` bigint(20) NOT NULL COMMENT '主键',
  `message_id` bigint(20) NOT NULL COMMENT '消息id',
  `receive_id` bigint(20) NOT NULL COMMENT '接收者id',
  `have_read` bit(1) NOT NULL COMMENT '已读/未读',
  `read_time` datetime NULL DEFAULT NULL COMMENT '已读时间',
  `creator` bigint(20) NULL DEFAULT NULL COMMENT '创建人',
  `create_time` datetime NULL DEFAULT NULL COMMENT '创建时间',
  `deleted` tinyint(1) NOT NULL DEFAULT 0 COMMENT '0:未删除。1:已删除',
  PRIMARY KEY (`id`) USING BTREE,
  UNIQUE INDEX `uni_receive_message`(`receive_id`, `message_id`) USING BTREE COMMENT '接收人和消息联合索引',
  INDEX `inx_message`(`message_id`) USING BTREE COMMENT '消息索引'
) ENGINE = InnoDB CHARACTER SET = utf8mb4 COLLATE = utf8mb4_bin COMMENT = '消息用户关联' ROW_FORMAT = DYNAMIC;

-- ----------------------------
-- Records of notice_site_message_user
-- ----------------------------

-- ----------------------------
-- Table structure for notice_sms_channel_config
-- ----------------------------
DROP TABLE IF EXISTS `notice_sms_channel_config`;
CREATE TABLE `notice_sms_channel_config`  (
  `id` bigint(20) NOT NULL COMMENT '主键',
  `code` varchar(255) CHARACTER SET utf8mb4 COLLATE utf8mb4_general_ci NULL DEFAULT NULL COMMENT '渠道类型编码',
  `name` varchar(255) CHARACTER SET utf8mb4 COLLATE utf8mb4_general_ci NULL DEFAULT NULL COMMENT '渠道类型名称',
  `state` varchar(255) CHARACTER SET utf8mb4 COLLATE utf8mb4_general_ci NULL DEFAULT NULL COMMENT '状态',
  `access_key` varchar(255) CHARACTER SET utf8mb4 COLLATE utf8mb4_general_ci NULL DEFAULT NULL COMMENT 'AccessKey',
  `config` text CHARACTER SET utf8mb4 COLLATE utf8mb4_general_ci NULL COMMENT '配置字符串',
  `remark` varchar(255) CHARACTER SET utf8mb4 COLLATE utf8mb4_general_ci NULL DEFAULT NULL COMMENT '备注',
  `access_secret` varchar(255) CHARACTER SET utf8mb4 COLLATE utf8mb4_general_ci NULL DEFAULT NULL COMMENT 'AccessSecret',
  `image` bigint(20) NULL DEFAULT NULL COMMENT '图片',
  `sort_no` double(10, 0) NULL DEFAULT NULL COMMENT '排序',
  `creator` bigint(20) NULL DEFAULT NULL COMMENT '创建者ID',
  `create_time` datetime NULL DEFAULT NULL COMMENT '创建时间',
  `last_modifier` bigint(20) NULL DEFAULT NULL COMMENT '最后修者ID',
  `last_modified_time` datetime NULL DEFAULT NULL COMMENT '最后修改时间',
  `version` int(11) NOT NULL COMMENT '乐观锁',
  `deleted` bit(1) NOT NULL COMMENT '删除标志',
  PRIMARY KEY (`id`) USING BTREE
) ENGINE = InnoDB CHARACTER SET = utf8mb4 COLLATE = utf8mb4_general_ci COMMENT = '短信渠道配置' ROW_FORMAT = DYNAMIC;

-- ----------------------------
-- Records of notice_sms_channel_config
-- ----------------------------
INSERT INTO `notice_sms_channel_config` VALUES (1688432603289337856, 'alibaba', '阿里云短信', 'normal', '1', '{\"accessKeyId\":\"1231231231232111\",\"accessKeySecret\":\"12312312321111\",\"signature\":\"1231\",\"templateId\":\"2312313\",\"templateName\":\"123\",\"requestUrl\":\"五千二无二\",\"action\":\"SendSms\",\"version\":\"11\",\"regionId\":\"cn-hangzhou\"}', NULL, '1', NULL, 0, 1414143554414059520, '2023-08-07 14:11:17', 1414143554414059520, '2023-08-07 15:35:34', 0, b'0');
INSERT INTO `notice_sms_channel_config` VALUES (1688456604610953216, 'huawei', '华为云短信', 'normal', '1', '{\"appKey\":\"1231231231232\",\"appSecret\":\"1111\",\"signature\":\"1\",\"sender\":\"1\",\"templateId\":\"12\",\"statusCallBack\":\"1\",\"url\":\"1\"}', NULL, '1', NULL, 0, 1414143554414059520, '2023-08-07 15:46:39', 1414143554414059520, '2023-08-07 15:46:49', 0, b'0');
INSERT INTO `notice_sms_channel_config` VALUES (1688461302302732288, 'yunpian', '云片短信', 'normal', '1', '{\"accessKeyId\":\"1\",\"accessKeySecret\":\"1\",\"signature\":null,\"templateId\":null,\"callbackUrl\":null,\"templateName\":null}', NULL, '1', NULL, 0, 1414143554414059520, '2023-08-07 16:05:19', 1414143554414059520, '2023-08-08 14:12:23', 0, b'0');
INSERT INTO `notice_sms_channel_config` VALUES (1688788784751001600, 'tencent', '腾讯短信', 'normal', '1', '{\"accessKeyId\":\"1\",\"accessKeySecret\":\"1\",\"signature\":null,\"templateId\":null,\"sdkAppId\":null,\"territory\":\"ap-guangzhou\",\"connTimeout\":60,\"requestUrl\":\"sms.tencentcloudapi.com\",\"action\":\"SendSms\",\"version\":\"2021-01-11\",\"service\":\"sms\"}', NULL, '1', NULL, 0, 1414143554414059520, '2023-08-08 13:46:37', 1414143554414059520, '2023-08-08 13:46:37', 0, b'0');
INSERT INTO `notice_sms_channel_config` VALUES (1688788807228276736, 'uni_sms', '合一短信', 'normal', '1', '{\"accessKeyId\":\"1\",\"accessKeySecret\":\"1\",\"signature\":null,\"templateId\":null,\"isSimple\":true,\"templateName\":null}', NULL, '1', NULL, 0, 1414143554414059520, '2023-08-08 13:46:42', 1414143554414059520, '2023-08-08 13:46:43', 0, b'0');
INSERT INTO `notice_sms_channel_config` VALUES (1688788823900635136, 'netease', '网易云短信', 'normal', '1', '{\"accessKeyId\":\"1\",\"accessKeySecret\":\"1\",\"signature\":null,\"templateId\":null,\"templateName\":null,\"templateUrl\":\"https://api.netease.im/sms/sendtemplate.action\",\"codeUrl\":\"https://api.netease.im/sms/sendcode.action\",\"verifyUrl\":\"https://api.netease.im/sms/verifycode.action\",\"needUp\":null}', NULL, '1', NULL, 0, 1414143554414059520, '2023-08-08 13:46:46', 1414143554414059520, '2023-08-08 13:46:47', 0, b'0');
INSERT INTO `notice_sms_channel_config` VALUES (1688788846944141312, 'ctyun', '天翼云短信', 'normal', '1', '{\"accessKeyId\":\"1\",\"accessKeySecret\":\"1\",\"signature\":null,\"templateId\":null,\"templateName\":null,\"requestUrl\":\"https://sms-global.ctapi.ctyun.cn/sms/api/v1\",\"action\":\"SendSms\"}', NULL, '1', NULL, 0, 1414143554414059520, '2023-08-08 13:46:52', 1414143554414059520, '2023-08-08 13:46:52', 0, b'0');
INSERT INTO `notice_sms_channel_config` VALUES (1688788862987354112, 'emay', '亿美短信', 'normal', '1', '{\"appId\":\"1\",\"secretKey\":\"1\",\"requestUrl\":null}', NULL, '1', NULL, 0, 1414143554414059520, '2023-08-08 13:46:56', 1414143554414059520, '2023-08-08 14:03:04', 0, b'0');
INSERT INTO `notice_sms_channel_config` VALUES (1688788885141667840, 'cloopen', '容联短信', 'normal', '1', '{\"accessKeyId\":\"1\",\"accessKeySecret\":\"1\",\"signature\":null,\"templateId\":null,\"appId\":null,\"baseUrl\":\"https://app.cloopen.com:8883/2013-12-26\",\"serverIp\":null,\"serverPort\":null}', NULL, '1', NULL, 0, 1414143554414059520, '2023-08-08 13:47:01', 1414143554414059520, '2023-08-08 13:47:01', 0, b'0');
INSERT INTO `notice_sms_channel_config` VALUES (1688788904481603584, 'jd_cloud', '京东短信', 'normal', '1', '{\"accessKeyId\":\"1\",\"accessKeySecret\":\"1\",\"signature\":null,\"templateId\":null,\"region\":\"cn-north-1\"}', NULL, '1', NULL, 0, 1414143554414059520, '2023-08-08 13:47:06', 1414143554414059520, '2023-08-08 13:47:06', 0, b'0');

-- ----------------------------
-- Table structure for notice_sms_config
-- ----------------------------
DROP TABLE IF EXISTS `notice_sms_config`;
CREATE TABLE `notice_sms_config`  (
  `id` bigint(18) NOT NULL,
  `tid` bigint(18) NOT NULL COMMENT '租户id',
  `code` varchar(32) CHARACTER SET utf8mb4 COLLATE utf8mb4_unicode_ci NOT NULL,
  `name` varchar(64) CHARACTER SET utf8mb4 COLLATE utf8mb4_unicode_ci NULL DEFAULT NULL,
  `account_sid` varchar(512) CHARACTER SET utf8mb4 COLLATE utf8mb4_unicode_ci NOT NULL,
  `path_sid` varchar(512) CHARACTER SET utf8mb4 COLLATE utf8mb4_unicode_ci NULL DEFAULT NULL COMMENT '发送号码的唯一标识(基于twillio的命名风格)',
  `auth_token` varchar(512) CHARACTER SET utf8mb4 COLLATE utf8mb4_unicode_ci NOT NULL,
  `from_num` varchar(512) CHARACTER SET utf8mb4 COLLATE utf8mb4_unicode_ci NOT NULL,
  `is_default` tinyint(1) NULL DEFAULT 0 COMMENT '是否默认配置，0:否。1:是',
  `creator` bigint(18) NULL DEFAULT NULL,
  `create_time` datetime NULL DEFAULT NULL,
  `last_modifier` bigint(18) NULL DEFAULT NULL,
  `last_modified_time` datetime NULL DEFAULT NULL,
  `version` int(10) NULL DEFAULT NULL,
  `deleted` tinyint(1) NULL DEFAULT 0 COMMENT '0:未删除。1:已删除',
  `secret` varchar(512) CHARACTER SET utf8mb4 COLLATE utf8mb4_unicode_ci NULL DEFAULT NULL,
  `isp` varchar(64) CHARACTER SET utf8mb4 COLLATE utf8mb4_unicode_ci NULL DEFAULT NULL,
  `reply_msg` varchar(512) CHARACTER SET utf8mb4 COLLATE utf8mb4_unicode_ci NULL DEFAULT NULL,
  PRIMARY KEY (`id`) USING BTREE
) ENGINE = InnoDB CHARACTER SET = utf8mb4 COLLATE = utf8mb4_unicode_ci COMMENT = '短信配置' ROW_FORMAT = DYNAMIC;

-- ----------------------------
-- Records of notice_sms_config
-- ----------------------------

-- ----------------------------
-- Table structure for notice_sms_template
-- ----------------------------
DROP TABLE IF EXISTS `notice_sms_template`;
CREATE TABLE `notice_sms_template`  (
  `id` bigint(20) NOT NULL COMMENT '主键',
  `supplier_type` varchar(255) CHARACTER SET utf8mb4 COLLATE utf8mb4_bin NULL DEFAULT NULL COMMENT '短信渠道商类型',
  `template_id` varchar(255) CHARACTER SET utf8mb4 COLLATE utf8mb4_bin NULL DEFAULT NULL COMMENT '短信渠道商类型',
  `name` varchar(255) CHARACTER SET utf8mb4 COLLATE utf8mb4_bin NULL DEFAULT NULL COMMENT '短信模板名称',
  `content` varchar(255) CHARACTER SET utf8mb4 COLLATE utf8mb4_bin NULL DEFAULT NULL COMMENT '短信模板内容',
  `creator` bigint(20) NULL DEFAULT NULL COMMENT '创建者ID',
  `create_time` datetime NULL DEFAULT NULL COMMENT '创建时间',
  `last_modifier` bigint(20) NULL DEFAULT NULL COMMENT '最后修者ID',
  `last_modified_time` datetime NULL DEFAULT NULL COMMENT '最后修改时间',
  `version` int(11) NOT NULL COMMENT '乐观锁',
  `deleted` bit(1) NOT NULL COMMENT '删除标志',
  PRIMARY KEY (`id`) USING BTREE
) ENGINE = InnoDB CHARACTER SET = utf8mb4 COLLATE = utf8mb4_bin COMMENT = '短信模板配置' ROW_FORMAT = DYNAMIC;

-- ----------------------------
-- Records of notice_sms_template
-- ----------------------------

-- ----------------------------
-- Table structure for notice_wechat_config
-- ----------------------------
DROP TABLE IF EXISTS `notice_wechat_config`;
CREATE TABLE `notice_wechat_config`  (
  `id` bigint(18) NOT NULL,
  `tid` bigint(18) NOT NULL COMMENT '租户id',
  `code` varchar(32) CHARACTER SET utf8mb4 COLLATE utf8mb4_unicode_ci NOT NULL,
  `name` varchar(64) CHARACTER SET utf8mb4 COLLATE utf8mb4_unicode_ci NULL DEFAULT NULL,
  `corp_id` varchar(512) CHARACTER SET utf8mb4 COLLATE utf8mb4_unicode_ci NOT NULL,
  `corp_secret` varchar(512) CHARACTER SET utf8mb4 COLLATE utf8mb4_unicode_ci NOT NULL,
  `is_default` tinyint(1) NULL DEFAULT 0 COMMENT '是否默认配置，0:否。1:是',
  `creator` bigint(18) NULL DEFAULT NULL,
  `create_time` datetime NULL DEFAULT NULL,
  `last_modifier` bigint(18) NULL DEFAULT NULL,
  `last_modified_time` datetime NULL DEFAULT NULL,
  `version` int(10) NULL DEFAULT NULL,
  `deleted` tinyint(1) NULL DEFAULT 0 COMMENT '0:未删除。1:已删除',
  PRIMARY KEY (`id`) USING BTREE
) ENGINE = InnoDB CHARACTER SET = utf8mb4 COLLATE = utf8mb4_unicode_ci COMMENT = '微信消息配置' ROW_FORMAT = DYNAMIC;

-- ----------------------------
-- Records of notice_wechat_config
-- ----------------------------

-- ----------------------------
-- Table structure for pay_alipay_config
-- ----------------------------
DROP TABLE IF EXISTS `pay_alipay_config`;
CREATE TABLE `pay_alipay_config`  (
  `id` bigint(20) NOT NULL COMMENT '主键',
  `app_id` varchar(255) CHARACTER SET utf8mb4 COLLATE utf8mb4_general_ci NULL DEFAULT NULL COMMENT '支付宝商户appId',
  `enable` bit(1) NULL DEFAULT NULL COMMENT '是否启用',
  `notify_url` varchar(255) CHARACTER SET utf8mb4 COLLATE utf8mb4_general_ci NULL DEFAULT NULL COMMENT '异步通知页面路径',
  `return_url` varchar(255) CHARACTER SET utf8mb4 COLLATE utf8mb4_general_ci NULL DEFAULT NULL COMMENT '同步通知页面路径',
  `server_url` varchar(255) CHARACTER SET utf8mb4 COLLATE utf8mb4_general_ci NULL DEFAULT NULL COMMENT '支付网关地址',
  `auth_type` varchar(255) CHARACTER SET utf8mb4 COLLATE utf8mb4_general_ci NULL DEFAULT NULL COMMENT '认证类型',
  `sign_type` varchar(255) CHARACTER SET utf8mb4 COLLATE utf8mb4_general_ci NULL DEFAULT NULL COMMENT '签名类型 RSA2',
  `alipay_public_key` longtext CHARACTER SET utf8mb4 COLLATE utf8mb4_general_ci NULL COMMENT '支付宝公钥',
  `private_key` longtext CHARACTER SET utf8mb4 COLLATE utf8mb4_general_ci NULL COMMENT '私钥',
  `app_cert` longtext CHARACTER SET utf8mb4 COLLATE utf8mb4_general_ci NULL COMMENT '应用公钥证书',
  `alipay_cert` longtext CHARACTER SET utf8mb4 COLLATE utf8mb4_general_ci NULL COMMENT '支付宝公钥证书',
  `alipay_root_cert` longtext CHARACTER SET utf8mb4 COLLATE utf8mb4_general_ci NULL COMMENT '支付宝CA根证书',
  `sandbox` bit(1) NULL DEFAULT NULL COMMENT '是否沙箱环境',
  `single_limit` int(11) NULL DEFAULT NULL COMMENT '支付限额',
  `pay_ways` varchar(255) CHARACTER SET utf8mb4 COLLATE utf8mb4_general_ci NULL DEFAULT NULL COMMENT '可用支付方式',
  `allocation` bit(1) NULL DEFAULT NULL COMMENT '是否支付分账',
  `alipay_user_id` varchar(255) CHARACTER SET utf8mb4 COLLATE utf8mb4_general_ci NULL DEFAULT NULL COMMENT '合作者身份ID',
  `remark` varchar(255) CHARACTER SET utf8mb4 COLLATE utf8mb4_general_ci NULL DEFAULT NULL COMMENT '备注',
  `creator` bigint(20) NULL DEFAULT NULL COMMENT '创建者ID',
  `create_time` datetime NULL DEFAULT NULL COMMENT '创建时间',
  `last_modifier` bigint(20) NULL DEFAULT NULL COMMENT '最后修者ID',
  `last_modified_time` datetime NULL DEFAULT NULL COMMENT '最后修改时间',
  `version` int(11) NOT NULL COMMENT '乐观锁',
  `deleted` bit(1) NOT NULL COMMENT '删除标志',
  PRIMARY KEY (`id`) USING BTREE
) ENGINE = InnoDB CHARACTER SET = utf8mb4 COLLATE = utf8mb4_general_ci COMMENT = '支付宝支付配置' ROW_FORMAT = DYNAMIC;

-- ----------------------------
-- Records of pay_alipay_config
-- ----------------------------
INSERT INTO `pay_alipay_config` VALUES (0, NULL, NULL, NULL, NULL, NULL, NULL, NULL, NULL, NULL, NULL, NULL, NULL, NULL, NULL, NULL, NULL, NULL, NULL, 0, '2024-01-02 21:17:58', 1399985191002447872, '2024-05-07 19:06:38', 32, b'0');

-- ----------------------------
-- Table structure for pay_alipay_reconcile_bill_detail
-- ----------------------------
DROP TABLE IF EXISTS `pay_alipay_reconcile_bill_detail`;
CREATE TABLE `pay_alipay_reconcile_bill_detail`  (
  `id` bigint(20) NOT NULL COMMENT '主键',
  `trade_no` varchar(255) CHARACTER SET utf8mb4 COLLATE utf8mb4_general_ci NULL DEFAULT NULL COMMENT '支付宝交易号',
  `out_trade_no` varchar(255) CHARACTER SET utf8mb4 COLLATE utf8mb4_general_ci NULL DEFAULT NULL COMMENT '商户订单号',
  `trade_type` varchar(255) CHARACTER SET utf8mb4 COLLATE utf8mb4_general_ci NULL DEFAULT NULL COMMENT '业务类型',
  `subject` varchar(255) CHARACTER SET utf8mb4 COLLATE utf8mb4_general_ci NULL DEFAULT NULL COMMENT '商品名称',
  `create_time` varchar(255) CHARACTER SET utf8mb4 COLLATE utf8mb4_general_ci NULL DEFAULT NULL COMMENT '创建时间',
  `end_time` varchar(255) CHARACTER SET utf8mb4 COLLATE utf8mb4_general_ci NULL DEFAULT NULL COMMENT '完成时间',
  `store_id` varchar(255) CHARACTER SET utf8mb4 COLLATE utf8mb4_general_ci NULL DEFAULT NULL COMMENT '门店编号',
  `store_name` varchar(255) CHARACTER SET utf8mb4 COLLATE utf8mb4_general_ci NULL DEFAULT NULL COMMENT '门店名称',
  `operator` varchar(255) CHARACTER SET utf8mb4 COLLATE utf8mb4_general_ci NULL DEFAULT NULL COMMENT '操作员',
  `terminal_id` varchar(255) CHARACTER SET utf8mb4 COLLATE utf8mb4_general_ci NULL DEFAULT NULL COMMENT '终端号',
  `other_account` varchar(255) CHARACTER SET utf8mb4 COLLATE utf8mb4_general_ci NULL DEFAULT NULL COMMENT '对方账户',
  `order_amount` varchar(255) CHARACTER SET utf8mb4 COLLATE utf8mb4_general_ci NULL DEFAULT NULL COMMENT '订单金额（元）',
  `real_amount` varchar(255) CHARACTER SET utf8mb4 COLLATE utf8mb4_general_ci NULL DEFAULT NULL COMMENT '商家实收（元）',
  `alipay_amount` varchar(255) CHARACTER SET utf8mb4 COLLATE utf8mb4_general_ci NULL DEFAULT NULL COMMENT '支付宝红包（元）',
  `jfb_amount` varchar(255) CHARACTER SET utf8mb4 COLLATE utf8mb4_general_ci NULL DEFAULT NULL COMMENT '集分宝（元）',
  `alipay_discount_amount` varchar(255) CHARACTER SET utf8mb4 COLLATE utf8mb4_general_ci NULL DEFAULT NULL COMMENT '支付宝优惠（元）',
  `discount_amount` varchar(255) CHARACTER SET utf8mb4 COLLATE utf8mb4_general_ci NULL DEFAULT NULL COMMENT '商家优惠（元）',
  `coupon_discount_amount` varchar(255) CHARACTER SET utf8mb4 COLLATE utf8mb4_general_ci NULL DEFAULT NULL COMMENT '券核销金额（元）',
  `coupon_name` varchar(255) CHARACTER SET utf8mb4 COLLATE utf8mb4_general_ci NULL DEFAULT NULL COMMENT '券名称',
  `coupon_amount` varchar(255) CHARACTER SET utf8mb4 COLLATE utf8mb4_general_ci NULL DEFAULT NULL COMMENT '商家红包消费金额（元）',
  `card_amount` varchar(255) CHARACTER SET utf8mb4 COLLATE utf8mb4_general_ci NULL DEFAULT NULL COMMENT '卡消费金额（元）',
  `batch_no` varchar(255) CHARACTER SET utf8mb4 COLLATE utf8mb4_general_ci NULL DEFAULT NULL COMMENT '退款批次号/请求号',
  `service_amount` varchar(255) CHARACTER SET utf8mb4 COLLATE utf8mb4_general_ci NULL DEFAULT NULL COMMENT '服务费（元）',
  `split_amount` varchar(255) CHARACTER SET utf8mb4 COLLATE utf8mb4_general_ci NULL DEFAULT NULL COMMENT '分润（元）',
  `remark` varchar(255) CHARACTER SET utf8mb4 COLLATE utf8mb4_general_ci NULL DEFAULT NULL COMMENT '备注',
  `reconcile_id` bigint(20) NULL DEFAULT NULL COMMENT '关联对账订单ID',
  PRIMARY KEY (`id`) USING BTREE
) ENGINE = InnoDB CHARACTER SET = utf8mb4 COLLATE = utf8mb4_general_ci COMMENT = '支付宝业务明细对账单' ROW_FORMAT = Dynamic;

-- ----------------------------
-- Records of pay_alipay_reconcile_bill_detail
-- ----------------------------

-- ----------------------------
-- Table structure for pay_alipay_reconcile_bill_total
-- ----------------------------
DROP TABLE IF EXISTS `pay_alipay_reconcile_bill_total`;
CREATE TABLE `pay_alipay_reconcile_bill_total`  (
  `id` bigint(20) NOT NULL COMMENT '主键',
  `record_order_id` bigint(20) NULL DEFAULT NULL COMMENT '关联对账订单ID',
  `store_id` varchar(255) CHARACTER SET utf8mb4 COLLATE utf8mb4_general_ci NULL DEFAULT NULL COMMENT '门店编号',
  `store_name` varchar(255) CHARACTER SET utf8mb4 COLLATE utf8mb4_general_ci NULL DEFAULT NULL COMMENT '门店名称',
  `total_num` varchar(255) CHARACTER SET utf8mb4 COLLATE utf8mb4_general_ci NULL DEFAULT NULL COMMENT '交易订单总笔数',
  `total_refund_num` varchar(255) CHARACTER SET utf8mb4 COLLATE utf8mb4_general_ci NULL DEFAULT NULL COMMENT '退款订单总笔数',
  `total_order_amount` varchar(255) CHARACTER SET utf8mb4 COLLATE utf8mb4_general_ci NULL DEFAULT NULL COMMENT '订单金额（元）',
  `total_amount` varchar(255) CHARACTER SET utf8mb4 COLLATE utf8mb4_general_ci NULL DEFAULT NULL COMMENT '商家实收（元）',
  `total_discount_amount` varchar(255) CHARACTER SET utf8mb4 COLLATE utf8mb4_general_ci NULL DEFAULT NULL COMMENT '支付宝优惠（元）',
  `total_coupon_amount` varchar(255) CHARACTER SET utf8mb4 COLLATE utf8mb4_general_ci NULL DEFAULT NULL COMMENT '商家优惠（元）',
  `total_consume_amount` varchar(255) CHARACTER SET utf8mb4 COLLATE utf8mb4_general_ci NULL DEFAULT NULL COMMENT '卡消费金额（元）',
  `total_service_amount` varchar(255) CHARACTER SET utf8mb4 COLLATE utf8mb4_general_ci NULL DEFAULT NULL COMMENT '服务费（元）',
  `total_share_amount` varchar(255) CHARACTER SET utf8mb4 COLLATE utf8mb4_general_ci NULL DEFAULT NULL COMMENT '分润（元）',
  `total_net_amount` varchar(255) CHARACTER SET utf8mb4 COLLATE utf8mb4_general_ci NULL DEFAULT NULL COMMENT '实收净额（元）',
  PRIMARY KEY (`id`) USING BTREE
) ENGINE = InnoDB CHARACTER SET = utf8mb4 COLLATE = utf8mb4_general_ci COMMENT = '支付宝业务汇总对账单' ROW_FORMAT = Dynamic;

-- ----------------------------
-- Records of pay_alipay_reconcile_bill_total
-- ----------------------------

-- ----------------------------
-- Table structure for pay_allocation_group
-- ----------------------------
DROP TABLE IF EXISTS `pay_allocation_group`;
CREATE TABLE `pay_allocation_group`  (
  `id` bigint(20) NOT NULL COMMENT '主键',
  `name` varchar(255) CHARACTER SET utf8mb4 COLLATE utf8mb4_general_ci NULL DEFAULT NULL COMMENT '名称',
  `channel` varchar(255) CHARACTER SET utf8mb4 COLLATE utf8mb4_general_ci NULL DEFAULT NULL COMMENT '通道',
  `total_rate` int(11) NULL DEFAULT NULL COMMENT '总分账比例(万分之多少)',
  `remark` varchar(255) CHARACTER SET utf8mb4 COLLATE utf8mb4_general_ci NULL DEFAULT NULL COMMENT '备注',
  `creator` bigint(20) NULL DEFAULT NULL COMMENT '创建者ID',
  `create_time` datetime NULL DEFAULT NULL COMMENT '创建时间',
  `last_modifier` bigint(20) NULL DEFAULT NULL COMMENT '最后修者ID',
  `last_modified_time` datetime NULL DEFAULT NULL COMMENT '最后修改时间',
  `version` int(11) NOT NULL COMMENT '乐观锁',
  `deleted` bit(1) NOT NULL COMMENT '删除标志',
  `default_group` bit(1) NULL DEFAULT NULL COMMENT '默认分账组',
  PRIMARY KEY (`id`) USING BTREE
) ENGINE = InnoDB CHARACTER SET = utf8mb4 COLLATE = utf8mb4_general_ci COMMENT = '分账组' ROW_FORMAT = Dynamic;

-- ----------------------------
-- Records of pay_allocation_group
-- ----------------------------

-- ----------------------------
-- Table structure for pay_allocation_group_receiver
-- ----------------------------
DROP TABLE IF EXISTS `pay_allocation_group_receiver`;
CREATE TABLE `pay_allocation_group_receiver`  (
  `id` bigint(20) NOT NULL COMMENT '主键',
  `group_id` bigint(20) NULL DEFAULT NULL COMMENT '分账组ID',
  `receiver_id` bigint(20) NULL DEFAULT NULL COMMENT '接收者ID',
  `rate` int(11) NULL DEFAULT NULL COMMENT '分账比例(万分之多少)',
  `creator` bigint(20) NULL DEFAULT NULL COMMENT '创建者ID',
  `create_time` datetime NULL DEFAULT NULL COMMENT '创建时间',
  PRIMARY KEY (`id`) USING BTREE
) ENGINE = InnoDB CHARACTER SET = utf8mb4 COLLATE = utf8mb4_general_ci COMMENT = '分账接收组关系' ROW_FORMAT = Dynamic;

-- ----------------------------
-- Records of pay_allocation_group_receiver
-- ----------------------------

-- ----------------------------
-- Table structure for pay_allocation_order
-- ----------------------------
DROP TABLE IF EXISTS `pay_allocation_order`;
CREATE TABLE `pay_allocation_order`  (
  `id` bigint(20) NOT NULL COMMENT '主键',
  `allocation_no` varchar(255) CHARACTER SET utf8mb4 COLLATE utf8mb4_general_ci NULL DEFAULT NULL COMMENT '分账单号',
  `biz_allocation_no` varchar(255) CHARACTER SET utf8mb4 COLLATE utf8mb4_general_ci NULL DEFAULT NULL COMMENT '商户分账单号',
  `out_allocation_no` varchar(255) CHARACTER SET utf8mb4 COLLATE utf8mb4_general_ci NULL DEFAULT NULL COMMENT '通道分账号',
  `order_id` bigint(20) NULL DEFAULT NULL COMMENT '支付订单ID',
  `order_no` varchar(255) CHARACTER SET utf8mb4 COLLATE utf8mb4_general_ci NULL DEFAULT NULL COMMENT '支付订单号',
  `biz_order_no` varchar(255) CHARACTER SET utf8mb4 COLLATE utf8mb4_general_ci NULL DEFAULT NULL COMMENT '商户支付订单号',
  `out_order_no` varchar(255) CHARACTER SET utf8mb4 COLLATE utf8mb4_general_ci NULL DEFAULT NULL COMMENT '通道支付订单号',
  `title` varchar(255) CHARACTER SET utf8mb4 COLLATE utf8mb4_general_ci NULL DEFAULT NULL,
  `channel` varchar(255) CHARACTER SET utf8mb4 COLLATE utf8mb4_general_ci NULL DEFAULT NULL COMMENT '所属通道',
  `amount` int(11) NULL DEFAULT NULL COMMENT '总分账金额',
  `description` varchar(255) CHARACTER SET utf8mb4 COLLATE utf8mb4_general_ci NULL DEFAULT NULL COMMENT '分账描述',
  `status` varchar(255) CHARACTER SET utf8mb4 COLLATE utf8mb4_general_ci NULL DEFAULT NULL COMMENT '状态',
  `result` varchar(255) CHARACTER SET utf8mb4 COLLATE utf8mb4_general_ci NULL DEFAULT NULL COMMENT '分账处理结果',
  `error_code` varchar(255) CHARACTER SET utf8mb4 COLLATE utf8mb4_general_ci NULL DEFAULT NULL COMMENT '错误码',
  `error_msg` varchar(255) CHARACTER SET utf8mb4 COLLATE utf8mb4_general_ci NULL DEFAULT NULL COMMENT '错误原因',
  `finish_time` datetime NULL DEFAULT NULL COMMENT '分账完成时间',
  `creator` bigint(20) NULL DEFAULT NULL COMMENT '创建者ID',
  `create_time` datetime NULL DEFAULT NULL COMMENT '创建时间',
  `last_modifier` bigint(20) NULL DEFAULT NULL COMMENT '最后修者ID',
  `last_modified_time` datetime NULL DEFAULT NULL COMMENT '最后修改时间',
  `version` int(11) NOT NULL COMMENT '乐观锁',
  `deleted` bit(1) NOT NULL COMMENT '删除标志',
  PRIMARY KEY (`id`) USING BTREE
) ENGINE = InnoDB CHARACTER SET = utf8mb4 COLLATE = utf8mb4_general_ci COMMENT = '分账订单' ROW_FORMAT = Dynamic;

-- ----------------------------
-- Records of pay_allocation_order
-- ----------------------------

-- ----------------------------
-- Table structure for pay_allocation_order_detail
-- ----------------------------
DROP TABLE IF EXISTS `pay_allocation_order_detail`;
CREATE TABLE `pay_allocation_order_detail`  (
  `id` bigint(20) NOT NULL COMMENT '主键',
  `allocation_id` bigint(20) NULL DEFAULT NULL COMMENT '分账订单ID',
  `receiver_id` bigint(20) NULL DEFAULT NULL COMMENT '接收者ID',
  `rate` int(11) NULL DEFAULT NULL COMMENT '分账比例(万分之多少)',
  `amount` int(11) NULL DEFAULT NULL COMMENT '分账金额',
  `receiver_type` varchar(255) CHARACTER SET utf8mb4 COLLATE utf8mb4_general_ci NULL DEFAULT NULL COMMENT '分账接收方类型',
  `receiver_account` varchar(255) CHARACTER SET utf8mb4 COLLATE utf8mb4_general_ci NULL DEFAULT NULL COMMENT '接收方账号',
  `receiver_name` varchar(255) CHARACTER SET utf8mb4 COLLATE utf8mb4_general_ci NULL DEFAULT NULL COMMENT '接收方姓名',
  `result` varchar(255) CHARACTER SET utf8mb4 COLLATE utf8mb4_general_ci NULL DEFAULT NULL COMMENT '分账结果',
  `error_code` varchar(255) CHARACTER SET utf8mb4 COLLATE utf8mb4_general_ci NULL DEFAULT NULL COMMENT '错误代码',
  `error_msg` varchar(255) CHARACTER SET utf8mb4 COLLATE utf8mb4_general_ci NULL DEFAULT NULL COMMENT '错误原因',
  `finish_time` datetime NULL DEFAULT NULL COMMENT '分账完成时间',
  `creator` bigint(20) NULL DEFAULT NULL COMMENT '创建者ID',
  `create_time` datetime NULL DEFAULT NULL COMMENT '创建时间',
  `last_modifier` bigint(20) NULL DEFAULT NULL COMMENT '最后修者ID',
  `last_modified_time` datetime NULL DEFAULT NULL COMMENT '最后修改时间',
  `version` int(11) NOT NULL COMMENT '乐观锁',
  `deleted` bit(1) NOT NULL COMMENT '删除标志',
  PRIMARY KEY (`id`) USING BTREE
) ENGINE = InnoDB CHARACTER SET = utf8mb4 COLLATE = utf8mb4_general_ci COMMENT = '分账订单明细' ROW_FORMAT = Dynamic;

-- ----------------------------
-- Records of pay_allocation_order_detail
-- ----------------------------

-- ----------------------------
-- Table structure for pay_allocation_receiver
-- ----------------------------
DROP TABLE IF EXISTS `pay_allocation_receiver`;
CREATE TABLE `pay_allocation_receiver`  (
  `id` bigint(20) NOT NULL COMMENT '主键',
  `name` varchar(255) CHARACTER SET utf8mb4 COLLATE utf8mb4_general_ci NULL DEFAULT NULL COMMENT '账号别名',
  `channel` varchar(255) CHARACTER SET utf8mb4 COLLATE utf8mb4_general_ci NULL DEFAULT NULL COMMENT '所属通道',
  `receiver_type` varchar(255) CHARACTER SET utf8mb4 COLLATE utf8mb4_general_ci NULL DEFAULT NULL COMMENT '分账接收方类型',
  `receiver_account` varchar(255) CHARACTER SET utf8mb4 COLLATE utf8mb4_general_ci NULL DEFAULT NULL COMMENT '接收方账号',
  `receiver_name` varchar(255) CHARACTER SET utf8mb4 COLLATE utf8mb4_general_ci NULL DEFAULT NULL COMMENT '接收方姓名',
  `relation_type` varchar(255) CHARACTER SET utf8mb4 COLLATE utf8mb4_general_ci NULL DEFAULT NULL COMMENT '分账关系类型',
  `relation_name` varchar(255) CHARACTER SET utf8mb4 COLLATE utf8mb4_general_ci NULL DEFAULT NULL COMMENT '关系名称',
  `sync` bit(1) NULL DEFAULT NULL COMMENT '是否已经同步到网关',
  `remark` varchar(255) CHARACTER SET utf8mb4 COLLATE utf8mb4_general_ci NULL DEFAULT NULL COMMENT '备注',
  `creator` bigint(20) NULL DEFAULT NULL COMMENT '创建者ID',
  `create_time` datetime NULL DEFAULT NULL COMMENT '创建时间',
  `last_modifier` bigint(20) NULL DEFAULT NULL COMMENT '最后修者ID',
  `last_modified_time` datetime NULL DEFAULT NULL COMMENT '最后修改时间',
  `version` int(11) NOT NULL COMMENT '乐观锁',
  `deleted` bit(1) NOT NULL COMMENT '删除标志',
  PRIMARY KEY (`id`) USING BTREE
) ENGINE = InnoDB CHARACTER SET = utf8mb4 COLLATE = utf8mb4_general_ci COMMENT = '分账接收方' ROW_FORMAT = Dynamic;

-- ----------------------------
-- Records of pay_allocation_receiver
-- ----------------------------

-- ----------------------------
-- Table structure for pay_api_config
-- ----------------------------
DROP TABLE IF EXISTS `pay_api_config`;
CREATE TABLE `pay_api_config`  (
  `id` bigint(20) NOT NULL COMMENT '主键',
  `code` varchar(255) CHARACTER SET utf8mb4 COLLATE utf8mb4_general_ci NULL DEFAULT NULL COMMENT '编码',
  `api` varchar(255) CHARACTER SET utf8mb4 COLLATE utf8mb4_general_ci NULL DEFAULT NULL COMMENT '接口地址',
  `name` varchar(255) CHARACTER SET utf8mb4 COLLATE utf8mb4_general_ci NULL DEFAULT NULL COMMENT '名称',
  `notice_support` bit(1) NULL DEFAULT NULL COMMENT '支持回调通知',
  `enable` bit(1) NULL DEFAULT NULL COMMENT '是否启用',
  `notice` bit(1) NULL DEFAULT NULL COMMENT '是否开启回调通知',
  `notice_url` varchar(255) CHARACTER SET utf8mb4 COLLATE utf8mb4_general_ci NULL DEFAULT NULL COMMENT '默认通知地址',
  `req_sign` bit(1) NULL DEFAULT NULL COMMENT '请求参数是否签名',
  `creator` bigint(20) NULL DEFAULT NULL COMMENT '创建者ID',
  `create_time` datetime NULL DEFAULT NULL COMMENT '创建时间',
  `last_modifier` bigint(20) NULL DEFAULT NULL COMMENT '最后修者ID',
  `last_modified_time` datetime NULL DEFAULT NULL COMMENT '最后修改时间',
  `version` int(11) NOT NULL COMMENT '乐观锁',
  `deleted` bit(1) NOT NULL COMMENT '删除标志',
  `remark` varchar(255) CHARACTER SET utf8mb4 COLLATE utf8mb4_general_ci NULL DEFAULT NULL COMMENT '备注',
  PRIMARY KEY (`id`) USING BTREE
) ENGINE = InnoDB CHARACTER SET = utf8mb4 COLLATE = utf8mb4_general_ci COMMENT = '支付接口配置' ROW_FORMAT = DYNAMIC;

-- ----------------------------
-- Records of pay_api_config
-- ----------------------------
INSERT INTO `pay_api_config` VALUES (1, 'pay', '/uniPay/pay', '统一支付接口	', b'1', b'1', b'1', 'http://localhost/server/demo/callback/payObject', b'1', 0, '2024-01-03 14:25:48', 1399985191002447872, '2024-03-11 17:31:41', 11, b'0', NULL);
INSERT INTO `pay_api_config` VALUES (2, 'simplePay', '/uniPay/simplePay', '简单支付接口', b'1', b'1', b'1', 'http://localhost/server/demo/callback/payObject', b'0', 0, '2024-01-03 14:25:48', 1399985191002447872, '2024-03-11 17:31:44', 16, b'0', NULL);
INSERT INTO `pay_api_config` VALUES (3, 'close', '/uniPay/close', '支付关闭接口', b'0', b'1', b'1', NULL, b'1', 0, '2024-01-03 14:25:48', 0, '2024-01-03 14:25:53', 0, b'0', NULL);
INSERT INTO `pay_api_config` VALUES (4, 'refund', '/uniPay/refund', '统一退款接口', b'1', b'1', b'1', 'http://pay1.demo.bootx.cn/server/demo/callback/refundObject', b'1', 0, '2024-01-03 14:25:48', 1399985191002447872, '2024-02-27 13:11:50', 6, b'0', NULL);
INSERT INTO `pay_api_config` VALUES (5, 'simpleRefund', '/uniPay/simpleRefund', '简单退款接口', b'1', b'1', b'1', 'http://pay1.demo.bootx.cn/server/demo/callback/refundObject', b'1', 0, '2024-01-03 14:25:48', 1399985191002447872, '2024-02-27 13:11:59', 6, b'0', NULL);
INSERT INTO `pay_api_config` VALUES (6, 'syncPay', '/uniPay/syncPay', '支付同步接口', b'0', b'1', b'1', NULL, b'1', 0, '2024-01-03 14:25:48', 0, '2024-01-03 14:25:53', 0, b'0', NULL);
INSERT INTO `pay_api_config` VALUES (7, 'syncRefund', '/uniPay/syncRefund', '退款同步接口', b'0', b'1', b'1', NULL, b'1', 0, '2024-01-03 14:25:48', 0, '2024-01-03 14:25:53', 0, b'0', NULL);
INSERT INTO `pay_api_config` VALUES (8, 'transfer', '/uniPay/transfer', '统一转账接口', b'1', b'1', b'1', NULL, b'1', 0, '2024-01-03 14:25:48', 0, '2024-01-03 14:25:53', 0, b'0', NULL);
INSERT INTO `pay_api_config` VALUES (9, 'allocation', '/uniPay/allocation', '统一分账接口', b'1', b'1', b'1', NULL, b'1', 0, '2024-01-03 14:25:48', 0, '2024-01-03 14:25:53', 0, b'0', NULL);
INSERT INTO `pay_api_config` VALUES (10, 'queryPayOrder', '/uniPay/queryPayOrder', '支付订单查询接口', b'0', b'1', b'0', NULL, b'1', 0, '2024-01-03 14:25:48', 0, '2024-01-03 14:25:53', 0, b'0', NULL);
INSERT INTO `pay_api_config` VALUES (11, 'queryRefundOrder', '/uniPay/queryRefundOrder', '退款订单查询接口', b'0', b'1', b'0', NULL, b'1', 0, '2024-01-03 14:25:48', 0, '2024-01-03 14:25:53', 0, b'0', NULL);
INSERT INTO `pay_api_config` VALUES (12, 'getWxAuthUrl', '/unipay/assist/getWxAuthUrl', '获取微信OAuth2授权链接', b'0', b'1', b'0', NULL, b'1', 0, '2024-01-03 14:25:48', 0, '2024-01-03 14:25:53', 0, b'0', NULL);
INSERT INTO `pay_api_config` VALUES (13, 'getWxAccessToken', '/unipay/assist/getWxAccessToken', '获取微信AccessToken', b'0', b'1', b'0', NULL, b'1', 0, '2024-01-03 14:25:48', 0, '2024-01-03 14:25:53', 0, b'0', NULL);

-- ----------------------------
-- Table structure for pay_callback_record
-- ----------------------------
DROP TABLE IF EXISTS `pay_callback_record`;
CREATE TABLE `pay_callback_record`  (
  `id` bigint(20) NOT NULL COMMENT '主键',
  `trade_no` varchar(255) CHARACTER SET utf8mb4 COLLATE utf8mb4_general_ci NULL DEFAULT NULL COMMENT '本地交易号',
  `out_trade_no` varchar(255) CHARACTER SET utf8mb4 COLLATE utf8mb4_general_ci NULL DEFAULT NULL COMMENT '通道交易号',
  `channel` varchar(255) CHARACTER SET utf8mb4 COLLATE utf8mb4_general_ci NULL DEFAULT NULL COMMENT '支付通道',
  `callback_type` varchar(255) CHARACTER SET utf8mb4 COLLATE utf8mb4_general_ci NULL DEFAULT NULL COMMENT '回调类型',
  `notify_info` longtext CHARACTER SET utf8mb4 COLLATE utf8mb4_general_ci NULL COMMENT '通知消息',
  `status` varchar(255) CHARACTER SET utf8mb4 COLLATE utf8mb4_general_ci NULL DEFAULT NULL COMMENT '回调处理状态',
  `repair_order_no` varchar(255) CHARACTER SET utf8mb4 COLLATE utf8mb4_general_ci NULL DEFAULT NULL,
  `error_code` varchar(255) CHARACTER SET utf8mb4 COLLATE utf8mb4_general_ci NULL DEFAULT NULL COMMENT '错误码',
  `creator` bigint(20) NULL DEFAULT NULL COMMENT '创建者ID',
  `create_time` datetime NULL DEFAULT NULL COMMENT '创建时间',
  `error_msg` varchar(255) CHARACTER SET utf8mb4 COLLATE utf8mb4_general_ci NULL DEFAULT NULL COMMENT '提示信息',
  PRIMARY KEY (`id`) USING BTREE
) ENGINE = InnoDB CHARACTER SET = utf8mb4 COLLATE = utf8mb4_general_ci COMMENT = '网关回调通知' ROW_FORMAT = Dynamic;

-- ----------------------------
-- Records of pay_callback_record
-- ----------------------------

-- ----------------------------
-- Table structure for pay_channel_config
-- ----------------------------
DROP TABLE IF EXISTS `pay_channel_config`;
CREATE TABLE `pay_channel_config`  (
  `id` bigint(20) NOT NULL COMMENT '主键',
  `code` varchar(255) CHARACTER SET utf8mb4 COLLATE utf8mb4_general_ci NULL DEFAULT NULL COMMENT '代码',
  `name` varchar(255) CHARACTER SET utf8mb4 COLLATE utf8mb4_general_ci NULL DEFAULT NULL COMMENT '名称',
  `icon_id` bigint(20) NULL DEFAULT NULL COMMENT 'ICON图片',
  `bg_color` varchar(255) CHARACTER SET utf8mb4 COLLATE utf8mb4_general_ci NULL DEFAULT NULL COMMENT '卡牌背景色',
  `enable` bit(1) NULL DEFAULT NULL COMMENT '是否启用',
  `remark` varchar(255) CHARACTER SET utf8mb4 COLLATE utf8mb4_general_ci NULL DEFAULT NULL COMMENT '备注',
  `creator` bigint(20) NULL DEFAULT NULL COMMENT '创建者ID',
  `create_time` datetime NULL DEFAULT NULL COMMENT '创建时间',
  `last_modifier` bigint(20) NULL DEFAULT NULL COMMENT '最后修者ID',
  `last_modified_time` datetime NULL DEFAULT NULL COMMENT '最后修改时间',
  `version` int(11) NOT NULL COMMENT '乐观锁',
  `deleted` bit(1) NOT NULL COMMENT '删除标志',
  PRIMARY KEY (`id`) USING BTREE
) ENGINE = InnoDB CHARACTER SET = utf8mb4 COLLATE = utf8mb4_general_ci COMMENT = '支付通道配置' ROW_FORMAT = DYNAMIC;

-- ----------------------------
-- Records of pay_channel_config
-- ----------------------------
INSERT INTO `pay_channel_config` VALUES (1, 'ali_pay', '支付宝', 1785687489144651776, NULL, b'1', '', 0, '2024-01-08 16:47:07', 1399985191002447872, '2024-05-01 23:07:31', 11, b'0');
INSERT INTO `pay_channel_config` VALUES (2, 'wechat_pay', '微信支付', NULL, NULL, b'1', '', 0, '2024-01-08 16:47:07', 1399985191002447872, '2024-02-13 15:38:24', 7, b'0');
INSERT INTO `pay_channel_config` VALUES (3, 'union_pay', '云闪付', NULL, NULL, b'1', NULL, 0, '2024-01-08 16:47:07', 1399985191002447872, '2024-03-10 15:04:36', 2, b'0');
INSERT INTO `pay_channel_config` VALUES (5, 'wallet_pay', '钱包支付', NULL, NULL, b'1', NULL, 0, '2024-01-08 16:47:07', 0, '2024-01-08 16:47:11', 0, b'0');

-- ----------------------------
-- Table structure for pay_client_notice_record
-- ----------------------------
DROP TABLE IF EXISTS `pay_client_notice_record`;
CREATE TABLE `pay_client_notice_record`  (
  `id` bigint(20) NOT NULL COMMENT '主键',
  `task_id` bigint(20) NULL DEFAULT NULL COMMENT '任务ID',
  `req_count` int(11) NULL DEFAULT NULL COMMENT '请求次数',
  `success` bit(1) NULL DEFAULT NULL COMMENT '发送是否成功',
  `send_type` varchar(255) CHARACTER SET utf8mb4 COLLATE utf8mb4_general_ci NULL DEFAULT NULL COMMENT '发送类型',
  `error_msg` varchar(255) CHARACTER SET utf8mb4 COLLATE utf8mb4_general_ci NULL DEFAULT NULL COMMENT '错误信息',
  `creator` bigint(20) NULL DEFAULT NULL COMMENT '创建者ID',
  `create_time` datetime NULL DEFAULT NULL COMMENT '创建时间',
  `error_code` varchar(255) CHARACTER SET utf8mb4 COLLATE utf8mb4_general_ci NULL DEFAULT NULL COMMENT '错误编码',
  PRIMARY KEY (`id`) USING BTREE
) ENGINE = InnoDB CHARACTER SET = utf8mb4 COLLATE = utf8mb4_general_ci COMMENT = '消息通知任务记录' ROW_FORMAT = Dynamic;

-- ----------------------------
-- Records of pay_client_notice_record
-- ----------------------------

-- ----------------------------
-- Table structure for pay_client_notice_task
-- ----------------------------
DROP TABLE IF EXISTS `pay_client_notice_task`;
CREATE TABLE `pay_client_notice_task`  (
  `id` bigint(20) NOT NULL COMMENT '主键',
  `content` longtext CHARACTER SET utf8mb4 COLLATE utf8mb4_general_ci NULL COMMENT '消息内容',
  `success` bit(1) NULL DEFAULT NULL COMMENT '是否发送成功',
  `send_count` int(11) NULL DEFAULT NULL COMMENT '发送次数',
  `url` varchar(255) CHARACTER SET utf8mb4 COLLATE utf8mb4_general_ci NULL DEFAULT NULL COMMENT '发送地址',
  `latest_time` datetime NULL DEFAULT NULL COMMENT '最后发送时间',
  `creator` bigint(20) NULL DEFAULT NULL COMMENT '创建者ID',
  `create_time` datetime NULL DEFAULT NULL COMMENT '创建时间',
  `last_modifier` bigint(20) NULL DEFAULT NULL COMMENT '最后修者ID',
  `last_modified_time` datetime NULL DEFAULT NULL COMMENT '最后修改时间',
  `version` int(11) NOT NULL COMMENT '乐观锁',
  `deleted` bit(1) NOT NULL COMMENT '删除标志',
  `notice_type` varchar(255) CHARACTER SET utf8mb4 COLLATE utf8mb4_general_ci NULL DEFAULT NULL COMMENT '消息类型',
  `trade_id` bigint(20) NULL DEFAULT NULL COMMENT '本地交易ID',
  `trade_no` varchar(255) CHARACTER SET utf8mb4 COLLATE utf8mb4_general_ci NULL DEFAULT NULL COMMENT '本地交易号',
  `trade_status` varchar(255) CHARACTER SET utf8mb4 COLLATE utf8mb4_general_ci NULL DEFAULT NULL COMMENT '交易状态',
  PRIMARY KEY (`id`) USING BTREE
) ENGINE = InnoDB CHARACTER SET = utf8mb4 COLLATE = utf8mb4_general_ci COMMENT = '消息通知任务' ROW_FORMAT = DYNAMIC;

-- ----------------------------
-- Records of pay_client_notice_task
-- ----------------------------

-- ----------------------------
-- Table structure for pay_close_record
-- ----------------------------
DROP TABLE IF EXISTS `pay_close_record`;
CREATE TABLE `pay_close_record`  (
  `id` bigint(20) NOT NULL COMMENT '主键',
  `order_no` varchar(255) CHARACTER SET utf8mb4 COLLATE utf8mb4_general_ci NULL DEFAULT NULL COMMENT '订单号',
  `biz_order_no` varchar(255) CHARACTER SET utf8mb4 COLLATE utf8mb4_general_ci NULL DEFAULT NULL COMMENT '商户订单号',
  `channel` varchar(255) CHARACTER SET utf8mb4 COLLATE utf8mb4_general_ci NULL DEFAULT NULL COMMENT '关闭的支付通道',
  `closed` bit(1) NULL DEFAULT NULL COMMENT '是否关闭成功',
  `error_code` varchar(255) CHARACTER SET utf8mb4 COLLATE utf8mb4_general_ci NULL DEFAULT NULL COMMENT '错误码',
  `error_msg` varchar(255) CHARACTER SET utf8mb4 COLLATE utf8mb4_general_ci NULL DEFAULT NULL COMMENT '错误消息',
  `client_ip` varchar(255) CHARACTER SET utf8mb4 COLLATE utf8mb4_general_ci NULL DEFAULT NULL COMMENT '客户端IP',
  `creator` bigint(20) NULL DEFAULT NULL COMMENT '创建者ID',
  `create_time` datetime NULL DEFAULT NULL COMMENT '创建时间',
  PRIMARY KEY (`id`) USING BTREE
) ENGINE = InnoDB CHARACTER SET = utf8mb4 COLLATE = utf8mb4_general_ci COMMENT = '支付关闭记录' ROW_FORMAT = Dynamic;

-- ----------------------------
-- Records of pay_close_record
-- ----------------------------

-- ----------------------------
-- Table structure for pay_method_info
-- ----------------------------
DROP TABLE IF EXISTS `pay_method_info`;
CREATE TABLE `pay_method_info`  (
  `id` bigint(20) NOT NULL COMMENT '主键',
  `code` varchar(255) CHARACTER SET utf8mb4 COLLATE utf8mb4_general_ci NULL DEFAULT NULL COMMENT '代码',
  `name` varchar(255) CHARACTER SET utf8mb4 COLLATE utf8mb4_general_ci NULL DEFAULT NULL COMMENT '名称',
  `remark` varchar(255) CHARACTER SET utf8mb4 COLLATE utf8mb4_general_ci NULL DEFAULT NULL COMMENT '备注',
  `creator` bigint(20) NULL DEFAULT NULL COMMENT '创建者ID',
  `create_time` datetime NULL DEFAULT NULL COMMENT '创建时间',
  `last_modifier` bigint(20) NULL DEFAULT NULL COMMENT '最后修者ID',
  `last_modified_time` datetime NULL DEFAULT NULL COMMENT '最后修改时间',
  `version` int(11) NOT NULL COMMENT '乐观锁',
  `deleted` bit(1) NOT NULL COMMENT '删除标志',
  PRIMARY KEY (`id`) USING BTREE
) ENGINE = InnoDB CHARACTER SET = utf8mb4 COLLATE = utf8mb4_general_ci COMMENT = '支付方式' ROW_FORMAT = DYNAMIC;

-- ----------------------------
-- Records of pay_method_info
-- ----------------------------
INSERT INTO `pay_method_info` VALUES (1, 'normal', '常规支付', '同步支付使用这个', 0, '2024-01-09 10:01:21', 1399985191002447872, '2024-02-13 15:39:16', 1, b'0');
INSERT INTO `pay_method_info` VALUES (2, 'wap', 'wap支付', NULL, 0, '2024-01-09 10:01:21', 0, '2024-01-09 10:01:25', 0, b'0');
INSERT INTO `pay_method_info` VALUES (3, 'app', '应用支付', NULL, 0, '2024-01-09 10:01:21', 0, '2024-01-09 10:01:25', 0, b'0');
INSERT INTO `pay_method_info` VALUES (4, 'web', 'web支付', NULL, 0, '2024-01-09 10:01:21', 0, '2024-01-09 10:01:25', 0, b'0');
INSERT INTO `pay_method_info` VALUES (6, 'barcode', '付款码', NULL, 0, '2024-01-09 10:01:21', 0, '2024-01-09 10:01:25', 0, b'0');
INSERT INTO `pay_method_info` VALUES (7, 'jsapi', '公众号/小程序支付', '主要是微信使用', 0, '2024-01-09 10:01:21', 1399985191002447872, '2024-02-13 15:38:57', 1, b'0');

-- ----------------------------
-- Table structure for pay_order
-- ----------------------------
DROP TABLE IF EXISTS `pay_order`;
CREATE TABLE `pay_order`  (
  `id` bigint(20) NOT NULL COMMENT '主键',
  `biz_order_no` varchar(255) CHARACTER SET utf8mb4 COLLATE utf8mb4_general_ci NULL DEFAULT NULL COMMENT '商户订单号',
  `order_no` varchar(255) CHARACTER SET utf8mb4 COLLATE utf8mb4_general_ci NULL DEFAULT NULL COMMENT '支付订单号',
  `out_order_no` varchar(255) CHARACTER SET utf8mb4 COLLATE utf8mb4_general_ci NULL DEFAULT NULL COMMENT '通道支付订单号',
  `title` varchar(255) CHARACTER SET utf8mb4 COLLATE utf8mb4_general_ci NULL DEFAULT NULL COMMENT '标题',
  `description` varchar(255) CHARACTER SET utf8mb4 COLLATE utf8mb4_general_ci NULL DEFAULT NULL COMMENT '描述',
  `allocation` bit(1) NULL DEFAULT NULL COMMENT '是否需要分账',
  `channel` varchar(255) CHARACTER SET utf8mb4 COLLATE utf8mb4_general_ci NULL DEFAULT NULL COMMENT '异步支付通道',
  `method` varchar(255) CHARACTER SET utf8mb4 COLLATE utf8mb4_general_ci NULL DEFAULT NULL COMMENT '支付方式',
  `amount` int(11) NULL DEFAULT NULL COMMENT '金额',
  `refundable_balance` int(11) NULL DEFAULT NULL COMMENT '可退款余额',
  `status` varchar(255) CHARACTER SET utf8mb4 COLLATE utf8mb4_general_ci NULL DEFAULT NULL COMMENT '支付状态',
  `allocation_status` varchar(255) CHARACTER SET utf8mb4 COLLATE utf8mb4_general_ci NULL DEFAULT NULL COMMENT '分账状态',
  `pay_time` datetime NULL DEFAULT NULL COMMENT '支付时间',
  `close_time` datetime NULL DEFAULT NULL COMMENT '关闭时间',
  `expired_time` datetime NULL DEFAULT NULL COMMENT '过期时间',
  `error_code` varchar(255) CHARACTER SET utf8mb4 COLLATE utf8mb4_general_ci NULL DEFAULT NULL COMMENT '错误码',
  `error_msg` varchar(255) CHARACTER SET utf8mb4 COLLATE utf8mb4_general_ci NULL DEFAULT NULL COMMENT '错误信息',
  `creator` bigint(20) NULL DEFAULT NULL COMMENT '创建者ID',
  `create_time` datetime NULL DEFAULT NULL COMMENT '创建时间',
  `last_modifier` bigint(20) NULL DEFAULT NULL COMMENT '最后修者ID',
  `last_modified_time` datetime NULL DEFAULT NULL COMMENT '最后修改时间',
  `version` int(11) NOT NULL COMMENT '乐观锁',
  `deleted` bit(1) NOT NULL COMMENT '删除标志',
  `auto_allocation` bit(1) NULL DEFAULT NULL COMMENT '自动分账',
  PRIMARY KEY (`id`) USING BTREE,
  UNIQUE INDEX `biz_order_no`(`biz_order_no`) USING BTREE COMMENT '商户订单号索引'
) ENGINE = InnoDB CHARACTER SET = utf8mb4 COLLATE = utf8mb4_general_ci COMMENT = '支付订单' ROW_FORMAT = Dynamic;

-- ----------------------------
-- Records of pay_order
-- ----------------------------

-- ----------------------------
-- Table structure for pay_order_extra
-- ----------------------------
DROP TABLE IF EXISTS `pay_order_extra`;
CREATE TABLE `pay_order_extra`  (
  `id` bigint(20) NOT NULL COMMENT '主键',
  `return_url` varchar(255) CHARACTER SET utf8mb4 COLLATE utf8mb4_general_ci NULL DEFAULT NULL COMMENT '同步跳转地址',
  `notify_url` varchar(255) CHARACTER SET utf8mb4 COLLATE utf8mb4_general_ci NULL DEFAULT NULL COMMENT '异步通知地址',
  `extra_param` varchar(255) CHARACTER SET utf8mb4 COLLATE utf8mb4_general_ci NULL DEFAULT NULL COMMENT '附加参数',
  `attach` varchar(255) CHARACTER SET utf8mb4 COLLATE utf8mb4_general_ci NULL DEFAULT NULL COMMENT '商户扩展参数',
  `req_time` datetime NULL DEFAULT NULL COMMENT '请求时间，传输时间戳，以最后一次为准',
  `client_ip` varchar(255) CHARACTER SET utf8mb4 COLLATE utf8mb4_general_ci NULL DEFAULT NULL COMMENT '支付终端ip',
  `creator` bigint(20) NULL DEFAULT NULL COMMENT '创建者ID',
  `create_time` datetime NULL DEFAULT NULL COMMENT '创建时间',
  `last_modifier` bigint(20) NULL DEFAULT NULL COMMENT '最后修者ID',
  `last_modified_time` datetime NULL DEFAULT NULL COMMENT '最后修改时间',
  `version` int(11) NOT NULL COMMENT '乐观锁',
  `deleted` bit(1) NOT NULL COMMENT '删除标志',
  PRIMARY KEY (`id`) USING BTREE
) ENGINE = InnoDB CHARACTER SET = utf8mb4 COLLATE = utf8mb4_general_ci COMMENT = '支付订单扩展信息' ROW_FORMAT = Dynamic;

-- ----------------------------
-- Records of pay_order_extra
-- ----------------------------

-- ----------------------------
-- Table structure for pay_platform_config
-- ----------------------------
DROP TABLE IF EXISTS `pay_platform_config`;
CREATE TABLE `pay_platform_config`  (
  `id` bigint(20) NOT NULL COMMENT '主键',
  `website_url` varchar(255) CHARACTER SET utf8mb4 COLLATE utf8mb4_general_ci NULL DEFAULT NULL COMMENT '网站地址',
  `sign_type` varchar(255) CHARACTER SET utf8mb4 COLLATE utf8mb4_general_ci NULL DEFAULT NULL COMMENT '签名方式',
  `sign_secret` varchar(255) CHARACTER SET utf8mb4 COLLATE utf8mb4_general_ci NULL DEFAULT NULL COMMENT '签名秘钥',
  `notify_url` varchar(255) CHARACTER SET utf8mb4 COLLATE utf8mb4_general_ci NULL DEFAULT NULL COMMENT '支付通知地址',
  `return_url` varchar(255) CHARACTER SET utf8mb4 COLLATE utf8mb4_general_ci NULL DEFAULT NULL COMMENT '同步支付跳转地址',
  `order_timeout` int(11) NULL DEFAULT NULL COMMENT '订单默认超时时间(分钟)',
  `creator` bigint(20) NULL DEFAULT NULL COMMENT '创建者ID',
  `create_time` datetime NULL DEFAULT NULL COMMENT '创建时间',
  `last_modifier` bigint(20) NULL DEFAULT NULL COMMENT '最后修者ID',
  `last_modified_time` datetime NULL DEFAULT NULL COMMENT '最后修改时间',
  `version` int(11) NOT NULL COMMENT '乐观锁',
  `deleted` bit(1) NOT NULL COMMENT '删除标志',
  `limit_amount` int(11) NULL DEFAULT NULL COMMENT '支付限额',
  PRIMARY KEY (`id`) USING BTREE
) ENGINE = InnoDB CHARACTER SET = utf8mb4 COLLATE = utf8mb4_general_ci COMMENT = '支付平台配置' ROW_FORMAT = DYNAMIC;

-- ----------------------------
-- Records of pay_platform_config
-- ----------------------------
INSERT INTO `pay_platform_config` VALUES (0, 'http://localhost/', 'HMAC_SHA256', '123456', 'http://localhost/h5/#/result/success', 'http://localhost/h5/#/result/success', 30, 0, '2024-01-02 20:23:19', 1399985191002447872, '2024-03-24 11:34:20', 13, b'0', 20000);

-- ----------------------------
-- Table structure for pay_reconcile_detail
-- ----------------------------
DROP TABLE IF EXISTS `pay_reconcile_detail`;
CREATE TABLE `pay_reconcile_detail`  (
  `id` bigint(20) NOT NULL COMMENT '主键',
  `title` varchar(255) CHARACTER SET utf8mb4 COLLATE utf8mb4_general_ci NULL DEFAULT NULL COMMENT '商品名称',
  `amount` int(11) NULL DEFAULT NULL COMMENT '交易金额',
  `type` varchar(255) CHARACTER SET utf8mb4 COLLATE utf8mb4_general_ci NULL DEFAULT NULL COMMENT '交易类型',
  `creator` bigint(20) NULL DEFAULT NULL COMMENT '创建者ID',
  `create_time` datetime NULL DEFAULT NULL COMMENT '创建时间',
  `reconcile_id` bigint(20) NULL DEFAULT NULL COMMENT '关联对账订单ID',
  `trade_no` varchar(255) CHARACTER SET utf8mb4 COLLATE utf8mb4_general_ci NULL DEFAULT NULL COMMENT '本地交易号',
  `out_trade_no` varchar(255) CHARACTER SET utf8mb4 COLLATE utf8mb4_general_ci NULL DEFAULT NULL COMMENT '外部交易号',
  `trade_time` datetime NULL DEFAULT NULL COMMENT '交易时间',
  PRIMARY KEY (`id`) USING BTREE
) ENGINE = InnoDB CHARACTER SET = utf8mb4 COLLATE = utf8mb4_general_ci COMMENT = '支付对账记录' ROW_FORMAT = Dynamic;

-- ----------------------------
-- Records of pay_reconcile_detail
-- ----------------------------

-- ----------------------------
-- Table structure for pay_reconcile_diff_record
-- ----------------------------
DROP TABLE IF EXISTS `pay_reconcile_diff_record`;
CREATE TABLE `pay_reconcile_diff_record`  (
  `id` bigint(20) NOT NULL COMMENT '主键',
  `detail_id` bigint(20) NULL DEFAULT NULL COMMENT '对账单明细ID',
  `title` varchar(255) CHARACTER SET utf8mb4 COLLATE utf8mb4_general_ci NULL DEFAULT NULL COMMENT '订单标题',
  `diff_type` varchar(255) CHARACTER SET utf8mb4 COLLATE utf8mb4_general_ci NULL DEFAULT NULL COMMENT '差异类型',
  `diffs` longtext CHARACTER SET utf8mb4 COLLATE utf8mb4_general_ci NULL COMMENT '差异内容',
  `amount` int(11) NULL DEFAULT NULL COMMENT '本地交易金额',
  `creator` bigint(20) NULL DEFAULT NULL COMMENT '创建者ID',
  `create_time` datetime NULL DEFAULT NULL COMMENT '创建时间',
  `last_modifier` bigint(20) NULL DEFAULT NULL COMMENT '最后修者ID',
  `last_modified_time` datetime NULL DEFAULT NULL COMMENT '最后修改时间',
  `version` int(11) NOT NULL COMMENT '乐观锁',
  `deleted` bit(1) NOT NULL COMMENT '删除标志',
  `reconcile_id` bigint(20) NULL DEFAULT NULL COMMENT '对账单ID',
  `trade_no` varchar(255) CHARACTER SET utf8mb4 COLLATE utf8mb4_general_ci NULL DEFAULT NULL COMMENT '本地交易号',
  `trade_time` datetime NULL DEFAULT NULL COMMENT '交易时间',
  `out_amount` int(11) NULL DEFAULT NULL COMMENT '通道交易金额',
  `reconcile_no` varchar(255) CHARACTER SET utf8mb4 COLLATE utf8mb4_general_ci NULL DEFAULT NULL COMMENT '对账号',
  `reconcile_date` date NULL DEFAULT NULL COMMENT '对账日期',
  `trade_type` varchar(255) CHARACTER SET utf8mb4 COLLATE utf8mb4_general_ci NULL DEFAULT NULL COMMENT '交易类型',
  `channel` varchar(255) CHARACTER SET utf8mb4 COLLATE utf8mb4_general_ci NULL DEFAULT NULL COMMENT '通道',
  `out_trade_no` varchar(255) CHARACTER SET utf8mb4 COLLATE utf8mb4_general_ci NULL DEFAULT NULL COMMENT '通道交易号',
  PRIMARY KEY (`id`) USING BTREE
) ENGINE = InnoDB CHARACTER SET = utf8mb4 COLLATE = utf8mb4_general_ci COMMENT = '对账差异单' ROW_FORMAT = Dynamic;

-- ----------------------------
-- Records of pay_reconcile_diff_record
-- ----------------------------

-- ----------------------------
-- Table structure for pay_reconcile_file
-- ----------------------------
DROP TABLE IF EXISTS `pay_reconcile_file`;
CREATE TABLE `pay_reconcile_file`  (
  `id` bigint(20) NOT NULL COMMENT '主键',
  `reconcile_id` bigint(20) NULL DEFAULT NULL COMMENT '对账单ID',
  `type` varchar(255) CHARACTER SET utf8mb4 COLLATE utf8mb4_general_ci NULL DEFAULT NULL COMMENT '类型',
  `file_id` bigint(20) NULL DEFAULT NULL COMMENT '对账单文件',
  PRIMARY KEY (`id`) USING BTREE
) ENGINE = InnoDB CHARACTER SET = utf8mb4 COLLATE = utf8mb4_general_ci COMMENT = '原始对账单文件,' ROW_FORMAT = Dynamic;

-- ----------------------------
-- Records of pay_reconcile_file
-- ----------------------------

-- ----------------------------
-- Table structure for pay_reconcile_order
-- ----------------------------
DROP TABLE IF EXISTS `pay_reconcile_order`;
CREATE TABLE `pay_reconcile_order`  (
  `id` bigint(20) NOT NULL COMMENT '主键',
  `date` date NULL DEFAULT NULL COMMENT '日期',
  `channel` varchar(255) CHARACTER SET utf8mb4 COLLATE utf8mb4_general_ci NULL DEFAULT NULL COMMENT '通道',
  `compare` bit(1) NULL DEFAULT NULL COMMENT '明细对账单比对',
  `error_msg` varchar(255) CHARACTER SET utf8mb4 COLLATE utf8mb4_general_ci NULL DEFAULT NULL COMMENT '错误信息',
  `creator` bigint(20) NULL DEFAULT NULL COMMENT '创建者ID',
  `create_time` datetime NULL DEFAULT NULL COMMENT '创建时间',
  `reconcile_no` varchar(255) CHARACTER SET utf8mb4 COLLATE utf8mb4_general_ci NULL DEFAULT NULL COMMENT '对账号',
  `result` varchar(255) CHARACTER SET utf8mb4 COLLATE utf8mb4_general_ci NULL DEFAULT NULL COMMENT '对账结果',
  `error_code` varchar(255) CHARACTER SET utf8mb4 COLLATE utf8mb4_general_ci NULL DEFAULT NULL COMMENT '错误码',
  `down_or_upload` bit(1) NULL DEFAULT NULL COMMENT '明细对账单下载',
  PRIMARY KEY (`id`) USING BTREE
) ENGINE = InnoDB CHARACTER SET = utf8mb4 COLLATE = utf8mb4_general_ci COMMENT = '支付对账单订单' ROW_FORMAT = Dynamic;

-- ----------------------------
-- Records of pay_reconcile_order
-- ----------------------------

-- ----------------------------
-- Table structure for pay_reconcile_trade_detail
-- ----------------------------
DROP TABLE IF EXISTS `pay_reconcile_trade_detail`;
CREATE TABLE `pay_reconcile_trade_detail`  (
  `id` bigint(20) NOT NULL COMMENT '主键',
  `reconcile_id` bigint(20) NULL DEFAULT NULL COMMENT '关联对账订单ID',
  `title` varchar(255) CHARACTER SET utf8mb4 COLLATE utf8mb4_general_ci NULL DEFAULT NULL COMMENT '商品名称',
  `amount` int(11) NULL DEFAULT NULL COMMENT '交易金额',
  `type` varchar(255) CHARACTER SET utf8mb4 COLLATE utf8mb4_general_ci NULL DEFAULT NULL COMMENT '交易类型',
  `trade_no` varchar(255) CHARACTER SET utf8mb4 COLLATE utf8mb4_general_ci NULL DEFAULT NULL COMMENT '本地交易号',
  `out_trade_no` varchar(255) CHARACTER SET utf8mb4 COLLATE utf8mb4_general_ci NULL DEFAULT NULL COMMENT '通道交易号',
  `trade_time` datetime NULL DEFAULT NULL COMMENT '交易时间',
  `creator` bigint(20) NULL DEFAULT NULL COMMENT '创建者ID',
  `create_time` datetime NULL DEFAULT NULL COMMENT '创建时间',
  PRIMARY KEY (`id`) USING BTREE
) ENGINE = InnoDB CHARACTER SET = utf8mb4 COLLATE = utf8mb4_general_ci COMMENT = '对账-第三方交易明细' ROW_FORMAT = Dynamic;

-- ----------------------------
-- Records of pay_reconcile_trade_detail
-- ----------------------------

-- ----------------------------
-- Table structure for pay_refund_order
-- ----------------------------
DROP TABLE IF EXISTS `pay_refund_order`;
CREATE TABLE `pay_refund_order`  (
  `id` bigint(20) NOT NULL COMMENT '主键',
  `order_id` bigint(20) NULL DEFAULT NULL COMMENT '支付订单ID',
  `order_no` varchar(255) CHARACTER SET utf8mb4 COLLATE utf8mb4_general_ci NULL DEFAULT NULL COMMENT '支付订单号',
  `biz_order_no` varchar(255) CHARACTER SET utf8mb4 COLLATE utf8mb4_general_ci NULL DEFAULT NULL COMMENT '商户支付订单号',
  `title` varchar(255) CHARACTER SET utf8mb4 COLLATE utf8mb4_general_ci NULL DEFAULT NULL COMMENT '支付标题',
  `refund_no` varchar(255) CHARACTER SET utf8mb4 COLLATE utf8mb4_general_ci NULL DEFAULT NULL COMMENT '退款号',
  `biz_refund_no` varchar(255) CHARACTER SET utf8mb4 COLLATE utf8mb4_general_ci NULL DEFAULT NULL COMMENT '商户退款号',
  `out_refund_no` varchar(255) CHARACTER SET utf8mb4 COLLATE utf8mb4_general_ci NULL DEFAULT NULL COMMENT '三方支付系统退款交易号',
  `channel` varchar(255) CHARACTER SET utf8mb4 COLLATE utf8mb4_general_ci NULL DEFAULT NULL COMMENT '支付通道',
  `order_amount` int(11) NULL DEFAULT NULL COMMENT '订单金额',
  `amount` int(11) NULL DEFAULT NULL COMMENT '退款金额',
  `reason` varchar(255) CHARACTER SET utf8mb4 COLLATE utf8mb4_general_ci NULL DEFAULT NULL COMMENT '退款原因',
  `finish_time` datetime NULL DEFAULT NULL COMMENT '退款完成时间',
  `status` varchar(255) CHARACTER SET utf8mb4 COLLATE utf8mb4_general_ci NULL DEFAULT NULL COMMENT '退款状态',
  `error_code` varchar(255) CHARACTER SET utf8mb4 COLLATE utf8mb4_general_ci NULL DEFAULT NULL COMMENT '错误码',
  `error_msg` varchar(255) CHARACTER SET utf8mb4 COLLATE utf8mb4_general_ci NULL DEFAULT NULL COMMENT '错误信息',
  `creator` bigint(20) NULL DEFAULT NULL COMMENT '创建者ID',
  `create_time` datetime NULL DEFAULT NULL COMMENT '创建时间',
  `last_modifier` bigint(20) NULL DEFAULT NULL COMMENT '最后修者ID',
  `last_modified_time` datetime NULL DEFAULT NULL COMMENT '最后修改时间',
  `version` int(11) NOT NULL COMMENT '乐观锁',
  `deleted` bit(1) NOT NULL COMMENT '删除标志',
  `out_order_no` varchar(255) CHARACTER SET utf8mb4 COLLATE utf8mb4_general_ci NULL DEFAULT NULL COMMENT '商户支付订单号',
  PRIMARY KEY (`id`) USING BTREE
) ENGINE = InnoDB CHARACTER SET = utf8mb4 COLLATE = utf8mb4_general_ci COMMENT = '退款订单' ROW_FORMAT = Dynamic;

-- ----------------------------
-- Records of pay_refund_order
-- ----------------------------

-- ----------------------------
-- Table structure for pay_refund_order_extra
-- ----------------------------
DROP TABLE IF EXISTS `pay_refund_order_extra`;
CREATE TABLE `pay_refund_order_extra`  (
  `id` bigint(20) NOT NULL COMMENT '主键',
  `notify_url` varchar(255) CHARACTER SET utf8mb4 COLLATE utf8mb4_general_ci NULL DEFAULT NULL COMMENT '异步通知地址',
  `attach` varchar(255) CHARACTER SET utf8mb4 COLLATE utf8mb4_general_ci NULL DEFAULT NULL COMMENT '商户扩展参数',
  `extra_param` varchar(255) CHARACTER SET utf8mb4 COLLATE utf8mb4_general_ci NULL DEFAULT NULL COMMENT '附加参数',
  `req_time` datetime NULL DEFAULT NULL COMMENT '请求时间，传输时间戳',
  `client_ip` varchar(255) CHARACTER SET utf8mb4 COLLATE utf8mb4_general_ci NULL DEFAULT NULL COMMENT '支付终端ip',
  `creator` bigint(20) NULL DEFAULT NULL COMMENT '创建者ID',
  `create_time` datetime NULL DEFAULT NULL COMMENT '创建时间',
  `last_modifier` bigint(20) NULL DEFAULT NULL COMMENT '最后修者ID',
  `last_modified_time` datetime NULL DEFAULT NULL COMMENT '最后修改时间',
  `version` int(11) NOT NULL COMMENT '乐观锁',
  `deleted` bit(1) NOT NULL COMMENT '删除标志',
  PRIMARY KEY (`id`) USING BTREE
) ENGINE = InnoDB CHARACTER SET = utf8mb4 COLLATE = utf8mb4_general_ci COMMENT = '退款订单扩展信息' ROW_FORMAT = Dynamic;

-- ----------------------------
-- Records of pay_refund_order_extra
-- ----------------------------

-- ----------------------------
-- Table structure for pay_repair_record
-- ----------------------------
DROP TABLE IF EXISTS `pay_repair_record`;
CREATE TABLE `pay_repair_record`  (
  `id` bigint(20) NOT NULL COMMENT '主键',
  `repair_no` varchar(255) CHARACTER SET utf8mb4 COLLATE utf8mb4_general_ci NULL DEFAULT NULL COMMENT '修复号',
  `trade_id` bigint(20) NULL DEFAULT NULL COMMENT '本地订单ID',
  `trade_no` varchar(255) CHARACTER SET utf8mb4 COLLATE utf8mb4_general_ci NULL DEFAULT NULL COMMENT '本地业务号',
  `repair_type` varchar(255) CHARACTER SET utf8mb4 COLLATE utf8mb4_general_ci NULL DEFAULT NULL COMMENT '修复类型',
  `repair_source` varchar(255) CHARACTER SET utf8mb4 COLLATE utf8mb4_general_ci NULL DEFAULT NULL COMMENT '修复来源',
  `repair_way` varchar(255) CHARACTER SET utf8mb4 COLLATE utf8mb4_general_ci NULL DEFAULT NULL COMMENT '修复方式',
  `channel` varchar(255) CHARACTER SET utf8mb4 COLLATE utf8mb4_general_ci NULL DEFAULT NULL COMMENT '修复的通道',
  `before_status` varchar(255) CHARACTER SET utf8mb4 COLLATE utf8mb4_general_ci NULL DEFAULT NULL COMMENT '修复前状态',
  `after_status` varchar(255) CHARACTER SET utf8mb4 COLLATE utf8mb4_general_ci NULL DEFAULT NULL COMMENT '修复后状态',
  `creator` bigint(20) NULL DEFAULT NULL COMMENT '创建者ID',
  `create_time` datetime NULL DEFAULT NULL COMMENT '创建时间',
  PRIMARY KEY (`id`) USING BTREE
) ENGINE = InnoDB CHARACTER SET = utf8mb4 COLLATE = utf8mb4_general_ci COMMENT = '支付修复记录' ROW_FORMAT = Dynamic;

-- ----------------------------
-- Records of pay_repair_record
-- ----------------------------

-- ----------------------------
-- Table structure for pay_sync_record
-- ----------------------------
DROP TABLE IF EXISTS `pay_sync_record`;
CREATE TABLE `pay_sync_record`  (
  `id` bigint(20) NOT NULL COMMENT '主键',
  `trade_no` varchar(255) CHARACTER SET utf8mb4 COLLATE utf8mb4_general_ci NULL DEFAULT NULL COMMENT '本地交易号',
  `biz_trade_no` varchar(255) CHARACTER SET utf8mb4 COLLATE utf8mb4_general_ci NULL DEFAULT NULL COMMENT '商户交易号',
  `out_trade_no` varchar(255) CHARACTER SET utf8mb4 COLLATE utf8mb4_general_ci NULL DEFAULT NULL COMMENT '通道交易号',
  `out_trade_status` varchar(255) CHARACTER SET utf8mb4 COLLATE utf8mb4_general_ci NULL DEFAULT NULL COMMENT '网关返回状态',
  `sync_type` varchar(255) CHARACTER SET utf8mb4 COLLATE utf8mb4_general_ci NULL DEFAULT NULL COMMENT '同步类型',
  `channel` varchar(255) CHARACTER SET utf8mb4 COLLATE utf8mb4_general_ci NULL DEFAULT NULL COMMENT '同步的异步通道',
  `sync_info` longtext CHARACTER SET utf8mb4 COLLATE utf8mb4_general_ci NULL COMMENT '同步消息',
  `repair` bit(1) NULL DEFAULT NULL COMMENT '是否进行修复',
  `repair_no` varchar(255) CHARACTER SET utf8mb4 COLLATE utf8mb4_general_ci NULL DEFAULT NULL COMMENT '修复单号',
  `error_code` varchar(255) CHARACTER SET utf8mb4 COLLATE utf8mb4_general_ci NULL DEFAULT NULL COMMENT '错误码',
  `error_msg` varchar(255) CHARACTER SET utf8mb4 COLLATE utf8mb4_general_ci NULL DEFAULT NULL COMMENT '错误消息',
  `client_ip` varchar(255) CHARACTER SET utf8mb4 COLLATE utf8mb4_general_ci NULL DEFAULT NULL COMMENT '客户端IP',
  `creator` bigint(20) NULL DEFAULT NULL COMMENT '创建者ID',
  `create_time` datetime NULL DEFAULT NULL COMMENT '创建时间',
  PRIMARY KEY (`id`) USING BTREE
) ENGINE = InnoDB CHARACTER SET = utf8mb4 COLLATE = utf8mb4_general_ci COMMENT = '支付同步订单' ROW_FORMAT = Dynamic;

-- ----------------------------
-- Records of pay_sync_record
-- ----------------------------

-- ----------------------------
-- Table structure for pay_transfer_order
-- ----------------------------
DROP TABLE IF EXISTS `pay_transfer_order`;
CREATE TABLE `pay_transfer_order`  (
  `id` bigint(20) NOT NULL COMMENT '主键',
  `out_trade_no` varchar(255) CHARACTER SET utf8mb4 COLLATE utf8mb4_general_ci NULL DEFAULT NULL,
  `channel` varchar(255) CHARACTER SET utf8mb4 COLLATE utf8mb4_general_ci NULL DEFAULT NULL,
  `amount` int(11) NULL DEFAULT NULL,
  `status` varchar(255) CHARACTER SET utf8mb4 COLLATE utf8mb4_general_ci NULL DEFAULT NULL,
  `payer` varchar(255) CHARACTER SET utf8mb4 COLLATE utf8mb4_general_ci NULL DEFAULT NULL,
  `payee` varchar(255) CHARACTER SET utf8mb4 COLLATE utf8mb4_general_ci NULL DEFAULT NULL,
  `success_time` datetime NULL DEFAULT NULL,
  `creator` bigint(20) NULL DEFAULT NULL COMMENT '创建者ID',
  `create_time` datetime NULL DEFAULT NULL COMMENT '创建时间',
  `last_modifier` bigint(20) NULL DEFAULT NULL COMMENT '最后修者ID',
  `last_modified_time` datetime NULL DEFAULT NULL COMMENT '最后修改时间',
  `version` int(11) NOT NULL COMMENT '乐观锁',
  `deleted` bit(1) NOT NULL COMMENT '删除标志',
  PRIMARY KEY (`id`) USING BTREE
) ENGINE = InnoDB CHARACTER SET = utf8mb4 COLLATE = utf8mb4_general_ci COMMENT = '转账订单' ROW_FORMAT = Dynamic;

-- ----------------------------
-- Records of pay_transfer_order
-- ----------------------------

-- ----------------------------
-- Table structure for pay_union_pay_config
-- ----------------------------
DROP TABLE IF EXISTS `pay_union_pay_config`;
CREATE TABLE `pay_union_pay_config`  (
  `id` bigint(20) NOT NULL COMMENT '主键',
  `mach_id` varchar(255) CHARACTER SET utf8mb4 COLLATE utf8mb4_general_ci NULL DEFAULT NULL COMMENT '商户号',
  `enable` bit(1) NULL DEFAULT NULL COMMENT '是否启用',
  `server_url` varchar(255) CHARACTER SET utf8mb4 COLLATE utf8mb4_general_ci NULL DEFAULT NULL COMMENT '支付网关地址',
  `notify_url` varchar(255) CHARACTER SET utf8mb4 COLLATE utf8mb4_general_ci NULL DEFAULT NULL COMMENT '异步通知路径',
  `pay_ways` longtext CHARACTER SET utf8mb4 COLLATE utf8mb4_general_ci NULL COMMENT '可用支付方式',
  `single_limit` int(11) NULL DEFAULT NULL COMMENT '支付限额',
  `remark` varchar(255) CHARACTER SET utf8mb4 COLLATE utf8mb4_general_ci NULL DEFAULT NULL COMMENT '备注',
  `seller` varchar(255) CHARACTER SET utf8mb4 COLLATE utf8mb4_general_ci NULL DEFAULT NULL COMMENT '商户收款账号',
  `sign_type` varchar(255) CHARACTER SET utf8mb4 COLLATE utf8mb4_general_ci NULL DEFAULT NULL COMMENT '签名类型',
  `cert_sign` bit(1) NULL DEFAULT NULL COMMENT '是否为证书签名',
  `key_private_cert` longtext CHARACTER SET utf8mb4 COLLATE utf8mb4_general_ci NULL COMMENT '应用私钥证书',
  `key_private_cert_pwd` varchar(255) CHARACTER SET utf8mb4 COLLATE utf8mb4_general_ci NULL DEFAULT NULL COMMENT '私钥证书对应的密码',
  `acp_middle_cert` longtext CHARACTER SET utf8mb4 COLLATE utf8mb4_general_ci NULL COMMENT '中级证书',
  `acp_root_cert` longtext CHARACTER SET utf8mb4 COLLATE utf8mb4_general_ci NULL COMMENT '根证书',
  `sandbox` bit(1) NULL DEFAULT NULL COMMENT '是否沙箱环境',
  `return_url` varchar(255) CHARACTER SET utf8mb4 COLLATE utf8mb4_general_ci NULL DEFAULT NULL COMMENT '同步通知页面路径',
  `creator` bigint(20) NULL DEFAULT NULL COMMENT '创建者ID',
  `create_time` datetime NULL DEFAULT NULL COMMENT '创建时间',
  `last_modifier` bigint(20) NULL DEFAULT NULL COMMENT '最后修者ID',
  `last_modified_time` datetime NULL DEFAULT NULL COMMENT '最后修改时间',
  `version` int(11) NOT NULL COMMENT '乐观锁',
  `deleted` bit(1) NOT NULL COMMENT '删除标志',
  PRIMARY KEY (`id`) USING BTREE
) ENGINE = InnoDB CHARACTER SET = utf8mb4 COLLATE = utf8mb4_general_ci COMMENT = '云闪付支付配置' ROW_FORMAT = Dynamic;

-- ----------------------------
-- Records of pay_union_pay_config
-- ----------------------------
INSERT INTO `pay_union_pay_config` VALUES (0, NULL, NULL, NULL, NULL, NULL, NULL, NULL, NULL, NULL, NULL, NULL, NULL, NULL, NULL, NULL, NULL, 0, '2024-03-06 22:56:22', 1399985191002447872, '2024-03-23 23:15:20', 12, b'0');

-- ----------------------------
-- Table structure for pay_union_reconcile_bill_detail
-- ----------------------------
DROP TABLE IF EXISTS `pay_union_reconcile_bill_detail`;
CREATE TABLE `pay_union_reconcile_bill_detail`  (
  `trade_type` varchar(255) CHARACTER SET utf8mb4 COLLATE utf8mb4_general_ci NULL DEFAULT NULL COMMENT '交易代码',
  `txn_time` varchar(255) CHARACTER SET utf8mb4 COLLATE utf8mb4_general_ci NULL DEFAULT NULL COMMENT '交易传输时间',
  `txn_amt` varchar(255) CHARACTER SET utf8mb4 COLLATE utf8mb4_general_ci NULL DEFAULT NULL COMMENT '交易金额',
  `query_id` varchar(255) CHARACTER SET utf8mb4 COLLATE utf8mb4_general_ci NULL DEFAULT NULL COMMENT '查询流水号',
  `order_id` varchar(255) CHARACTER SET utf8mb4 COLLATE utf8mb4_general_ci NULL DEFAULT NULL COMMENT '商户订单号',
  `reconcile_id` bigint(20) NULL DEFAULT NULL COMMENT '关联对账订单ID'
) ENGINE = InnoDB AUTO_INCREMENT = 128 CHARACTER SET = utf8mb4 COLLATE = utf8mb4_general_ci COMMENT = '云闪付业务明细对账单' ROW_FORMAT = Dynamic;

-- ----------------------------
-- Records of pay_union_reconcile_bill_detail
-- ----------------------------

-- ----------------------------
-- Table structure for pay_wallet
-- ----------------------------
DROP TABLE IF EXISTS `pay_wallet`;
CREATE TABLE `pay_wallet`  (
  `id` bigint(20) NOT NULL COMMENT '主键',
  `user_id` varchar(255) CHARACTER SET utf8mb4 COLLATE utf8mb4_general_ci NULL DEFAULT NULL COMMENT '关联用户id',
  `name` varchar(255) CHARACTER SET utf8mb4 COLLATE utf8mb4_general_ci NULL DEFAULT NULL COMMENT '钱包名称',
  `balance` int(11) NULL DEFAULT NULL COMMENT '余额',
  `status` varchar(255) CHARACTER SET utf8mb4 COLLATE utf8mb4_general_ci NULL DEFAULT NULL COMMENT '状态',
  `creator` bigint(20) NULL DEFAULT NULL COMMENT '创建者ID',
  `create_time` datetime NULL DEFAULT NULL COMMENT '创建时间',
  `last_modifier` bigint(20) NULL DEFAULT NULL COMMENT '最后修者ID',
  `last_modified_time` datetime NULL DEFAULT NULL COMMENT '最后修改时间',
  `version` int(11) NOT NULL COMMENT '乐观锁',
  `deleted` bit(1) NOT NULL COMMENT '删除标志',
  PRIMARY KEY (`id`) USING BTREE,
  INDEX `用户ID索引`(`user_id`) USING BTREE
) ENGINE = InnoDB CHARACTER SET = utf8mb4 COLLATE = utf8mb4_general_ci COMMENT = '钱包' ROW_FORMAT = DYNAMIC;

-- ----------------------------
-- Records of pay_wallet
-- ----------------------------

-- ----------------------------
-- Table structure for pay_wallet_config
-- ----------------------------
DROP TABLE IF EXISTS `pay_wallet_config`;
CREATE TABLE `pay_wallet_config`  (
  `id` bigint(20) NOT NULL COMMENT '主键',
  `enable` bit(1) NULL DEFAULT NULL COMMENT '是否启用',
  `single_limit` int(11) NULL DEFAULT NULL COMMENT '单次支付最多多少金额 ',
  `pay_ways` varchar(255) CHARACTER SET utf8mb4 COLLATE utf8mb4_general_ci NULL DEFAULT NULL COMMENT '可用支付方式',
  `remark` varchar(255) CHARACTER SET utf8mb4 COLLATE utf8mb4_general_ci NULL DEFAULT NULL COMMENT '备注',
  `creator` bigint(20) NULL DEFAULT NULL COMMENT '创建者ID',
  `create_time` datetime NULL DEFAULT NULL COMMENT '创建时间',
  `last_modifier` bigint(20) NULL DEFAULT NULL COMMENT '最后修者ID',
  `last_modified_time` datetime NULL DEFAULT NULL COMMENT '最后修改时间',
  `version` int(11) NOT NULL COMMENT '乐观锁',
  `deleted` bit(1) NOT NULL COMMENT '删除标志',
  PRIMARY KEY (`id`) USING BTREE
) ENGINE = InnoDB CHARACTER SET = utf8mb4 COLLATE = utf8mb4_general_ci COMMENT = '钱包配置' ROW_FORMAT = DYNAMIC;

-- ----------------------------
-- Records of pay_wallet_config
-- ----------------------------
INSERT INTO `pay_wallet_config` VALUES (0, b'1', 2000, 'normal', NULL, 0, '2024-02-17 14:36:28', 1399985191002447872, '2024-02-17 14:40:45', 4, b'0');

-- ----------------------------
-- Table structure for pay_wallet_record
-- ----------------------------
DROP TABLE IF EXISTS `pay_wallet_record`;
CREATE TABLE `pay_wallet_record`  (
  `id` bigint(20) NOT NULL COMMENT '主键',
  `wallet_id` bigint(20) NULL DEFAULT NULL COMMENT '钱包id',
  `title` varchar(255) CHARACTER SET utf8mb4 COLLATE utf8mb4_general_ci NULL DEFAULT NULL COMMENT '标题',
  `type` varchar(255) CHARACTER SET utf8mb4 COLLATE utf8mb4_general_ci NULL DEFAULT NULL COMMENT '业务类型',
  `amount` int(11) NULL DEFAULT NULL COMMENT '金额',
  `old_amount` int(11) NULL DEFAULT NULL COMMENT '变动之前的金额',
  `new_amount` int(11) NULL DEFAULT NULL COMMENT '变动之后的金额',
  `order_id` varchar(255) CHARACTER SET utf8mb4 COLLATE utf8mb4_general_ci NULL DEFAULT NULL COMMENT '交易订单号',
  `ip` varchar(255) CHARACTER SET utf8mb4 COLLATE utf8mb4_general_ci NULL DEFAULT NULL COMMENT '终端ip',
  `remark` varchar(255) CHARACTER SET utf8mb4 COLLATE utf8mb4_general_ci NULL DEFAULT NULL COMMENT '备注',
  `creator` bigint(20) NULL DEFAULT NULL COMMENT '创建者ID',
  `create_time` datetime NULL DEFAULT NULL COMMENT '创建时间',
  PRIMARY KEY (`id`) USING BTREE,
  INDEX `wallet_id`(`wallet_id`) USING BTREE COMMENT '钱包ID'
) ENGINE = InnoDB CHARACTER SET = utf8mb4 COLLATE = utf8mb4_general_ci COMMENT = '钱包记录' ROW_FORMAT = Dynamic;

-- ----------------------------
-- Records of pay_wallet_record
-- ----------------------------

-- ----------------------------
-- Table structure for pay_wechat_notice_config
-- ----------------------------
DROP TABLE IF EXISTS `pay_wechat_notice_config`;
CREATE TABLE `pay_wechat_notice_config`  (
  `id` bigint(20) NOT NULL COMMENT '主键',
  `app_id` varchar(255) CHARACTER SET utf8mb4 COLLATE utf8mb4_general_ci NULL DEFAULT NULL COMMENT '应用id',
  `app_secret` varchar(255) CHARACTER SET utf8mb4 COLLATE utf8mb4_general_ci NULL DEFAULT NULL COMMENT '应用秘钥',
  `qr_url` varchar(255) CHARACTER SET utf8mb4 COLLATE utf8mb4_general_ci NULL DEFAULT NULL COMMENT '公众号二维码',
  `oauth2_url` varchar(255) CHARACTER SET utf8mb4 COLLATE utf8mb4_general_ci NULL DEFAULT NULL COMMENT 'OAuth2地址',
  `verify_file_name` varchar(255) CHARACTER SET utf8mb4 COLLATE utf8mb4_general_ci NULL DEFAULT NULL COMMENT '微信校验文件名称',
  `verify_file_content` varchar(255) CHARACTER SET utf8mb4 COLLATE utf8mb4_general_ci NULL DEFAULT NULL COMMENT '微信校验文件内容',
  `template_id` varchar(255) CHARACTER SET utf8mb4 COLLATE utf8mb4_general_ci NULL DEFAULT NULL COMMENT '模板消息Id',
  `template_content` varchar(255) CHARACTER SET utf8mb4 COLLATE utf8mb4_general_ci NULL DEFAULT NULL COMMENT '模板消息内容',
  `template_remark` varchar(255) CHARACTER SET utf8mb4 COLLATE utf8mb4_general_ci NULL DEFAULT NULL COMMENT '模板消息备注',
  `creator` bigint(20) NULL DEFAULT NULL COMMENT '创建者ID',
  `create_time` datetime NULL DEFAULT NULL COMMENT '创建时间',
  `last_modifier` bigint(20) NULL DEFAULT NULL COMMENT '最后修者ID',
  `last_modified_time` datetime NULL DEFAULT NULL COMMENT '最后修改时间',
  `version` int(11) NOT NULL COMMENT '乐观锁',
  `deleted` bit(1) NOT NULL COMMENT '删除标志',
  PRIMARY KEY (`id`) USING BTREE
) ENGINE = InnoDB CHARACTER SET = utf8mb4 COLLATE = utf8mb4_general_ci COMMENT = '微信消息通知相关配置' ROW_FORMAT = DYNAMIC;

-- ----------------------------
-- Records of pay_wechat_notice_config
-- ----------------------------

-- ----------------------------
-- Table structure for pay_wechat_pay_config
-- ----------------------------
DROP TABLE IF EXISTS `pay_wechat_pay_config`;
CREATE TABLE `pay_wechat_pay_config`  (
  `id` bigint(20) NOT NULL COMMENT '主键',
  `wx_mch_id` varchar(255) CHARACTER SET utf8mb4 COLLATE utf8mb4_general_ci NULL DEFAULT NULL COMMENT '微信商户号',
  `wx_app_id` varchar(255) CHARACTER SET utf8mb4 COLLATE utf8mb4_general_ci NULL DEFAULT NULL COMMENT '微信应用appId',
  `enable` bit(1) NULL DEFAULT NULL COMMENT '是否启用',
  `notify_url` varchar(255) CHARACTER SET utf8mb4 COLLATE utf8mb4_general_ci NULL DEFAULT NULL COMMENT '异步通知路径',
  `return_url` varchar(255) CHARACTER SET utf8mb4 COLLATE utf8mb4_general_ci NULL DEFAULT NULL COMMENT '同步通知路径',
  `allocation` bit(1) NULL DEFAULT NULL COMMENT '是否支付分账',
  `single_limit` int(11) NULL DEFAULT NULL COMMENT '支付限额',
  `api_version` varchar(255) CHARACTER SET utf8mb4 COLLATE utf8mb4_general_ci NULL DEFAULT NULL COMMENT '接口版本',
  `api_key_v2` varchar(255) CHARACTER SET utf8mb4 COLLATE utf8mb4_general_ci NULL DEFAULT NULL COMMENT 'APIv2 密钥',
  `api_key_v3` varchar(255) CHARACTER SET utf8mb4 COLLATE utf8mb4_general_ci NULL DEFAULT NULL COMMENT 'APIv3 密钥',
  `app_secret` varchar(255) CHARACTER SET utf8mb4 COLLATE utf8mb4_general_ci NULL DEFAULT NULL COMMENT 'APPID对应的接口密码',
  `p12` longtext CHARACTER SET utf8mb4 COLLATE utf8mb4_general_ci NULL COMMENT 'API证书中p12证书Base64',
  `sandbox` bit(1) NULL DEFAULT NULL COMMENT '是否沙箱环境',
  `pay_ways` longtext CHARACTER SET utf8mb4 COLLATE utf8mb4_general_ci NULL COMMENT '可用支付方式',
  `remark` varchar(255) CHARACTER SET utf8mb4 COLLATE utf8mb4_general_ci NULL DEFAULT NULL COMMENT '备注',
  `creator` bigint(20) NULL DEFAULT NULL COMMENT '创建者ID',
  `create_time` datetime NULL DEFAULT NULL COMMENT '创建时间',
  `last_modifier` bigint(20) NULL DEFAULT NULL COMMENT '最后修者ID',
  `last_modified_time` datetime NULL DEFAULT NULL COMMENT '最后修改时间',
  `version` int(11) NOT NULL COMMENT '乐观锁',
  `deleted` bit(1) NOT NULL COMMENT '删除标志',
  PRIMARY KEY (`id`) USING BTREE
) ENGINE = InnoDB CHARACTER SET = utf8mb4 COLLATE = utf8mb4_general_ci COMMENT = '微信支付配置' ROW_FORMAT = DYNAMIC;

-- ----------------------------
-- Records of pay_wechat_pay_config
-- ----------------------------
INSERT INTO `pay_wechat_pay_config` VALUES (0, NULL, NULL, NULL, NULL, NULL, NULL, NULL, NULL, NULL, NULL, NULL, NULL, NULL, NULL, NULL, 0, '2024-01-03 23:13:11', 1399985191002447872, '2024-04-02 17:07:37', 23, b'0');

-- ----------------------------
-- Table structure for pay_wechat_pay_record
-- ----------------------------
DROP TABLE IF EXISTS `pay_wechat_pay_record`;
CREATE TABLE `pay_wechat_pay_record`  (
  `id` bigint(20) NOT NULL COMMENT '主键',
  `title` varchar(255) CHARACTER SET utf8mb4 COLLATE utf8mb4_general_ci NULL DEFAULT NULL COMMENT '标题',
  `amount` int(11) NULL DEFAULT NULL COMMENT '金额',
  `type` varchar(255) CHARACTER SET utf8mb4 COLLATE utf8mb4_general_ci NULL DEFAULT NULL COMMENT '业务类型',
  `order_id` bigint(20) NULL DEFAULT NULL COMMENT '本地订单号',
  `gateway_order_no` varchar(255) CHARACTER SET utf8mb4 COLLATE utf8mb4_general_ci NULL DEFAULT NULL COMMENT '网关订单号',
  `gateway_time` datetime NULL DEFAULT NULL COMMENT '网关完成时间',
  `creator` bigint(20) NULL DEFAULT NULL COMMENT '创建者ID',
  `create_time` datetime NULL DEFAULT NULL COMMENT '创建时间',
  PRIMARY KEY (`id`) USING BTREE
) ENGINE = InnoDB CHARACTER SET = utf8mb4 COLLATE = utf8mb4_general_ci COMMENT = '微信支付记录' ROW_FORMAT = Dynamic;

-- ----------------------------
-- Records of pay_wechat_pay_record
-- ----------------------------

-- ----------------------------
-- Table structure for pay_wechat_reconcile_bill_detail
-- ----------------------------
DROP TABLE IF EXISTS `pay_wechat_reconcile_bill_detail`;
CREATE TABLE `pay_wechat_reconcile_bill_detail`  (
  `id` bigint(20) NOT NULL COMMENT '主键',
  `record_order_id` bigint(20) NULL DEFAULT NULL COMMENT '关联对账订单ID',
  `transaction_time` varchar(255) CHARACTER SET utf8mb4 COLLATE utf8mb4_general_ci NULL DEFAULT NULL COMMENT '交易时间',
  `app_id` varchar(255) CHARACTER SET utf8mb4 COLLATE utf8mb4_general_ci NULL DEFAULT NULL COMMENT '公众账号ID',
  `merchant_id` varchar(255) CHARACTER SET utf8mb4 COLLATE utf8mb4_general_ci NULL DEFAULT NULL COMMENT '商户号',
  `sub_merchant_id` varchar(255) CHARACTER SET utf8mb4 COLLATE utf8mb4_general_ci NULL DEFAULT NULL COMMENT '特约商户号',
  `wei_xin_order_no` varchar(255) CHARACTER SET utf8mb4 COLLATE utf8mb4_general_ci NULL DEFAULT NULL COMMENT '微信订单号',
  `mch_order_no` varchar(255) CHARACTER SET utf8mb4 COLLATE utf8mb4_general_ci NULL DEFAULT NULL COMMENT '商户订单号',
  `user_id` varchar(255) CHARACTER SET utf8mb4 COLLATE utf8mb4_general_ci NULL DEFAULT NULL COMMENT '用户标识',
  `device_info` varchar(255) CHARACTER SET utf8mb4 COLLATE utf8mb4_general_ci NULL DEFAULT NULL COMMENT '设备号',
  `type` varchar(255) CHARACTER SET utf8mb4 COLLATE utf8mb4_general_ci NULL DEFAULT NULL COMMENT '交易类型',
  `status` varchar(255) CHARACTER SET utf8mb4 COLLATE utf8mb4_general_ci NULL DEFAULT NULL COMMENT '交易状态',
  `bank` varchar(255) CHARACTER SET utf8mb4 COLLATE utf8mb4_general_ci NULL DEFAULT NULL COMMENT '付款银行',
  `currency` varchar(255) CHARACTER SET utf8mb4 COLLATE utf8mb4_general_ci NULL DEFAULT NULL COMMENT '货币种类',
  `amount` varchar(255) CHARACTER SET utf8mb4 COLLATE utf8mb4_general_ci NULL DEFAULT NULL COMMENT '应结订单金额',
  `envelope_amount` varchar(255) CHARACTER SET utf8mb4 COLLATE utf8mb4_general_ci NULL DEFAULT NULL COMMENT '代金券金额',
  `wx_refund_no` varchar(255) CHARACTER SET utf8mb4 COLLATE utf8mb4_general_ci NULL DEFAULT NULL COMMENT '微信退款单号',
  `mch_refund_no` varchar(255) CHARACTER SET utf8mb4 COLLATE utf8mb4_general_ci NULL DEFAULT NULL COMMENT '商户退款单号',
  `refund_amount` varchar(255) CHARACTER SET utf8mb4 COLLATE utf8mb4_general_ci NULL DEFAULT NULL COMMENT '退款金额',
  `coupon_refund_amount` varchar(255) CHARACTER SET utf8mb4 COLLATE utf8mb4_general_ci NULL DEFAULT NULL COMMENT '充值券退款金额',
  `refund_type` varchar(255) CHARACTER SET utf8mb4 COLLATE utf8mb4_general_ci NULL DEFAULT NULL COMMENT '退款类型',
  `refund_status` varchar(255) CHARACTER SET utf8mb4 COLLATE utf8mb4_general_ci NULL DEFAULT NULL COMMENT '退款状态',
  `subject` varchar(255) CHARACTER SET utf8mb4 COLLATE utf8mb4_general_ci NULL DEFAULT NULL COMMENT '商品名称',
  `mch_data_packet` varchar(255) CHARACTER SET utf8mb4 COLLATE utf8mb4_general_ci NULL DEFAULT NULL COMMENT '商户数据包',
  `premium` varchar(255) CHARACTER SET utf8mb4 COLLATE utf8mb4_general_ci NULL DEFAULT NULL COMMENT '手续费',
  `rates` varchar(255) CHARACTER SET utf8mb4 COLLATE utf8mb4_general_ci NULL DEFAULT NULL COMMENT '费率',
  `order_amount` varchar(255) CHARACTER SET utf8mb4 COLLATE utf8mb4_general_ci NULL DEFAULT NULL COMMENT '订单金额',
  `apply_refund_amount` varchar(255) CHARACTER SET utf8mb4 COLLATE utf8mb4_general_ci NULL DEFAULT NULL COMMENT '申请退款金额',
  `rates_remark` varchar(255) CHARACTER SET utf8mb4 COLLATE utf8mb4_general_ci NULL DEFAULT NULL COMMENT '费率备注',
  PRIMARY KEY (`id`) USING BTREE
) ENGINE = InnoDB CHARACTER SET = utf8mb4 COLLATE = utf8mb4_general_ci COMMENT = '微信对账单明细' ROW_FORMAT = Dynamic;

-- ----------------------------
-- Records of pay_wechat_reconcile_bill_detail
-- ----------------------------

-- ----------------------------
-- Table structure for pay_wechat_reconcile_bill_total
-- ----------------------------
DROP TABLE IF EXISTS `pay_wechat_reconcile_bill_total`;
CREATE TABLE `pay_wechat_reconcile_bill_total`  (
  `id` bigint(20) NOT NULL COMMENT '主键',
  `record_order_id` bigint(20) NULL DEFAULT NULL COMMENT '关联对账订单ID',
  `total_num` varchar(255) CHARACTER SET utf8mb4 COLLATE utf8mb4_general_ci NULL DEFAULT NULL COMMENT '总交易单数',
  `total_amount` varchar(255) CHARACTER SET utf8mb4 COLLATE utf8mb4_general_ci NULL DEFAULT NULL COMMENT '应结订单总金额',
  `total_refund_amount` varchar(255) CHARACTER SET utf8mb4 COLLATE utf8mb4_general_ci NULL DEFAULT NULL COMMENT '退款总金额',
  `total_refund_coupon_amount` varchar(255) CHARACTER SET utf8mb4 COLLATE utf8mb4_general_ci NULL DEFAULT NULL COMMENT '充值券退款总金额',
  `total_fee` varchar(255) CHARACTER SET utf8mb4 COLLATE utf8mb4_general_ci NULL DEFAULT NULL COMMENT '手续费总金额',
  `total_order_amount` varchar(255) CHARACTER SET utf8mb4 COLLATE utf8mb4_general_ci NULL DEFAULT NULL COMMENT '订单总金额',
  `apply_total_refund_amount` varchar(255) CHARACTER SET utf8mb4 COLLATE utf8mb4_general_ci NULL DEFAULT NULL COMMENT '申请退款总金额',
  PRIMARY KEY (`id`) USING BTREE
) ENGINE = InnoDB CHARACTER SET = utf8mb4 COLLATE = utf8mb4_general_ci COMMENT = '微信对账单汇总' ROW_FORMAT = Dynamic;

-- ----------------------------
-- Records of pay_wechat_reconcile_bill_total
-- ----------------------------

-- ----------------------------
-- Table structure for qrtz_blob_triggers
-- ----------------------------
DROP TABLE IF EXISTS `qrtz_blob_triggers`;
CREATE TABLE `qrtz_blob_triggers`  (
  `SCHED_NAME` varchar(120) CHARACTER SET utf8mb4 COLLATE utf8mb4_general_ci NOT NULL,
  `TRIGGER_NAME` varchar(190) CHARACTER SET utf8mb4 COLLATE utf8mb4_general_ci NOT NULL,
  `TRIGGER_GROUP` varchar(190) CHARACTER SET utf8mb4 COLLATE utf8mb4_general_ci NOT NULL,
  `BLOB_DATA` blob NULL,
  PRIMARY KEY (`SCHED_NAME`, `TRIGGER_NAME`, `TRIGGER_GROUP`) USING BTREE,
  INDEX `SCHED_NAME`(`SCHED_NAME`, `TRIGGER_NAME`, `TRIGGER_GROUP`) USING BTREE,
  CONSTRAINT `qrtz_blob_triggers_ibfk_1` FOREIGN KEY (`SCHED_NAME`, `TRIGGER_NAME`, `TRIGGER_GROUP`) REFERENCES `qrtz_triggers` (`SCHED_NAME`, `TRIGGER_NAME`, `TRIGGER_GROUP`) ON DELETE NO ACTION ON UPDATE NO ACTION
) ENGINE = InnoDB CHARACTER SET = utf8mb4 COLLATE = utf8mb4_general_ci ROW_FORMAT = DYNAMIC;

-- ----------------------------
-- Records of qrtz_blob_triggers
-- ----------------------------

-- ----------------------------
-- Table structure for qrtz_calendars
-- ----------------------------
DROP TABLE IF EXISTS `qrtz_calendars`;
CREATE TABLE `qrtz_calendars`  (
  `SCHED_NAME` varchar(120) CHARACTER SET utf8mb4 COLLATE utf8mb4_general_ci NOT NULL,
  `CALENDAR_NAME` varchar(190) CHARACTER SET utf8mb4 COLLATE utf8mb4_general_ci NOT NULL,
  `CALENDAR` blob NOT NULL,
  PRIMARY KEY (`SCHED_NAME`, `CALENDAR_NAME`) USING BTREE
) ENGINE = InnoDB CHARACTER SET = utf8mb4 COLLATE = utf8mb4_general_ci ROW_FORMAT = DYNAMIC;

-- ----------------------------
-- Records of qrtz_calendars
-- ----------------------------

-- ----------------------------
-- Table structure for qrtz_cron_triggers
-- ----------------------------
DROP TABLE IF EXISTS `qrtz_cron_triggers`;
CREATE TABLE `qrtz_cron_triggers`  (
  `SCHED_NAME` varchar(120) CHARACTER SET utf8mb4 COLLATE utf8mb4_general_ci NOT NULL,
  `TRIGGER_NAME` varchar(190) CHARACTER SET utf8mb4 COLLATE utf8mb4_general_ci NOT NULL,
  `TRIGGER_GROUP` varchar(190) CHARACTER SET utf8mb4 COLLATE utf8mb4_general_ci NOT NULL,
  `CRON_EXPRESSION` varchar(120) CHARACTER SET utf8mb4 COLLATE utf8mb4_general_ci NOT NULL,
  `TIME_ZONE_ID` varchar(80) CHARACTER SET utf8mb4 COLLATE utf8mb4_general_ci NULL DEFAULT NULL,
  PRIMARY KEY (`SCHED_NAME`, `TRIGGER_NAME`, `TRIGGER_GROUP`) USING BTREE,
  CONSTRAINT `qrtz_cron_triggers_ibfk_1` FOREIGN KEY (`SCHED_NAME`, `TRIGGER_NAME`, `TRIGGER_GROUP`) REFERENCES `qrtz_triggers` (`SCHED_NAME`, `TRIGGER_NAME`, `TRIGGER_GROUP`) ON DELETE NO ACTION ON UPDATE NO ACTION
) ENGINE = InnoDB CHARACTER SET = utf8mb4 COLLATE = utf8mb4_general_ci ROW_FORMAT = DYNAMIC;

-- ----------------------------
-- Records of qrtz_cron_triggers
-- ----------------------------

-- ----------------------------
-- Table structure for qrtz_fired_triggers
-- ----------------------------
DROP TABLE IF EXISTS `qrtz_fired_triggers`;
CREATE TABLE `qrtz_fired_triggers`  (
  `SCHED_NAME` varchar(120) CHARACTER SET utf8mb4 COLLATE utf8mb4_general_ci NOT NULL,
  `ENTRY_ID` varchar(95) CHARACTER SET utf8mb4 COLLATE utf8mb4_general_ci NOT NULL,
  `TRIGGER_NAME` varchar(190) CHARACTER SET utf8mb4 COLLATE utf8mb4_general_ci NOT NULL,
  `TRIGGER_GROUP` varchar(190) CHARACTER SET utf8mb4 COLLATE utf8mb4_general_ci NOT NULL,
  `INSTANCE_NAME` varchar(190) CHARACTER SET utf8mb4 COLLATE utf8mb4_general_ci NOT NULL,
  `FIRED_TIME` bigint(13) NOT NULL,
  `SCHED_TIME` bigint(13) NOT NULL,
  `PRIORITY` int(11) NOT NULL,
  `STATE` varchar(16) CHARACTER SET utf8mb4 COLLATE utf8mb4_general_ci NOT NULL,
  `JOB_NAME` varchar(190) CHARACTER SET utf8mb4 COLLATE utf8mb4_general_ci NULL DEFAULT NULL,
  `JOB_GROUP` varchar(190) CHARACTER SET utf8mb4 COLLATE utf8mb4_general_ci NULL DEFAULT NULL,
  `IS_NONCONCURRENT` varchar(1) CHARACTER SET utf8mb4 COLLATE utf8mb4_general_ci NULL DEFAULT NULL,
  `REQUESTS_RECOVERY` varchar(1) CHARACTER SET utf8mb4 COLLATE utf8mb4_general_ci NULL DEFAULT NULL,
  PRIMARY KEY (`SCHED_NAME`, `ENTRY_ID`) USING BTREE,
  INDEX `IDX_QRTZ_FT_T_G`(`SCHED_NAME`, `TRIGGER_NAME`, `TRIGGER_GROUP`) USING BTREE,
  INDEX `IDX_QRTZ_FT_TRIG_INST_NAME`(`SCHED_NAME`, `INSTANCE_NAME`) USING BTREE,
  INDEX `IDX_QRTZ_FT_J_G`(`SCHED_NAME`, `JOB_NAME`, `JOB_GROUP`) USING BTREE,
  INDEX `IDX_QRTZ_FT_INST_JOB_REQ_RCVRY`(`SCHED_NAME`, `INSTANCE_NAME`, `REQUESTS_RECOVERY`) USING BTREE,
  INDEX `IDX_QRTZ_FT_TG`(`SCHED_NAME`, `TRIGGER_GROUP`) USING BTREE,
  INDEX `IDX_QRTZ_FT_JG`(`SCHED_NAME`, `JOB_GROUP`) USING BTREE
) ENGINE = InnoDB CHARACTER SET = utf8mb4 COLLATE = utf8mb4_general_ci ROW_FORMAT = DYNAMIC;

-- ----------------------------
-- Records of qrtz_fired_triggers
-- ----------------------------

-- ----------------------------
-- Table structure for qrtz_job_details
-- ----------------------------
DROP TABLE IF EXISTS `qrtz_job_details`;
CREATE TABLE `qrtz_job_details`  (
  `SCHED_NAME` varchar(120) CHARACTER SET utf8mb4 COLLATE utf8mb4_general_ci NOT NULL,
  `JOB_NAME` varchar(190) CHARACTER SET utf8mb4 COLLATE utf8mb4_general_ci NOT NULL,
  `JOB_GROUP` varchar(190) CHARACTER SET utf8mb4 COLLATE utf8mb4_general_ci NOT NULL,
  `DESCRIPTION` varchar(250) CHARACTER SET utf8mb4 COLLATE utf8mb4_general_ci NULL DEFAULT NULL,
  `JOB_CLASS_NAME` varchar(250) CHARACTER SET utf8mb4 COLLATE utf8mb4_general_ci NOT NULL,
  `IS_DURABLE` varchar(1) CHARACTER SET utf8mb4 COLLATE utf8mb4_general_ci NOT NULL,
  `IS_NONCONCURRENT` varchar(1) CHARACTER SET utf8mb4 COLLATE utf8mb4_general_ci NOT NULL,
  `IS_UPDATE_DATA` varchar(1) CHARACTER SET utf8mb4 COLLATE utf8mb4_general_ci NOT NULL,
  `REQUESTS_RECOVERY` varchar(1) CHARACTER SET utf8mb4 COLLATE utf8mb4_general_ci NOT NULL,
  `JOB_DATA` blob NULL,
  PRIMARY KEY (`SCHED_NAME`, `JOB_NAME`, `JOB_GROUP`) USING BTREE,
  INDEX `IDX_QRTZ_J_GRP`(`SCHED_NAME`, `JOB_GROUP`) USING BTREE,
  INDEX `IDX_QRTZ_J_REQ_RECOVERY`(`SCHED_NAME`, `REQUESTS_RECOVERY`) USING BTREE
) ENGINE = InnoDB CHARACTER SET = utf8mb4 COLLATE = utf8mb4_general_ci ROW_FORMAT = DYNAMIC;

-- ----------------------------
-- Records of qrtz_job_details
-- ----------------------------

-- ----------------------------
-- Table structure for qrtz_locks
-- ----------------------------
DROP TABLE IF EXISTS `qrtz_locks`;
CREATE TABLE `qrtz_locks`  (
  `SCHED_NAME` varchar(120) CHARACTER SET utf8mb4 COLLATE utf8mb4_general_ci NOT NULL,
  `LOCK_NAME` varchar(40) CHARACTER SET utf8mb4 COLLATE utf8mb4_general_ci NOT NULL,
  PRIMARY KEY (`SCHED_NAME`, `LOCK_NAME`) USING BTREE
) ENGINE = InnoDB CHARACTER SET = utf8mb4 COLLATE = utf8mb4_general_ci ROW_FORMAT = DYNAMIC;

-- ----------------------------
-- Records of qrtz_locks
-- ----------------------------
INSERT INTO `qrtz_locks` VALUES ('quartzScheduler', 'TRIGGER_ACCESS');

-- ----------------------------
-- Table structure for qrtz_paused_trigger_grps
-- ----------------------------
DROP TABLE IF EXISTS `qrtz_paused_trigger_grps`;
CREATE TABLE `qrtz_paused_trigger_grps`  (
  `SCHED_NAME` varchar(120) CHARACTER SET utf8mb4 COLLATE utf8mb4_general_ci NOT NULL,
  `TRIGGER_GROUP` varchar(190) CHARACTER SET utf8mb4 COLLATE utf8mb4_general_ci NOT NULL,
  PRIMARY KEY (`SCHED_NAME`, `TRIGGER_GROUP`) USING BTREE
) ENGINE = InnoDB CHARACTER SET = utf8mb4 COLLATE = utf8mb4_general_ci ROW_FORMAT = DYNAMIC;

-- ----------------------------
-- Records of qrtz_paused_trigger_grps
-- ----------------------------

-- ----------------------------
-- Table structure for qrtz_scheduler_state
-- ----------------------------
DROP TABLE IF EXISTS `qrtz_scheduler_state`;
CREATE TABLE `qrtz_scheduler_state`  (
  `SCHED_NAME` varchar(120) CHARACTER SET utf8mb4 COLLATE utf8mb4_general_ci NOT NULL,
  `INSTANCE_NAME` varchar(190) CHARACTER SET utf8mb4 COLLATE utf8mb4_general_ci NOT NULL,
  `LAST_CHECKIN_TIME` bigint(13) NOT NULL,
  `CHECKIN_INTERVAL` bigint(13) NOT NULL,
  PRIMARY KEY (`SCHED_NAME`, `INSTANCE_NAME`) USING BTREE
) ENGINE = InnoDB CHARACTER SET = utf8mb4 COLLATE = utf8mb4_general_ci ROW_FORMAT = DYNAMIC;

-- ----------------------------
-- Records of qrtz_scheduler_state
-- ----------------------------

-- ----------------------------
-- Table structure for qrtz_simple_triggers
-- ----------------------------
DROP TABLE IF EXISTS `qrtz_simple_triggers`;
CREATE TABLE `qrtz_simple_triggers`  (
  `SCHED_NAME` varchar(120) CHARACTER SET utf8mb4 COLLATE utf8mb4_general_ci NOT NULL,
  `TRIGGER_NAME` varchar(190) CHARACTER SET utf8mb4 COLLATE utf8mb4_general_ci NOT NULL,
  `TRIGGER_GROUP` varchar(190) CHARACTER SET utf8mb4 COLLATE utf8mb4_general_ci NOT NULL,
  `REPEAT_COUNT` bigint(7) NOT NULL,
  `REPEAT_INTERVAL` bigint(12) NOT NULL,
  `TIMES_TRIGGERED` bigint(10) NOT NULL,
  PRIMARY KEY (`SCHED_NAME`, `TRIGGER_NAME`, `TRIGGER_GROUP`) USING BTREE,
  CONSTRAINT `qrtz_simple_triggers_ibfk_1` FOREIGN KEY (`SCHED_NAME`, `TRIGGER_NAME`, `TRIGGER_GROUP`) REFERENCES `qrtz_triggers` (`SCHED_NAME`, `TRIGGER_NAME`, `TRIGGER_GROUP`) ON DELETE NO ACTION ON UPDATE NO ACTION
) ENGINE = InnoDB CHARACTER SET = utf8mb4 COLLATE = utf8mb4_general_ci ROW_FORMAT = DYNAMIC;

-- ----------------------------
-- Records of qrtz_simple_triggers
-- ----------------------------

-- ----------------------------
-- Table structure for qrtz_simprop_triggers
-- ----------------------------
DROP TABLE IF EXISTS `qrtz_simprop_triggers`;
CREATE TABLE `qrtz_simprop_triggers`  (
  `SCHED_NAME` varchar(120) CHARACTER SET utf8mb4 COLLATE utf8mb4_general_ci NOT NULL,
  `TRIGGER_NAME` varchar(190) CHARACTER SET utf8mb4 COLLATE utf8mb4_general_ci NOT NULL,
  `TRIGGER_GROUP` varchar(190) CHARACTER SET utf8mb4 COLLATE utf8mb4_general_ci NOT NULL,
  `STR_PROP_1` varchar(512) CHARACTER SET utf8mb4 COLLATE utf8mb4_general_ci NULL DEFAULT NULL,
  `STR_PROP_2` varchar(512) CHARACTER SET utf8mb4 COLLATE utf8mb4_general_ci NULL DEFAULT NULL,
  `STR_PROP_3` varchar(512) CHARACTER SET utf8mb4 COLLATE utf8mb4_general_ci NULL DEFAULT NULL,
  `INT_PROP_1` int(11) NULL DEFAULT NULL,
  `INT_PROP_2` int(11) NULL DEFAULT NULL,
  `LONG_PROP_1` bigint(20) NULL DEFAULT NULL,
  `LONG_PROP_2` bigint(20) NULL DEFAULT NULL,
  `DEC_PROP_1` decimal(13, 4) NULL DEFAULT NULL,
  `DEC_PROP_2` decimal(13, 4) NULL DEFAULT NULL,
  `BOOL_PROP_1` varchar(1) CHARACTER SET utf8mb4 COLLATE utf8mb4_general_ci NULL DEFAULT NULL,
  `BOOL_PROP_2` varchar(1) CHARACTER SET utf8mb4 COLLATE utf8mb4_general_ci NULL DEFAULT NULL,
  PRIMARY KEY (`SCHED_NAME`, `TRIGGER_NAME`, `TRIGGER_GROUP`) USING BTREE,
  CONSTRAINT `qrtz_simprop_triggers_ibfk_1` FOREIGN KEY (`SCHED_NAME`, `TRIGGER_NAME`, `TRIGGER_GROUP`) REFERENCES `qrtz_triggers` (`SCHED_NAME`, `TRIGGER_NAME`, `TRIGGER_GROUP`) ON DELETE NO ACTION ON UPDATE NO ACTION
) ENGINE = InnoDB CHARACTER SET = utf8mb4 COLLATE = utf8mb4_general_ci ROW_FORMAT = DYNAMIC;

-- ----------------------------
-- Records of qrtz_simprop_triggers
-- ----------------------------

-- ----------------------------
-- Table structure for qrtz_triggers
-- ----------------------------
DROP TABLE IF EXISTS `qrtz_triggers`;
CREATE TABLE `qrtz_triggers`  (
  `SCHED_NAME` varchar(120) CHARACTER SET utf8mb4 COLLATE utf8mb4_general_ci NOT NULL,
  `TRIGGER_NAME` varchar(190) CHARACTER SET utf8mb4 COLLATE utf8mb4_general_ci NOT NULL,
  `TRIGGER_GROUP` varchar(190) CHARACTER SET utf8mb4 COLLATE utf8mb4_general_ci NOT NULL,
  `JOB_NAME` varchar(190) CHARACTER SET utf8mb4 COLLATE utf8mb4_general_ci NOT NULL,
  `JOB_GROUP` varchar(190) CHARACTER SET utf8mb4 COLLATE utf8mb4_general_ci NOT NULL,
  `DESCRIPTION` varchar(250) CHARACTER SET utf8mb4 COLLATE utf8mb4_general_ci NULL DEFAULT NULL,
  `NEXT_FIRE_TIME` bigint(13) NULL DEFAULT NULL,
  `PREV_FIRE_TIME` bigint(13) NULL DEFAULT NULL,
  `PRIORITY` int(11) NULL DEFAULT NULL,
  `TRIGGER_STATE` varchar(16) CHARACTER SET utf8mb4 COLLATE utf8mb4_general_ci NOT NULL,
  `TRIGGER_TYPE` varchar(8) CHARACTER SET utf8mb4 COLLATE utf8mb4_general_ci NOT NULL,
  `START_TIME` bigint(13) NOT NULL,
  `END_TIME` bigint(13) NULL DEFAULT NULL,
  `CALENDAR_NAME` varchar(190) CHARACTER SET utf8mb4 COLLATE utf8mb4_general_ci NULL DEFAULT NULL,
  `MISFIRE_INSTR` smallint(2) NULL DEFAULT NULL,
  `JOB_DATA` blob NULL,
  PRIMARY KEY (`SCHED_NAME`, `TRIGGER_NAME`, `TRIGGER_GROUP`) USING BTREE,
  INDEX `IDX_QRTZ_T_NFT_ST`(`SCHED_NAME`, `TRIGGER_STATE`, `NEXT_FIRE_TIME`) USING BTREE,
  INDEX `IDX_QRTZ_T_N_STATE`(`SCHED_NAME`, `TRIGGER_NAME`, `TRIGGER_GROUP`, `TRIGGER_STATE`) USING BTREE,
  INDEX `IDX_QRTZ_T_NEXT_FIRE_TIME`(`SCHED_NAME`, `NEXT_FIRE_TIME`) USING BTREE,
  INDEX `IDX_QRTZ_T_C`(`SCHED_NAME`, `CALENDAR_NAME`) USING BTREE,
  INDEX `IDX_QRTZ_T_NFT_ST_MISFIRE`(`SCHED_NAME`, `MISFIRE_INSTR`, `NEXT_FIRE_TIME`, `TRIGGER_STATE`) USING BTREE,
  INDEX `IDX_QRTZ_T_G`(`SCHED_NAME`, `TRIGGER_GROUP`) USING BTREE,
  INDEX `IDX_QRTZ_T_J`(`SCHED_NAME`, `JOB_NAME`, `JOB_GROUP`) USING BTREE,
  INDEX `IDX_QRTZ_T_JG`(`SCHED_NAME`, `JOB_GROUP`) USING BTREE,
  INDEX `IDX_QRTZ_T_N_G_STATE`(`SCHED_NAME`, `TRIGGER_GROUP`, `TRIGGER_STATE`) USING BTREE,
  INDEX `IDX_QRTZ_T_NFT_MISFIRE`(`SCHED_NAME`, `MISFIRE_INSTR`, `NEXT_FIRE_TIME`) USING BTREE,
  INDEX `IDX_QRTZ_T_STATE`(`SCHED_NAME`, `TRIGGER_STATE`) USING BTREE,
  INDEX `IDX_QRTZ_T_NFT_ST_MISFIRE_GRP`(`SCHED_NAME`, `MISFIRE_INSTR`, `NEXT_FIRE_TIME`, `TRIGGER_GROUP`, `TRIGGER_STATE`) USING BTREE,
  CONSTRAINT `qrtz_triggers_ibfk_1` FOREIGN KEY (`SCHED_NAME`, `JOB_NAME`, `JOB_GROUP`) REFERENCES `qrtz_job_details` (`SCHED_NAME`, `JOB_NAME`, `JOB_GROUP`) ON DELETE NO ACTION ON UPDATE NO ACTION
) ENGINE = InnoDB CHARACTER SET = utf8mb4 COLLATE = utf8mb4_general_ci ROW_FORMAT = DYNAMIC;

-- ----------------------------
-- Records of qrtz_triggers
-- ----------------------------

-- ----------------------------
-- Table structure for starter_audit_data_version
-- ----------------------------
DROP TABLE IF EXISTS `starter_audit_data_version`;
CREATE TABLE `starter_audit_data_version`  (
  `id` bigint(20) NOT NULL,
  `table_name` varchar(300) CHARACTER SET utf8mb4 COLLATE utf8mb4_general_ci NOT NULL COMMENT '数据表名称',
  `data_name` varchar(100) CHARACTER SET utf8mb4 COLLATE utf8mb4_general_ci NULL DEFAULT NULL COMMENT '数据名称',
  `data_id` varchar(30) CHARACTER SET utf8mb4 COLLATE utf8mb4_general_ci NOT NULL COMMENT '数据主键',
  `data_content` longtext CHARACTER SET utf8mb4 COLLATE utf8mb4_general_ci NULL COMMENT '数据内容',
  `change_content` longtext CHARACTER SET utf8mb4 COLLATE utf8mb4_general_ci NULL COMMENT '数据更新内容',
  `version` int(10) NOT NULL COMMENT '版本',
  `creator` bigint(20) NULL DEFAULT NULL COMMENT '创建人',
  `create_time` datetime NULL DEFAULT NULL COMMENT '创建时间',
  PRIMARY KEY (`id`) USING BTREE
) ENGINE = InnoDB CHARACTER SET = utf8mb4 COLLATE = utf8mb4_general_ci COMMENT = '数据版本日志' ROW_FORMAT = DYNAMIC;

-- ----------------------------
-- Records of starter_audit_data_version
-- ----------------------------

-- ----------------------------
-- Table structure for starter_audit_login_log
-- ----------------------------
DROP TABLE IF EXISTS `starter_audit_login_log`;
CREATE TABLE `starter_audit_login_log`  (
  `id` bigint(20) NOT NULL,
  `user_id` bigint(11) NULL DEFAULT NULL COMMENT '用户id',
  `account` varchar(50) CHARACTER SET utf8mb4 COLLATE utf8mb4_general_ci NULL DEFAULT NULL COMMENT '用户名称',
  `login` bit(1) NULL DEFAULT NULL COMMENT '登录成功状态',
  `client` varchar(50) CHARACTER SET utf8mb4 COLLATE utf8mb4_general_ci NULL DEFAULT NULL COMMENT '终端',
  `login_type` varchar(50) CHARACTER SET utf8mb4 COLLATE utf8mb4_general_ci NULL DEFAULT NULL COMMENT '登录方式',
  `ip` varchar(32) CHARACTER SET utf8mb4 COLLATE utf8mb4_general_ci NULL DEFAULT NULL COMMENT '登录IP地址',
  `login_location` varchar(50) CHARACTER SET utf8mb4 COLLATE utf8mb4_general_ci NULL DEFAULT NULL COMMENT '登录地点',
  `os` varchar(50) CHARACTER SET utf8mb4 COLLATE utf8mb4_general_ci NULL DEFAULT NULL COMMENT '操作系统',
  `browser` varchar(100) CHARACTER SET utf8mb4 COLLATE utf8mb4_general_ci NULL DEFAULT NULL COMMENT '浏览器类型',
  `msg` varchar(255) CHARACTER SET utf8mb4 COLLATE utf8mb4_general_ci NULL DEFAULT NULL COMMENT '提示消息',
  `login_time` datetime NULL DEFAULT NULL COMMENT '访问时间',
  PRIMARY KEY (`id`) USING BTREE
) ENGINE = InnoDB CHARACTER SET = utf8mb4 COLLATE = utf8mb4_general_ci COMMENT = '登陆日志' ROW_FORMAT = DYNAMIC;

-- ----------------------------
-- Records of starter_audit_login_log
-- ----------------------------

-- ----------------------------
-- Table structure for starter_audit_operate_log
-- ----------------------------
DROP TABLE IF EXISTS `starter_audit_operate_log`;
CREATE TABLE `starter_audit_operate_log`  (
  `id` bigint(20) NOT NULL,
  `title` varchar(255) CHARACTER SET utf8mb4 COLLATE utf8mb4_general_ci NULL DEFAULT NULL COMMENT '操作模块',
  `operate_id` bigint(20) NULL DEFAULT NULL COMMENT '操作人员id',
  `username` varchar(50) CHARACTER SET utf8mb4 COLLATE utf8mb4_general_ci NULL DEFAULT NULL COMMENT '操作人员账号',
  `business_type` varchar(10) CHARACTER SET utf8mb4 COLLATE utf8mb4_general_ci NULL DEFAULT NULL COMMENT '业务类型',
  `method` varchar(100) CHARACTER SET utf8mb4 COLLATE utf8mb4_general_ci NULL DEFAULT NULL COMMENT '请求方法',
  `request_method` varchar(10) CHARACTER SET utf8mb4 COLLATE utf8mb4_general_ci NULL DEFAULT NULL COMMENT '请求方式',
  `operate_url` varchar(100) CHARACTER SET utf8mb4 COLLATE utf8mb4_general_ci NULL DEFAULT NULL COMMENT '请求url',
  `operate_ip` varchar(32) CHARACTER SET utf8mb4 COLLATE utf8mb4_general_ci NULL DEFAULT NULL COMMENT '操作ip',
  `operate_location` varchar(50) CHARACTER SET utf8mb4 COLLATE utf8mb4_general_ci NULL DEFAULT NULL COMMENT '操作地点',
  `operate_param` varchar(1024) CHARACTER SET utf8mb4 COLLATE utf8mb4_general_ci NULL DEFAULT NULL COMMENT '请求参数',
  `operate_return` varchar(1024) CHARACTER SET utf8mb4 COLLATE utf8mb4_general_ci NULL DEFAULT NULL COMMENT '返回参数',
  `success` bit(1) NULL DEFAULT NULL COMMENT '是否成功',
  `error_msg` text CHARACTER SET utf8mb4 COLLATE utf8mb4_general_ci NULL COMMENT '错误提示',
  `operate_time` datetime NULL DEFAULT NULL COMMENT '操作时间',
  PRIMARY KEY (`id`) USING BTREE
) ENGINE = InnoDB CHARACTER SET = utf8mb4 COLLATE = utf8mb4_general_ci COMMENT = '操作日志' ROW_FORMAT = DYNAMIC;

-- ----------------------------
-- Records of starter_audit_operate_log
-- ----------------------------
INSERT INTO `starter_audit_operate_log` VALUES (1764663811019894784, '同步系统请求资源', 1399985191002447872, 'bootx', 'other', 'cn.bootx.platform.iam.core.permission.service.PermPathService#syncSystem', 'POST', '/perm/path/syncSystem', '未知', '未知', NULL, NULL, b'1', NULL, '2024-03-04 22:46:53');
INSERT INTO `starter_audit_operate_log` VALUES (1764932301155672064, '同步系统请求资源', 1399985191002447872, 'bootx', 'other', 'cn.bootx.platform.iam.core.permission.service.PermPathService#syncSystem', 'POST', '/perm/path/syncSystem', '未知', '未知', NULL, NULL, b'1', NULL, '2024-03-05 16:33:46');
INSERT INTO `starter_audit_operate_log` VALUES (1764932527790702592, '同步系统请求资源', 1399985191002447872, 'bootx', 'other', 'cn.bootx.platform.iam.core.permission.service.PermPathService#syncSystem', 'POST', '/perm/path/syncSystem', '未知', '未知', NULL, NULL, b'1', NULL, '2024-03-05 16:34:39');
INSERT INTO `starter_audit_operate_log` VALUES (1764933649263722496, '同步系统请求资源', 1399985191002447872, 'bootx', 'other', 'cn.bootx.platform.iam.core.permission.service.PermPathService#syncSystem', 'POST', '/perm/path/syncSystem', '未知', '未知', NULL, NULL, b'1', NULL, '2024-03-05 16:39:06');
INSERT INTO `starter_audit_operate_log` VALUES (1768219996095213568, '同步系统请求资源', 1399985191002447872, 'bootx', 'other', 'cn.bootx.platform.iam.core.permission.service.PermPathService#syncSystem', 'POST', '/perm/path/syncSystem', '未知', '未知', NULL, NULL, b'1', NULL, '2024-03-14 18:17:54');
INSERT INTO `starter_audit_operate_log` VALUES (1772446742462001152, '同步系统请求资源', 1399985191002447872, 'bootx', 'other', 'cn.bootx.platform.iam.core.permission.service.PermPathService#syncSystem', 'POST', '/perm/path/syncSystem', '未知', '未知', NULL, NULL, b'1', NULL, '2024-03-26 10:13:29');
INSERT INTO `starter_audit_operate_log` VALUES (1780216506568273920, '同步系统请求资源', 1399985191002447872, 'bootx', 'other', 'cn.bootx.platform.iam.core.permission.service.PermPathService#syncSystem', 'POST', '/perm/path/syncSystem', '未知', '未知', NULL, NULL, b'1', NULL, '2024-04-16 20:47:45');
INSERT INTO `starter_audit_operate_log` VALUES (1780417659281174528, '同步系统请求资源', 1399985191002447872, 'bootx', 'other', 'cn.bootx.platform.iam.core.permission.service.PermPathService#syncSystem', 'POST', '/perm/path/syncSystem', '未知', '未知', NULL, NULL, b'1', NULL, '2024-04-17 10:07:03');
INSERT INTO `starter_audit_operate_log` VALUES (1780417857529147392, '同步系统请求资源', 1399985191002447872, 'bootx', 'other', 'cn.bootx.platform.iam.core.permission.service.PermPathService#syncSystem', 'POST', '/perm/path/syncSystem', '未知', '未知', NULL, NULL, b'1', NULL, '2024-04-17 10:07:50');
INSERT INTO `starter_audit_operate_log` VALUES (1780418146982260736, '同步系统请求资源', 1399985191002447872, 'bootx', 'other', 'cn.bootx.platform.iam.core.permission.service.PermPathService#syncSystem', 'POST', '/perm/path/syncSystem', '未知', '未知', NULL, NULL, b'1', NULL, '2024-04-17 10:08:59');
INSERT INTO `starter_audit_operate_log` VALUES (1780418343170830336, '同步系统请求资源', 1399985191002447872, 'bootx', 'other', 'cn.bootx.platform.iam.core.permission.service.PermPathService#syncSystem', 'POST', '/perm/path/syncSystem', '未知', '未知', NULL, NULL, b'1', NULL, '2024-04-17 10:09:46');

-- ----------------------------
-- Table structure for starter_ding_media_md5
-- ----------------------------
DROP TABLE IF EXISTS `starter_ding_media_md5`;
CREATE TABLE `starter_ding_media_md5`  (
  `id` bigint(20) NOT NULL,
  `media_id` varchar(50) CHARACTER SET utf8mb4 COLLATE utf8mb4_general_ci NOT NULL COMMENT '媒体id',
  `md5` varchar(255) CHARACTER SET utf8mb4 COLLATE utf8mb4_general_ci NOT NULL COMMENT 'md5值',
  `creator` bigint(20) NULL DEFAULT NULL COMMENT '创建人',
  `create_time` datetime(6) NULL DEFAULT NULL COMMENT '创建时间',
  PRIMARY KEY (`id`) USING BTREE
) ENGINE = InnoDB CHARACTER SET = utf8mb4 COLLATE = utf8mb4_general_ci COMMENT = '钉钉媒体文件MD5值关联关系' ROW_FORMAT = DYNAMIC;

-- ----------------------------
-- Records of starter_ding_media_md5
-- ----------------------------

-- ----------------------------
-- Table structure for starter_ding_robot_config
-- ----------------------------
DROP TABLE IF EXISTS `starter_ding_robot_config`;
CREATE TABLE `starter_ding_robot_config`  (
  `id` bigint(20) NOT NULL,
  `name` varchar(50) CHARACTER SET utf8mb4 COLLATE utf8mb4_general_ci NULL DEFAULT NULL COMMENT '名称',
  `code` varchar(50) CHARACTER SET utf8mb4 COLLATE utf8mb4_general_ci NOT NULL COMMENT '编号',
  `access_token` varchar(200) CHARACTER SET utf8mb4 COLLATE utf8mb4_general_ci NULL DEFAULT NULL COMMENT '钉钉机器人访问token',
  `enable_signature_check` bit(1) NOT NULL COMMENT '是否开启验签',
  `sign_secret` varchar(255) CHARACTER SET utf8mb4 COLLATE utf8mb4_general_ci NULL DEFAULT NULL COMMENT '钉钉机器人私钥',
  `remark` varchar(255) CHARACTER SET utf8mb4 COLLATE utf8mb4_general_ci NULL DEFAULT NULL COMMENT '备注',
  `creator` bigint(20) NULL DEFAULT NULL COMMENT '创建人',
  `create_time` datetime(6) NULL DEFAULT NULL COMMENT '创建时间',
  `last_modifier` bigint(20) NULL DEFAULT NULL COMMENT '最后修改人',
  `last_modified_time` datetime(6) NULL DEFAULT NULL COMMENT '最后修改时间',
  `version` int(11) NOT NULL COMMENT '版本',
  `deleted` bit(1) NOT NULL COMMENT '0:未删除。1:已删除',
  PRIMARY KEY (`id`) USING BTREE
) ENGINE = InnoDB CHARACTER SET = utf8mb4 COLLATE = utf8mb4_general_ci COMMENT = '钉钉机器人配置' ROW_FORMAT = DYNAMIC;

-- ----------------------------
-- Records of starter_ding_robot_config
-- ----------------------------

-- ----------------------------
-- Table structure for starter_file_data
-- ----------------------------
DROP TABLE IF EXISTS `starter_file_data`;
CREATE TABLE `starter_file_data`  (
  `id` bigint(20) NOT NULL COMMENT '主键',
  `base64` longtext CHARACTER SET utf8mb4 COLLATE utf8mb4_bin NULL COMMENT 'base64方式存储',
  `data` longblob NULL COMMENT '数据方式存储',
  PRIMARY KEY (`id`) USING BTREE
) ENGINE = InnoDB CHARACTER SET = utf8mb4 COLLATE = utf8mb4_bin COMMENT = '上传文件数据' ROW_FORMAT = DYNAMIC;

-- ----------------------------
-- Records of starter_file_data
-- ----------------------------

-- ----------------------------
-- Table structure for starter_file_upload_info
-- ----------------------------
DROP TABLE IF EXISTS `starter_file_upload_info`;
CREATE TABLE `starter_file_upload_info`  (
  `id` bigint(20) NOT NULL COMMENT '文件id',
  `url` varchar(512) CHARACTER SET utf8 COLLATE utf8_general_ci NOT NULL COMMENT '文件访问地址',
  `size` bigint(20) NULL DEFAULT NULL COMMENT '文件大小，单位字节',
  `filename` varchar(256) CHARACTER SET utf8 COLLATE utf8_general_ci NULL DEFAULT NULL COMMENT '文件名称',
  `original_filename` varchar(256) CHARACTER SET utf8 COLLATE utf8_general_ci NULL DEFAULT NULL COMMENT '原始文件名',
  `base_path` varchar(256) CHARACTER SET utf8 COLLATE utf8_general_ci NULL DEFAULT NULL COMMENT '基础存储路径',
  `path` varchar(256) CHARACTER SET utf8 COLLATE utf8_general_ci NULL DEFAULT NULL COMMENT '存储路径',
  `ext` varchar(32) CHARACTER SET utf8 COLLATE utf8_general_ci NULL DEFAULT NULL COMMENT '文件扩展名',
  `content_type` varchar(128) CHARACTER SET utf8 COLLATE utf8_general_ci NULL DEFAULT NULL COMMENT 'MIME类型',
  `platform` varchar(32) CHARACTER SET utf8 COLLATE utf8_general_ci NULL DEFAULT NULL COMMENT '存储平台',
  `th_url` varchar(512) CHARACTER SET utf8 COLLATE utf8_general_ci NULL DEFAULT NULL COMMENT '缩略图访问路径',
  `th_filename` varchar(256) CHARACTER SET utf8 COLLATE utf8_general_ci NULL DEFAULT NULL COMMENT '缩略图名称',
  `th_size` bigint(20) NULL DEFAULT NULL COMMENT '缩略图大小，单位字节',
  `th_content_type` varchar(128) CHARACTER SET utf8 COLLATE utf8_general_ci NULL DEFAULT NULL COMMENT '缩略图MIME类型',
  `object_id` varchar(32) CHARACTER SET utf8 COLLATE utf8_general_ci NULL DEFAULT NULL COMMENT '文件所属对象id',
  `object_type` varchar(32) CHARACTER SET utf8 COLLATE utf8_general_ci NULL DEFAULT NULL COMMENT '文件所属对象类型，例如用户头像，评价图片',
  `metadata` text CHARACTER SET utf8 COLLATE utf8_general_ci NULL COMMENT '文件元数据',
  `user_metadata` text CHARACTER SET utf8 COLLATE utf8_general_ci NULL COMMENT '文件用户元数据',
  `th_metadata` text CHARACTER SET utf8 COLLATE utf8_general_ci NULL COMMENT '缩略图元数据',
  `th_user_metadata` text CHARACTER SET utf8 COLLATE utf8_general_ci NULL COMMENT '缩略图用户元数据',
  `attr` text CHARACTER SET utf8 COLLATE utf8_general_ci NULL COMMENT '附加属性',
  `file_acl` varchar(32) CHARACTER SET utf8 COLLATE utf8_general_ci NULL DEFAULT NULL COMMENT '文件ACL',
  `th_file_acl` varchar(32) CHARACTER SET utf8 COLLATE utf8_general_ci NULL DEFAULT NULL COMMENT '缩略图文件ACL',
  `create_time` datetime NULL DEFAULT NULL COMMENT '创建时间',
  PRIMARY KEY (`id`) USING BTREE
) ENGINE = InnoDB CHARACTER SET = utf8mb4 COLLATE = utf8mb4_bin COMMENT = '文件记录表' ROW_FORMAT = DYNAMIC;

-- ----------------------------
-- Records of starter_file_upload_info
-- ----------------------------

-- ----------------------------
-- Table structure for starter_quartz_job
-- ----------------------------
DROP TABLE IF EXISTS `starter_quartz_job`;
CREATE TABLE `starter_quartz_job`  (
  `id` bigint(20) NOT NULL COMMENT '主键',
  `name` varchar(255) CHARACTER SET utf8mb4 COLLATE utf8mb4_general_ci NULL DEFAULT NULL COMMENT '任务名称',
  `job_class_name` varchar(255) CHARACTER SET utf8mb4 COLLATE utf8mb4_general_ci NULL DEFAULT NULL COMMENT '任务类名',
  `cron` varchar(255) CHARACTER SET utf8mb4 COLLATE utf8mb4_general_ci NULL DEFAULT NULL COMMENT 'cron表达式',
  `parameter` text CHARACTER SET utf8mb4 COLLATE utf8mb4_general_ci NULL COMMENT '参数',
  `state` int(4) NULL DEFAULT NULL COMMENT '状态',
  `remark` varchar(255) CHARACTER SET utf8mb4 COLLATE utf8mb4_general_ci NULL DEFAULT NULL COMMENT '备注',
  `creator` bigint(20) NULL DEFAULT NULL COMMENT '创建人',
  `create_time` datetime NULL DEFAULT NULL COMMENT '创建时间',
  `last_modifier` bigint(20) NULL DEFAULT NULL COMMENT '最后修改人',
  `last_modified_time` datetime NULL DEFAULT NULL COMMENT '最后修改时间',
  `version` int(11) NOT NULL COMMENT '版本',
  `deleted` tinyint(1) NOT NULL DEFAULT 0 COMMENT '0:未删除。1:已删除',
  PRIMARY KEY (`id`) USING BTREE
) ENGINE = InnoDB CHARACTER SET = utf8mb4 COLLATE = utf8mb4_general_ci COMMENT = '定时任务' ROW_FORMAT = DYNAMIC;

-- ----------------------------
-- Records of starter_quartz_job
-- ----------------------------
INSERT INTO `starter_quartz_job` VALUES (1456579473573867520, '测试任务', 'cn.bootx.platform.starter.quartz.task.TestTask', '0/3 0 * * * ? *', '{\"aaa\":\"5255\"}', 0, '测试任务', 1399985191002447872, '2021-11-05 19:09:43', 1399985191002447872, '2024-02-24 23:57:57', 29, 0);
INSERT INTO `starter_quartz_job` VALUES (1546857070483939328, '支付单超时检测', 'cn.daxpay.single.service.task.PayExpiredTimeTask', '0/5 * * * * ? *', NULL, 0, '检测超时的支付单, 超时后调用同步事件状态修复', 1399985191002447872, '2022-07-12 22:00:39', 1399985191002447872, '2024-05-09 17:13:10', 7, 0);
INSERT INTO `starter_quartz_job` VALUES (1761419490908958720, '客户系统通知重发任务', 'cn.daxpay.single.service.task.ClientNoticeSendTask', '0/1 * * * * ? *', '', 0, '每秒调用一下当前需要进行通知的任务', 1399985191002447872, '2024-02-24 23:55:07', 1399985191002447872, '2024-05-09 17:13:10', 5, 0);
INSERT INTO `starter_quartz_job` VALUES (1764664552203743232, '支付宝定时对账', 'cn.daxpay.single.service.task.ReconcileTask', '0 0 11 * * ? *', '{\"channel\":\"ali_pay\",\"n\":1}', 0, '', 1399985191002447872, '2024-03-04 22:49:50', 1399985191002447872, '2024-05-09 17:13:10', 6, 0);
INSERT INTO `starter_quartz_job` VALUES (1764667388106887168, '微信支付定时对账', 'cn.daxpay.single.service.task.ReconcileTask', '0 0 11 * * ? *', '{\"channel\":\"wechat_pay\",\"n\":1}', 0, '', 1399985191002447872, '2024-03-04 23:01:06', 1399985191002447872, '2024-05-09 17:13:10', 6, 0);
INSERT INTO `starter_quartz_job` VALUES (1767553847839141888, '退款订单定时同步', 'cn.daxpay.single.service.task.RefundSyncTask', '0 * * * * ? *', '', 0, '', 1399985191002447872, '2024-03-12 22:10:52', 1399985191002447872, '2024-05-09 17:13:10', 4, 0);
INSERT INTO `starter_quartz_job` VALUES (1787464504578744320, '自动分账定时任务', 'cn.daxpay.single.service.task.AllocationAutoStartTask', '0/10 * * * * ? *', '', 0, '', 1399985191002447872, '2024-05-06 20:48:42', 1399985191002447872, '2024-05-09 17:13:10', 2, 0);
INSERT INTO `starter_quartz_job` VALUES (1787470450809954304, '自动分账信息同步和完结接口', 'cn.daxpay.single.service.task.AllocationSyncTask', '0/10 * * * * ? *', '', 0, '', 1399985191002447872, '2024-05-06 21:12:20', 1399985191002447872, '2024-05-09 17:13:10', 2, 0);

-- ----------------------------
-- Table structure for starter_quartz_job_log
-- ----------------------------
DROP TABLE IF EXISTS `starter_quartz_job_log`;
CREATE TABLE `starter_quartz_job_log`  (
  `id` bigint(20) NOT NULL COMMENT '主键',
  `handler_name` varchar(255) CHARACTER SET utf8mb4 COLLATE utf8mb4_general_ci NULL DEFAULT NULL COMMENT '处理器名称',
  `class_name` varchar(255) CHARACTER SET utf8mb4 COLLATE utf8mb4_general_ci NULL DEFAULT NULL COMMENT '处理器全限定名',
  `success` bit(1) NOT NULL COMMENT '是否执行成功',
  `error_message` varchar(255) CHARACTER SET utf8mb4 COLLATE utf8mb4_general_ci NULL DEFAULT NULL COMMENT '错误信息',
  `start_time` datetime NULL DEFAULT NULL COMMENT '开始时间',
  `end_time` datetime NULL DEFAULT NULL COMMENT '结束时间',
  `duration` bigint(255) NULL DEFAULT NULL COMMENT '执行时长',
  `create_time` datetime NULL DEFAULT NULL COMMENT '创建时间',
  PRIMARY KEY (`id`) USING BTREE
) ENGINE = InnoDB CHARACTER SET = utf8mb4 COLLATE = utf8mb4_general_ci COMMENT = '任务执行日志' ROW_FORMAT = DYNAMIC;

-- ----------------------------
-- Records of starter_quartz_job_log
-- ----------------------------

-- ----------------------------
-- Table structure for starter_wecom_robot_config
-- ----------------------------
DROP TABLE IF EXISTS `starter_wecom_robot_config`;
CREATE TABLE `starter_wecom_robot_config`  (
  `id` bigint(20) NOT NULL,
  `name` varchar(50) CHARACTER SET utf8mb4 COLLATE utf8mb4_general_ci NOT NULL COMMENT '名称',
  `code` varchar(50) CHARACTER SET utf8mb4 COLLATE utf8mb4_general_ci NOT NULL COMMENT '编号',
  `webhook_key` varchar(150) CHARACTER SET utf8mb4 COLLATE utf8mb4_general_ci NOT NULL COMMENT 'webhook地址的key值',
  `remark` varchar(255) CHARACTER SET utf8mb4 COLLATE utf8mb4_general_ci NULL DEFAULT NULL COMMENT '备注',
  `creator` bigint(20) NULL DEFAULT NULL COMMENT '创建人',
  `create_time` datetime(6) NULL DEFAULT NULL COMMENT '创建时间',
  `last_modifier` bigint(20) NULL DEFAULT NULL COMMENT '最后修改人',
  `last_modified_time` datetime(6) NULL DEFAULT NULL COMMENT '最后修改时间',
  `version` int(11) NOT NULL COMMENT '版本',
  `deleted` bit(1) NOT NULL COMMENT '0:未删除。1:已删除',
  PRIMARY KEY (`id`) USING BTREE
) ENGINE = InnoDB CHARACTER SET = utf8mb4 COLLATE = utf8mb4_general_ci COMMENT = '企业微信机器人配置' ROW_FORMAT = DYNAMIC;

-- ----------------------------
-- Records of starter_wecom_robot_config
-- ----------------------------

-- ----------------------------
-- Table structure for starter_wx_fans
-- ----------------------------
DROP TABLE IF EXISTS `starter_wx_fans`;
CREATE TABLE `starter_wx_fans`  (
  `id` bigint(20) NOT NULL,
  `openid` varchar(50) CHARACTER SET utf8mb4 COLLATE utf8mb4_general_ci NULL DEFAULT NULL COMMENT '关联OpenId',
  `subscribe_status` bit(1) NULL DEFAULT NULL COMMENT '订阅状态',
  `subscribe_time` datetime NULL DEFAULT NULL COMMENT '订阅时间',
  `nickname` varchar(50) CHARACTER SET utf8mb4 COLLATE utf8mb4_general_ci NULL DEFAULT NULL COMMENT '昵称',
  `sex` varchar(3) CHARACTER SET utf8mb4 COLLATE utf8mb4_general_ci NULL DEFAULT NULL COMMENT '性别',
  `language` varchar(255) CHARACTER SET utf8mb4 COLLATE utf8mb4_general_ci NULL DEFAULT NULL COMMENT '语言',
  `country` varchar(255) CHARACTER SET utf8mb4 COLLATE utf8mb4_general_ci NULL DEFAULT NULL COMMENT '国家',
  `province` varchar(255) CHARACTER SET utf8mb4 COLLATE utf8mb4_general_ci NULL DEFAULT NULL COMMENT '省份',
  `city` varchar(255) CHARACTER SET utf8mb4 COLLATE utf8mb4_general_ci NULL DEFAULT NULL COMMENT '城市',
  `avatar_url` varchar(255) CHARACTER SET utf8mb4 COLLATE utf8mb4_general_ci NULL DEFAULT NULL COMMENT '头像地址',
  `remark` varchar(255) CHARACTER SET utf8mb4 COLLATE utf8mb4_general_ci NULL DEFAULT NULL COMMENT '备注',
  PRIMARY KEY (`id`) USING BTREE
) ENGINE = InnoDB CHARACTER SET = utf8mb4 COLLATE = utf8mb4_general_ci COMMENT = '微信公众号粉丝' ROW_FORMAT = DYNAMIC;

-- ----------------------------
-- Records of starter_wx_fans
-- ----------------------------

-- ----------------------------
-- Table structure for starter_wx_menu
-- ----------------------------
DROP TABLE IF EXISTS `starter_wx_menu`;
CREATE TABLE `starter_wx_menu`  (
  `id` bigint(20) NOT NULL COMMENT '主键',
  `name` varchar(50) CHARACTER SET utf8mb4 COLLATE utf8mb4_bin NULL DEFAULT NULL COMMENT '名称',
  `menu_info` longtext CHARACTER SET utf8mb4 COLLATE utf8mb4_bin NULL COMMENT '菜单信息',
  `remark` varchar(200) CHARACTER SET utf8mb4 COLLATE utf8mb4_bin NULL DEFAULT NULL COMMENT '备注',
  `publish` bit(1) NOT NULL COMMENT '是否发布',
  `creator` bigint(20) NULL DEFAULT NULL COMMENT '创建人',
  `create_time` datetime NULL DEFAULT NULL COMMENT '创建时间',
  `last_modifier` bigint(20) NULL DEFAULT NULL COMMENT '最后修改人',
  `last_modified_time` datetime NULL DEFAULT NULL COMMENT '最后修改时间',
  `deleted` tinyint(1) NOT NULL DEFAULT 0 COMMENT '0:未删除。1:已删除',
  `version` int(11) NOT NULL COMMENT '版本',
  PRIMARY KEY (`id`) USING BTREE
) ENGINE = InnoDB CHARACTER SET = utf8mb4 COLLATE = utf8mb4_bin COMMENT = '微信自定义菜单' ROW_FORMAT = DYNAMIC;

-- ----------------------------
-- Records of starter_wx_menu
-- ----------------------------

-- ----------------------------
-- Table structure for starter_wx_template
-- ----------------------------
DROP TABLE IF EXISTS `starter_wx_template`;
CREATE TABLE `starter_wx_template`  (
  `id` bigint(20) NOT NULL,
  `name` varchar(50) CHARACTER SET utf8mb4 COLLATE utf8mb4_general_ci NULL DEFAULT NULL COMMENT '名称',
  `code` varchar(50) CHARACTER SET utf8mb4 COLLATE utf8mb4_general_ci NULL DEFAULT NULL COMMENT '编码',
  `enable` bit(1) NOT NULL COMMENT '是否启用',
  `template_id` varchar(50) CHARACTER SET utf8mb4 COLLATE utf8mb4_general_ci NOT NULL COMMENT '模板ID',
  `title` varchar(100) CHARACTER SET utf8mb4 COLLATE utf8mb4_general_ci NULL DEFAULT NULL COMMENT '模板标题',
  `primary_industry` varchar(50) CHARACTER SET utf8mb4 COLLATE utf8mb4_general_ci NULL DEFAULT NULL COMMENT '模板所属行业的一级行业',
  `deputy_industry` varchar(50) CHARACTER SET utf8mb4 COLLATE utf8mb4_general_ci NULL DEFAULT NULL COMMENT '模板所属行业的二级行业',
  `content` varchar(500) CHARACTER SET utf8mb4 COLLATE utf8mb4_general_ci NULL DEFAULT NULL COMMENT '模板内容',
  `example` varchar(500) CHARACTER SET utf8mb4 COLLATE utf8mb4_general_ci NULL DEFAULT NULL COMMENT '示例',
  `creator` bigint(20) NULL DEFAULT NULL COMMENT '创建人',
  `create_time` datetime NULL DEFAULT NULL COMMENT '创建时间',
  `last_modifier` bigint(20) NULL DEFAULT NULL COMMENT '最后修改人',
  `last_modified_time` datetime NULL DEFAULT NULL COMMENT '最后修改时间',
  `version` int(11) NOT NULL COMMENT '版本',
  PRIMARY KEY (`id`) USING BTREE,
  UNIQUE INDEX `inx_`(`template_id`) USING BTREE COMMENT '模板id'
) ENGINE = InnoDB CHARACTER SET = utf8mb4 COLLATE = utf8mb4_general_ci COMMENT = '微信消息模板' ROW_FORMAT = DYNAMIC;

-- ----------------------------
-- Records of starter_wx_template
-- ----------------------------

SET FOREIGN_KEY_CHECKS = 1;
