/*
 Navicat Premium Data Transfer

 Source Server         : 192.168.0.205-1110
 Source Server Type    : MySQL
 Source Server Version : 50731
 Source Host           : 192.168.0.205:1110
 Source Schema         : daxpay

 Target Server Type    : MySQL
 Target Server Version : 50731
 File Encoding         : 65001

 Date: 26/05/2025 13:31:42
*/

SET NAMES utf8mb4;
SET FOREIGN_KEY_CHECKS = 0;

-- ----------------------------
-- Table structure for base_area
-- ----------------------------
DROP TABLE IF EXISTS `base_area`;
CREATE TABLE `base_area`  (
  `code` char(6) CHARACTER SET utf8mb4 COLLATE utf8mb4_unicode_ci NOT NULL COMMENT '区域编码',
  `name` varchar(60) CHARACTER SET utf8mb4 COLLATE utf8mb4_unicode_ci NOT NULL COMMENT '区域名称',
  `city_code` char(4) CHARACTER SET utf8mb4 COLLATE utf8mb4_unicode_ci NOT NULL COMMENT '城市编码',
  PRIMARY KEY (`code`) USING BTREE
) ENGINE = InnoDB CHARACTER SET = utf8mb4 COLLATE = utf8mb4_general_ci COMMENT = '县区表' ROW_FORMAT = Dynamic;

-- ----------------------------
-- Records of base_area
-- ----------------------------

-- ----------------------------
-- Table structure for base_city
-- ----------------------------
DROP TABLE IF EXISTS `base_city`;
CREATE TABLE `base_city`  (
  `code` char(4) CHARACTER SET utf8mb4 COLLATE utf8mb4_unicode_ci NOT NULL COMMENT '城市编码',
  `name` varchar(60) CHARACTER SET utf8mb4 COLLATE utf8mb4_unicode_ci NOT NULL COMMENT '城市名称',
  `province_code` char(2) CHARACTER SET utf8mb4 COLLATE utf8mb4_unicode_ci NOT NULL COMMENT '省份编码',
  PRIMARY KEY (`code`) USING BTREE
) ENGINE = InnoDB CHARACTER SET = utf8mb4 COLLATE = utf8mb4_general_ci COMMENT = '城市表' ROW_FORMAT = Dynamic;

-- ----------------------------
-- Records of base_city
-- ----------------------------

-- ----------------------------
-- Table structure for base_dict
-- ----------------------------
DROP TABLE IF EXISTS `base_dict`;
CREATE TABLE `base_dict`  (
  `id` bigint(20) NOT NULL COMMENT '主键',
  `name` varchar(50) CHARACTER SET utf8mb4 COLLATE utf8mb4_unicode_ci NULL DEFAULT NULL COMMENT '名称',
  `group_tag` varchar(50) CHARACTER SET utf8mb4 COLLATE utf8mb4_unicode_ci NULL DEFAULT NULL COMMENT '分类标签',
  `code` varchar(50) CHARACTER SET utf8mb4 COLLATE utf8mb4_unicode_ci NULL DEFAULT NULL COMMENT '编码',
  `remark` varchar(50) CHARACTER SET utf8mb4 COLLATE utf8mb4_unicode_ci NULL DEFAULT NULL COMMENT '备注',
  `creator` bigint(20) NULL DEFAULT NULL COMMENT '创建者ID',
  `create_time` datetime(6) NULL DEFAULT NULL COMMENT '创建时间',
  `last_modifier` bigint(20) NULL DEFAULT NULL COMMENT '最后修改ID',
  `last_modified_time` datetime(6) NULL DEFAULT NULL COMMENT '最后修改时间',
  `version` int(11) NOT NULL COMMENT '版本号',
  `enable` tinyint(1) NULL DEFAULT NULL COMMENT '是否启用',
  `deleted` tinyint(1) NOT NULL COMMENT '删除标志',
  PRIMARY KEY (`id`) USING BTREE
) ENGINE = InnoDB CHARACTER SET = utf8mb4 COLLATE = utf8mb4_general_ci COMMENT = '字典表' ROW_FORMAT = Dynamic;

-- ----------------------------
-- Records of base_dict
-- ----------------------------
INSERT INTO `base_dict` VALUES (1810495414609829888, '123', '支付', '123', '', 0, '2024-07-09 10:05:18.884695', 1811365615815487488, '2024-08-14 19:48:05.212961', 0, 1, 1);
INSERT INTO `base_dict` VALUES (1823688398549360640, '支付通道', '支付', 'channel', '', 1811365615815487488, '2024-08-14 19:49:31.363417', 1811365615815487488, '2024-08-14 19:56:44.841238', 1, 1, 0);
INSERT INTO `base_dict` VALUES (1823688893108133888, '支付订单关闭类型', '支付', 'close_type', '', 1811365615815487488, '2024-08-14 19:51:29.275426', 1811365615815487488, '2024-08-14 19:51:29.277016', 0, 1, 0);
INSERT INTO `base_dict` VALUES (1823696159936946176, '证件类型', '基础信息', 'id_type', '', 1811365615815487488, '2024-08-14 20:20:21.822676', 1811365615815487488, '2024-08-14 20:20:21.824229', 0, 1, 0);
INSERT INTO `base_dict` VALUES (1823708720229117952, '签名方式', '支付', 'sign_type', '', 1811365615815487488, '2024-08-14 21:10:16.430774', 1811365615815487488, '2024-08-14 21:10:16.433984', 0, 1, 0);
INSERT INTO `base_dict` VALUES (1823928239337771008, '商户状态', '支付', 'merchant_status', '', 1811365615815487488, '2024-08-15 11:42:33.863751', 1811365615815487488, '2024-08-15 11:42:33.865868', 0, 1, 0);
INSERT INTO `base_dict` VALUES (1823928536063807488, '商户应用状态', '支付', 'mch_app_status', '', 1811365615815487488, '2024-08-15 11:43:44.608309', 1811365615815487488, '2024-08-15 11:43:44.609880', 0, 1, 0);
INSERT INTO `base_dict` VALUES (1823969170598400000, '客户通知内容类型', '支付', 'notify_content_type', '', 1811365615815487488, '2024-08-15 14:25:12.636886', 1811365615815487488, '2024-08-15 15:48:34.515760', 2, 1, 0);
INSERT INTO `base_dict` VALUES (1823969966421446656, '商户消息通知类型', '支付', 'merchant_notify_type', '', 1811365615815487488, '2024-08-15 14:28:22.375016', 1811365615815487488, '2024-08-15 15:48:43.031616', 1, 1, 0);
INSERT INTO `base_dict` VALUES (1823991280205041664, '业务操作类型', '审计日志', 'log_business_type', '', 0, '2024-08-15 15:53:03.977005', 0, '2024-08-15 15:53:03.978035', 0, 1, 0);
INSERT INTO `base_dict` VALUES (1824050661785407488, '支付订单状态', '支付', 'pay_status', '', 0, '2024-08-15 19:49:01.649012', 1811365615815487488, '2024-08-16 11:24:05.396307', 1, 1, 0);
INSERT INTO `base_dict` VALUES (1824277760341184512, '支付订单分账状态', '支付', 'pay_alloc_status', '支付订单的分账状态', 1811365615815487488, '2024-08-16 10:51:26.166066', 1811365615815487488, '2024-08-16 14:42:42.689952', 1, 1, 0);
INSERT INTO `base_dict` VALUES (1824277928167870464, '支付订单的退款状态', '支付', 'pay_refund_status', '', 1811365615815487488, '2024-08-16 10:52:06.177341', 1811365615815487488, '2024-08-16 10:52:06.179417', 0, 1, 0);
INSERT INTO `base_dict` VALUES (1824285303885008896, '支付方式', '支付', 'pay_method', '', 1811365615815487488, '2024-08-16 11:21:24.685429', 1811365615815487488, '2024-08-16 11:21:24.686997', 0, 1, 0);
INSERT INTO `base_dict` VALUES (1824287281285435392, '退款状态枚举', '支付', 'refund_status', '', 1811365615815487488, '2024-08-16 11:29:16.134278', 1811365615815487488, '2024-08-16 15:03:53.495862', 7, 1, 0);
INSERT INTO `base_dict` VALUES (1824342698652971008, '交易流水记录类型', '支付', 'trade_flow_type', '', 1811365615815487488, '2024-08-16 15:09:28.666504', 1811365615815487488, '2024-08-16 15:09:34.017606', 1, 1, 0);
INSERT INTO `base_dict` VALUES (1824791500966486016, '交易类型', '支付', 'trade_type', '', 1811365615815487488, '2024-08-17 20:52:51.476290', 1811365615815487488, '2024-08-17 20:52:51.532979', 0, 1, 0);
INSERT INTO `base_dict` VALUES (1825134996013670400, '转账状态', '支付', 'transfer_status', '', 1811365615815487488, '2024-08-18 19:37:47.076212', 1811365615815487488, '2024-08-18 19:37:47.137228', 0, 1, 0);
INSERT INTO `base_dict` VALUES (1825135068277334016, '转账接收方类型', '支付', 'transfer_payee_type', '', 1811365615815487488, '2024-08-18 19:38:04.304349', 1811365615815487488, '2024-08-18 19:38:04.306948', 0, 1, 0);
INSERT INTO `base_dict` VALUES (1825174702763966464, '支付回调处理状态', '支付', 'callback_status', '', 1811365615815487488, '2024-08-18 22:15:33.902812', 1811365615815487488, '2024-08-18 22:15:33.903840', 0, 1, 0);
INSERT INTO `base_dict` VALUES (1825408039604842496, '消息发送类型', '支付', 'notice_send_type', '', 1811365615815487488, '2024-08-19 13:42:45.740594', 1811365615815487488, '2024-08-19 13:42:45.742689', 0, 1, 0);
INSERT INTO `base_dict` VALUES (1826059944274382848, '对账差异类型', '支付', 'reconcile_discrepancy_type', '', 1811365615815487488, '2024-08-21 08:53:11.927052', 1811365615815487488, '2024-08-21 08:53:11.931319', 0, 1, 0);
INSERT INTO `base_dict` VALUES (1826061072412135424, '对账结果', '支付', 'reconcile_result', '', 1811365615815487488, '2024-08-21 08:57:40.895007', 1811365615815487488, '2024-08-21 08:57:40.897049', 0, 1, 0);
INSERT INTO `base_dict` VALUES (1826143914542350336, '交易状态', '支付', 'trade_status', '', 1811365615815487488, '2024-08-21 14:26:52.000272', 1811365615815487488, '2024-08-21 14:26:52.005675', 0, 1, 0);
INSERT INTO `base_dict` VALUES (1840650057641713664, '码牌类型', '支付', 'cashier_code_type', '', 1811365615815487488, '2024-09-30 15:09:06.025286', 1811365615815487488, '2024-09-30 15:09:06.026292', 0, 1, 0);
INSERT INTO `base_dict` VALUES (1843536439208931328, '分账接收方类型', '支付', 'alloc_receiver_type', '', 1811365615815487488, '2024-10-08 14:18:33.016439', 1811365615815487488, '2024-10-08 14:18:33.017572', 0, 1, 0);
INSERT INTO `base_dict` VALUES (1843536733108006912, '分账关系类型', '支付', 'alloc_relation_type', '', 1811365615815487488, '2024-10-08 14:19:43.086847', 1811365615815487488, '2025-02-10 10:15:04.804146', 1, 1, 1);
INSERT INTO `base_dict` VALUES (1856210887078592512, '服务商进件类型', '支付', 'isv_apply_type', '', 1811365615815487488, '2024-11-12 13:42:16.868901', 1811365615815487488, '2024-11-12 13:42:16.868901', 0, 1, 0);
INSERT INTO `base_dict` VALUES (1856269612988506112, '服务商进件状态', '支付', 'isv_apply_status', '', 1811365615815487488, '2024-11-12 17:35:38.217929', 1811365615815487488, '2024-11-12 17:35:38.218929', 0, 1, 0);
INSERT INTO `base_dict` VALUES (1866464725509451776, '分账订单处理结果', '支付', 'allocation_result', '', 1811365615815487488, '2024-12-10 20:47:22.458399', 1811365615815487488, '2024-12-10 20:47:22.512079', 0, 1, 0);
INSERT INTO `base_dict` VALUES (1866464929205825536, '分账状态', '支付', 'allocation_status', '', 1811365615815487488, '2024-12-10 20:48:11.021238', 1811365615815487488, '2024-12-10 20:48:11.071674', 0, 1, 0);
INSERT INTO `base_dict` VALUES (1866861372363571200, '分账明细处理结果', '支付', 'alloc_detail_result', '', 1811365615815487488, '2024-12-11 23:03:30.437127', 1811365615815487488, '2024-12-11 23:03:30.629127', 0, 1, 0);
INSERT INTO `base_dict` VALUES (1875419885631762432, '商户类型', '支付', 'merchant_type', '', 1811365615815487488, '2025-01-04 13:51:59.008711', 1811365615815487488, '2025-01-04 13:51:59.008711', 0, 1, 0);
INSERT INTO `base_dict` VALUES (1889586857340620800, '用户状态', '基础信息', 'user_status', '', 1811365615815487488, '2025-02-12 16:06:28.275604', 1811365615815487488, '2025-02-12 16:06:28.275604', 0, 1, 0);
INSERT INTO `base_dict` VALUES (1889681841244356608, '服务商应用状态', '支付', 'isv_status', '', 1811365615815487488, '2025-02-12 22:23:54.201303', 1811365615815487488, '2025-02-12 22:23:54.202303', 0, 1, 0);
INSERT INTO `base_dict` VALUES (1889977324553109504, '乐刷分账能力开通状态', '支付通道', 'ls_alloc_apply_status', '', 1811365615815487488, '2025-02-13 17:58:02.913465', 1811365615815487488, '2025-02-13 17:58:02.914463', 0, 1, 0);
INSERT INTO `base_dict` VALUES (1891378565338431488, '分账关系类型', '支付', 'alloc_relation_type', '', 1811365615815487488, '2025-02-17 14:46:04.748953', 1811365615815487488, '2025-02-17 14:46:04.748953', 0, 1, 0);
INSERT INTO `base_dict` VALUES (1894013347259527168, '随行付分账能力开通状态枚举', '支付通道', 'vbill_alloc_apply_status', '', 1811365615815487488, '2025-02-24 21:15:45.713406', 1811365615815487488, '2025-03-19 17:07:18.083376', 1, 1, 0);
INSERT INTO `base_dict` VALUES (1894015467740246016, '随行付分账能力开通类型枚举', '支付通道', 'vbill_alloc_sign_type', '', 1811365615815487488, '2025-02-24 21:24:11.272869', 1811365615815487488, '2025-03-19 17:07:25.297913', 1, 1, 0);
INSERT INTO `base_dict` VALUES (1898988643046494208, '收款终端设备类型', '支付', 'terminal_device_type', '', 1811365615815487488, '2025-03-10 14:45:48.663842', 1811365615815487488, '2025-03-10 14:45:48.664841', 0, 1, 0);
INSERT INTO `base_dict` VALUES (1899038420995997696, '终端设备通道报备状态', '支付', 'channel_terminal_status', '', 1811365615815487488, '2025-03-10 18:03:36.650965', 1811365615815487488, '2025-03-12 22:41:08.934094', 1, 1, 0);
INSERT INTO `base_dict` VALUES (1899630183427186688, '汇付企业分账接收方状态', '支付', 'ada_pay_corp_status', '', 1811365615815487488, '2025-03-12 09:15:03.810762', 1811365615815487488, '2025-03-12 09:15:03.811761', 0, 1, 0);
INSERT INTO `base_dict` VALUES (1899771077857976320, '终端报送类型', '支付', 'terminal_type', '', 1811365615815487488, '2025-03-12 18:34:55.659749', 1811365615815487488, '2025-03-12 18:34:55.660754', 0, 1, 0);
INSERT INTO `base_dict` VALUES (1901976184890114048, '汇付结算账户状态', '支付通道', 'adapay_settle_account_status', '', 1811365615815487488, '2025-03-18 20:37:14.145553', 1811365615815487488, '2025-03-24 16:49:38.559604', 1, 1, 0);
INSERT INTO `base_dict` VALUES (1902285549071863808, '聚合支付类型', '支付', 'aggregate_pay_type', '', 1811365615815487488, '2025-03-19 17:06:32.314075', 1811365615815487488, '2025-03-24 17:20:41.459492', 2, 1, 0);
INSERT INTO `base_dict` VALUES (1902285697764134912, '网关支付调起方式', '支付', 'gateway_call_type', '', 1811365615815487488, '2025-03-19 17:07:07.763773', 1811365615815487488, '2025-03-19 17:07:07.763773', 0, 1, 0);
INSERT INTO `base_dict` VALUES (1902286175247896576, '网关支付类型', '支付', 'gateway_pay_type', '', 1811365615815487488, '2025-03-19 17:09:01.604929', 1811365615815487488, '2025-03-19 17:09:01.604929', 0, 1, 0);
INSERT INTO `base_dict` VALUES (1904092914741948416, '付款码支付类型', '支付', 'aggregate_bar_pay_type', '', 1811365615815487488, '2025-03-24 16:48:21.870000', 1811365615815487488, '2025-04-10 15:07:38.127186', 2, 1, 0);
INSERT INTO `base_dict` VALUES (1904092964494782464, 'gateway_pay_type', '支付', '网关聚合支付类型', '', 1811365615815487488, '2025-03-24 16:48:33.729602', 1811365615815487488, '2025-03-24 16:48:46.729467', 0, 1, 1);
INSERT INTO `base_dict` VALUES (1905238363176165376, '网关收银台类型', '支付', 'gateway_cashier_type', '', 1811365615815487488, '2025-03-27 20:39:58.057782', 1811365615815487488, '2025-03-27 20:39:58.058781', 0, 1, 0);
INSERT INTO `base_dict` VALUES (1909136633497235456, '通道认证类型', '支付通道', 'channel_auth_type_enum', '', 1811365615815487488, '2025-04-07 14:50:18.126778', 1811365615815487488, '2025-04-07 14:50:18.126778', 0, 1, 0);

-- ----------------------------
-- Table structure for base_dict_item
-- ----------------------------
DROP TABLE IF EXISTS `base_dict_item`;
CREATE TABLE `base_dict_item`  (
  `id` bigint(20) NOT NULL COMMENT '主键',
  `dict_id` bigint(20) NOT NULL COMMENT '字典ID',
  `dict_code` varchar(50) CHARACTER SET utf8mb4 COLLATE utf8mb4_unicode_ci NULL DEFAULT NULL COMMENT '字典编码',
  `code` varchar(50) CHARACTER SET utf8mb4 COLLATE utf8mb4_unicode_ci NULL DEFAULT NULL COMMENT '字典项编码',
  `name` varchar(50) CHARACTER SET utf8mb4 COLLATE utf8mb4_unicode_ci NULL DEFAULT NULL COMMENT '名称',
  `sort_no` int(11) NULL DEFAULT NULL COMMENT '字典项排序',
  `enable` tinyint(1) NULL DEFAULT NULL COMMENT '是否启用',
  `remark` varchar(50) CHARACTER SET utf8mb4 COLLATE utf8mb4_unicode_ci NULL DEFAULT NULL COMMENT '备注',
  `creator` bigint(20) NULL DEFAULT NULL COMMENT '创建者ID',
  `create_time` datetime(6) NULL DEFAULT NULL COMMENT '创建时间',
  `last_modifier` bigint(20) NULL DEFAULT NULL COMMENT '最后修改ID',
  `last_modified_time` datetime(6) NULL DEFAULT NULL COMMENT '最后修改时间',
  `version` int(11) NOT NULL COMMENT '版本号',
  `deleted` tinyint(1) NOT NULL COMMENT '删除标志',
  PRIMARY KEY (`id`) USING BTREE
) ENGINE = InnoDB CHARACTER SET = utf8mb4 COLLATE = utf8mb4_general_ci COMMENT = '字典项' ROW_FORMAT = Dynamic;

-- ----------------------------
-- Records of base_dict_item
-- ----------------------------
INSERT INTO `base_dict_item` VALUES (1810550427952537600, 1810495414609829888, '123', 'ignore', '忽略', 0, 1, '', 0, '2024-07-09 13:43:55.081435', 1811365615815487488, '2024-08-14 19:48:01.827254', 1, 1);
INSERT INTO `base_dict_item` VALUES (1823688520268062720, 1823688398549360640, 'channel', 'ali_pay', '支付宝(直连)', 1, 1, '', 1811365615815487488, '2024-08-14 19:50:00.383209', 1811365615815487488, '2024-10-14 17:47:31.402133', 2, 0);
INSERT INTO `base_dict_item` VALUES (1823688577201545216, 1823688398549360640, 'channel', 'alipay_isv', '支付宝(服务商)', 2, 1, '', 1811365615815487488, '2024-08-14 19:50:13.957732', 1811365615815487488, '2024-10-14 17:47:28.448343', 3, 0);
INSERT INTO `base_dict_item` VALUES (1823688680352063488, 1823688398549360640, 'channel', 'wechat_pay', '微信支付(直连)', 3, 1, '', 1811365615815487488, '2024-08-14 19:50:38.551335', 0, '2024-08-15 19:46:22.364663', 1, 0);
INSERT INTO `base_dict_item` VALUES (1823688722165080064, 1823688398549360640, 'channel', 'wechat_pay_isv', '微信支付(服务商)', 4, 1, '', 1811365615815487488, '2024-08-14 19:50:48.519498', 1811365615815487488, '2024-10-14 15:14:47.966730', 3, 0);
INSERT INTO `base_dict_item` VALUES (1823688758965903360, 1823688398549360640, 'channel', 'union_pay', '云闪付', 5, 1, '', 1811365615815487488, '2024-08-14 19:50:57.293338', 1811365615815487488, '2024-08-14 19:50:57.294914', 0, 0);
INSERT INTO `base_dict_item` VALUES (1823696988228100096, 1823696159936946176, 'id_type', 'IDCard', '身份证', 1, 1, '', 1811365615815487488, '2024-08-14 20:23:39.302492', 1811365615815487488, '2024-08-14 20:23:39.304061', 0, 0);
INSERT INTO `base_dict_item` VALUES (1823697045249662976, 1823696159936946176, 'id_type', 'passport', '护照', 2, 1, '', 1811365615815487488, '2024-08-14 20:23:52.897578', 1811365615815487488, '2024-08-14 20:23:52.899140', 0, 0);
INSERT INTO `base_dict_item` VALUES (1823697128431099904, 1823696159936946176, 'id_type', 'MilitaryID', '军人证', 3, 1, '', 1811365615815487488, '2024-08-14 20:24:12.729636', 1811365615815487488, '2024-08-14 20:24:33.016577', 1, 0);
INSERT INTO `base_dict_item` VALUES (1823697185523965952, 1823696159936946176, 'id_type', 'ForeignGreenCard', '外国人绿卡', 4, 1, '', 1811365615815487488, '2024-08-14 20:24:26.341242', 1811365615815487488, '2024-08-14 20:24:26.342281', 0, 0);
INSERT INTO `base_dict_item` VALUES (1823709978780364800, 1823708720229117952, 'sign_type', 'hmac_sha256', 'HMAC_SHA256', 1, 1, '', 1811365615815487488, '2024-08-14 21:15:16.491026', 1811365615815487488, '2024-08-14 21:15:16.493648', 0, 0);
INSERT INTO `base_dict_item` VALUES (1823710019247009792, 1823708720229117952, 'sign_type', 'md5', 'MD5', 2, 1, '', 1811365615815487488, '2024-08-14 21:15:26.139263', 1811365615815487488, '2024-08-14 21:15:26.140825', 0, 0);
INSERT INTO `base_dict_item` VALUES (1823710059575242752, 1823708720229117952, 'sign_type', 'sm3', 'SM3', 3, 1, '', 1811365615815487488, '2024-08-14 21:15:35.754963', 1811365615815487488, '2024-08-14 21:15:35.756536', 0, 0);
INSERT INTO `base_dict_item` VALUES (1823928285231845376, 1823928239337771008, 'merchant_status', 'enable', '启用', 1, 1, '', 1811365615815487488, '2024-08-15 11:42:44.805431', 1811365615815487488, '2024-08-15 11:42:44.807006', 0, 0);
INSERT INTO `base_dict_item` VALUES (1823928325820125184, 1823928239337771008, 'merchant_status', 'disabled', '禁用', 2, 1, '', 1811365615815487488, '2024-08-15 11:42:54.482892', 1811365615815487488, '2024-08-15 11:42:54.484445', 0, 0);
INSERT INTO `base_dict_item` VALUES (1823928584776454144, 1823928536063807488, 'mch_app_status', 'enable', '启用', 1, 1, '', 1811365615815487488, '2024-08-15 11:43:56.222637', 1811365615815487488, '2024-08-15 11:43:56.224200', 0, 0);
INSERT INTO `base_dict_item` VALUES (1823928622999146496, 1823928536063807488, 'mch_app_status', 'disabled', '禁用', 2, 1, '', 1811365615815487488, '2024-08-15 11:44:05.335689', 1811365615815487488, '2024-08-15 11:44:05.337294', 0, 0);
INSERT INTO `base_dict_item` VALUES (1823969227796123648, 1823969170598400000, 'notify_content_type', 'pay', '支付订单变动通知', 1, 1, '', 1811365615815487488, '2024-08-15 14:25:26.273922', 1811365615815487488, '2024-08-15 14:25:26.276032', 0, 0);
INSERT INTO `base_dict_item` VALUES (1823969260352311296, 1823969170598400000, 'notify_content_type', 'refund', '退款订单变动通知', 2, 1, '', 1811365615815487488, '2024-08-15 14:25:34.035515', 1811365615815487488, '2024-08-15 14:25:34.037117', 0, 0);
INSERT INTO `base_dict_item` VALUES (1823969294699466752, 1823969170598400000, 'notify_content_type', 'transfer', '转账订单变动通知', 3, 1, '', 1811365615815487488, '2024-08-15 14:25:42.224889', 1811365615815487488, '2024-08-15 14:25:42.226456', 0, 0);
INSERT INTO `base_dict_item` VALUES (1823970069660045312, 1823969966421446656, 'merchant_notify_type', 'none', '不启用', 0, 1, '', 1811365615815487488, '2024-08-15 14:28:46.989630', 1811365615815487488, '2024-08-15 14:28:46.991208', 0, 0);
INSERT INTO `base_dict_item` VALUES (1823970114547486720, 1823969966421446656, 'merchant_notify_type', 'http', 'HTTP', 1, 1, '', 1811365615815487488, '2024-08-15 14:28:57.691700', 1811365615815487488, '2024-08-15 14:28:57.692751', 0, 0);
INSERT INTO `base_dict_item` VALUES (1823970397553954816, 1823969966421446656, 'merchant_notify_type', 'websocket', 'WebSocket', 2, 1, '', 1811365615815487488, '2024-08-15 14:30:05.165149', 1811365615815487488, '2024-08-15 14:30:05.166201', 0, 0);
INSERT INTO `base_dict_item` VALUES (1823970441921302528, 1823969966421446656, 'merchant_notify_type', 'mq', '消息队列', 3, 0, '', 1811365615815487488, '2024-08-15 14:30:15.743880', 1811365615815487488, '2024-08-15 15:41:11.358752', 1, 0);
INSERT INTO `base_dict_item` VALUES (1823991809660424192, 1823991280205041664, 'log_business_type', 'add', '新增', 1, 1, '', 0, '2024-08-15 15:55:10.209099', 0, '2024-08-15 15:55:10.210152', 0, 0);
INSERT INTO `base_dict_item` VALUES (1823992621597986816, 1823991280205041664, 'log_business_type', 'update', '修改', 2, 1, '', 0, '2024-08-15 15:58:23.790857', 0, '2024-08-15 15:58:34.534328', 1, 0);
INSERT INTO `base_dict_item` VALUES (1823992712492748800, 1823991280205041664, 'log_business_type', 'delete', '删除', 3, 1, '', 0, '2024-08-15 15:58:45.461362', 0, '2024-08-15 15:58:45.462464', 0, 0);
INSERT INTO `base_dict_item` VALUES (1823992755463393280, 1823991280205041664, 'log_business_type', 'grant', '授权', 4, 1, '', 0, '2024-08-15 15:58:55.706430', 0, '2024-08-15 15:58:55.707474', 0, 0);
INSERT INTO `base_dict_item` VALUES (1823992808680722432, 1823991280205041664, 'log_business_type', 'export', '导出', 5, 1, '', 0, '2024-08-15 15:59:08.394231', 0, '2024-08-15 15:59:08.395306', 0, 0);
INSERT INTO `base_dict_item` VALUES (1823992851131273216, 1823991280205041664, 'log_business_type', 'import', '导入', 6, 1, '', 0, '2024-08-15 15:59:18.515719', 0, '2024-08-15 15:59:18.516751', 0, 0);
INSERT INTO `base_dict_item` VALUES (1823992894504570880, 1823991280205041664, 'log_business_type', 'force', '强退', 7, 1, '', 0, '2024-08-15 15:59:28.856243', 0, '2024-08-15 15:59:28.857426', 0, 0);
INSERT INTO `base_dict_item` VALUES (1823992935814270976, 1823991280205041664, 'log_business_type', 'clean', '清空数据', 8, 1, '', 0, '2024-08-15 15:59:38.705444', 0, '2024-08-15 15:59:38.706503', 0, 0);
INSERT INTO `base_dict_item` VALUES (1823992995331444736, 1823991280205041664, 'log_business_type', 'other', '其它', 9, 1, '', 0, '2024-08-15 15:59:52.895664', 0, '2024-08-15 15:59:52.896179', 0, 0);
INSERT INTO `base_dict_item` VALUES (1824050709768245248, 1824050661785407488, 'pay_status', 'progress', '支付中', 1, 1, '', 0, '2024-08-15 19:49:13.089640', 0, '2024-08-15 19:49:13.090167', 0, 0);
INSERT INTO `base_dict_item` VALUES (1824050750083895296, 1824050661785407488, 'pay_status', 'success', '支付成功', 2, 1, '', 0, '2024-08-15 19:49:22.701746', 1811365615815487488, '2024-08-16 11:24:17.998592', 1, 0);
INSERT INTO `base_dict_item` VALUES (1824050788306587648, 1824050661785407488, 'pay_status', 'close', '支付关闭', 3, 1, '', 0, '2024-08-15 19:49:31.814754', 0, '2024-08-15 19:49:31.815791', 0, 0);
INSERT INTO `base_dict_item` VALUES (1824050865460809728, 1824050661785407488, 'pay_status', 'cancel', '支付撤销', 4, 1, '', 0, '2024-08-15 19:49:50.209986', 0, '2024-08-15 19:49:50.211016', 0, 0);
INSERT INTO `base_dict_item` VALUES (1824050900651020288, 1824050661785407488, 'pay_status', 'fail', '支付失败', 5, 1, '', 0, '2024-08-15 19:49:58.599133', 1811365615815487488, '2024-08-16 11:24:23.458659', 1, 0);
INSERT INTO `base_dict_item` VALUES (1824050942044606464, 1824050661785407488, 'pay_status', 'timeout', '支付超时', 6, 1, '', 0, '2024-08-15 19:50:08.468537', 1811365615815487488, '2024-08-16 11:24:46.917090', 1, 0);
INSERT INTO `base_dict_item` VALUES (1824277802141618176, 1824277760341184512, 'pay_alloc_status', 'waiting', '待分账', 0, 1, '', 1811365615815487488, '2024-08-16 10:51:36.130124', 1811365615815487488, '2024-08-16 10:51:36.132199', 0, 0);
INSERT INTO `base_dict_item` VALUES (1824277833028472832, 1824277760341184512, 'pay_alloc_status', 'allocation', '已分账', 1, 1, '', 1811365615815487488, '2024-08-16 10:51:43.494007', 1811365615815487488, '2024-08-16 10:51:43.495030', 0, 0);
INSERT INTO `base_dict_item` VALUES (1824277977388027904, 1824277928167870464, 'pay_refund_status', 'no_refund', '未退款', 1, 1, '', 1811365615815487488, '2024-08-16 10:52:17.912141', 1811365615815487488, '2024-08-16 10:52:17.913687', 0, 0);
INSERT INTO `base_dict_item` VALUES (1824278014436315136, 1824277928167870464, 'pay_refund_status', 'refunding', '退款中', 2, 1, '', 1811365615815487488, '2024-08-16 10:52:26.745134', 1811365615815487488, '2024-08-16 10:52:26.746691', 0, 0);
INSERT INTO `base_dict_item` VALUES (1824278055448219648, 1824277928167870464, 'pay_refund_status', 'partial_refund', '部分退款', 3, 1, '', 1811365615815487488, '2024-08-16 10:52:36.523227', 1811365615815487488, '2024-08-16 10:52:36.525303', 0, 0);
INSERT INTO `base_dict_item` VALUES (1824278092886577152, 1824277928167870464, 'pay_refund_status', 'refunded', '全部退款', 4, 1, '', 1811365615815487488, '2024-08-16 10:52:45.449610', 1811365615815487488, '2024-08-16 10:52:45.451171', 0, 0);
INSERT INTO `base_dict_item` VALUES (1824285613860851712, 1824285303885008896, 'pay_method', 'wap', 'wap支付', 1, 1, '', 1811365615815487488, '2024-08-16 11:22:38.589166', 1811365615815487488, '2024-08-16 11:22:38.591274', 0, 0);
INSERT INTO `base_dict_item` VALUES (1824285656248487936, 1824285303885008896, 'pay_method', 'app', '应用支付', 2, 1, '', 1811365615815487488, '2024-08-16 11:22:48.695658', 1811365615815487488, '2024-08-16 11:22:48.696706', 0, 0);
INSERT INTO `base_dict_item` VALUES (1824285688691429376, 1824285303885008896, 'pay_method', 'web', 'web支付', 3, 1, '', 1811365615815487488, '2024-08-16 11:22:56.430664', 1811365615815487488, '2024-08-16 11:22:56.431781', 0, 0);
INSERT INTO `base_dict_item` VALUES (1824285724460453888, 1824285303885008896, 'pay_method', 'qrcode', '扫码支付', 4, 1, '', 1811365615815487488, '2024-08-16 11:23:04.958598', 1811365615815487488, '2024-08-16 11:23:04.959630', 0, 0);
INSERT INTO `base_dict_item` VALUES (1824285781570097152, 1824285303885008896, 'pay_method', 'barcode', '付款码', 5, 1, '', 1811365615815487488, '2024-08-16 11:23:18.575096', 1811365615815487488, '2024-08-16 11:23:18.576136', 0, 0);
INSERT INTO `base_dict_item` VALUES (1824285824247140352, 1824285303885008896, 'pay_method', 'jsapi', 'JSAPI', 6, 1, '', 1811365615815487488, '2024-08-16 11:23:28.749360', 1811365615815487488, '2024-09-30 15:52:13.571528', 1, 0);
INSERT INTO `base_dict_item` VALUES (1824287473090957312, 1824287281285435392, 'refund_status', 'progress', '退款中', 1, 1, '', 1811365615815487488, '2024-08-16 11:30:01.864717', 1811365615815487488, '2024-08-16 14:41:25.615219', 3, 0);
INSERT INTO `base_dict_item` VALUES (1824287508851593216, 1824287281285435392, 'refund_status', 'success', '退款成功', 2, 1, '', 1811365615815487488, '2024-08-16 11:30:10.390503', 1811365615815487488, '2024-08-16 14:42:12.062594', 2, 0);
INSERT INTO `base_dict_item` VALUES (1824287549255323648, 1824287281285435392, 'refund_status', 'close', '退款关闭', 3, 1, '', 1811365615815487488, '2024-08-16 11:30:20.023606', 1811365615815487488, '2024-08-16 11:30:20.025187', 0, 0);
INSERT INTO `base_dict_item` VALUES (1824287582604234752, 1824287281285435392, 'refund_status', 'fail', '退款失败', 4, 1, '', 1811365615815487488, '2024-08-16 11:30:27.975006', 1811365615815487488, '2024-08-16 11:30:27.976048', 0, 0);
INSERT INTO `base_dict_item` VALUES (1824342766219014144, 1824342698652971008, 'trade_flow_type', 'pay', '支付', 1, 1, '', 1811365615815487488, '2024-08-16 15:09:44.773758', 1811365615815487488, '2024-08-16 15:09:44.775326', 0, 0);
INSERT INTO `base_dict_item` VALUES (1824355204762988544, 1824342698652971008, 'trade_flow_type', 'refund', '退款', 2, 1, '', 1811365615815487488, '2024-08-16 15:59:10.355171', 1811365615815487488, '2024-08-16 15:59:10.357981', 0, 0);
INSERT INTO `base_dict_item` VALUES (1824355244650819584, 1824342698652971008, 'trade_flow_type', 'transfer', '转账', 3, 1, '', 1811365615815487488, '2024-08-16 15:59:19.863146', 1811365615815487488, '2024-08-16 15:59:19.864715', 0, 0);
INSERT INTO `base_dict_item` VALUES (1824791684567949312, 1824791500966486016, 'trade_type', 'pay', '支付', 1, 1, '', 1811365615815487488, '2024-08-17 20:53:35.248127', 1811365615815487488, '2024-08-17 20:53:35.250234', 0, 0);
INSERT INTO `base_dict_item` VALUES (1824791718273376256, 1824791500966486016, 'trade_type', 'refund', '退款', 2, 1, '', 1811365615815487488, '2024-08-17 20:53:43.284373', 1811365615815487488, '2024-08-17 20:53:43.286467', 0, 0);
INSERT INTO `base_dict_item` VALUES (1824791757586587648, 1824791500966486016, 'trade_type', 'transfer', '转账', 3, 1, '', 1811365615815487488, '2024-08-17 20:53:52.657076', 1811365615815487488, '2024-08-17 20:53:52.658634', 0, 0);
INSERT INTO `base_dict_item` VALUES (1825135534352588800, 1825134996013670400, 'transfer_status', 'progress', '转账中', 1, 1, '', 1811365615815487488, '2024-08-18 19:39:55.425814', 1811365615815487488, '2024-08-18 19:39:55.426857', 0, 0);
INSERT INTO `base_dict_item` VALUES (1825135567118491648, 1825134996013670400, 'transfer_status', 'success', '转账成功', 2, 1, '', 1811365615815487488, '2024-08-18 19:40:03.237571', 1811365615815487488, '2024-08-18 19:40:03.239650', 0, 0);
INSERT INTO `base_dict_item` VALUES (1825135606624641024, 1825134996013670400, 'transfer_status', 'close', '转账关闭', 3, 1, '', 1811365615815487488, '2024-08-18 19:40:12.656436', 1811365615815487488, '2024-08-18 19:40:12.658005', 0, 0);
INSERT INTO `base_dict_item` VALUES (1825135653311438848, 1825134996013670400, 'transfer_status', 'fail', '转账失败', 4, 1, '', 1811365615815487488, '2024-08-18 19:40:23.787206', 1811365615815487488, '2024-08-18 19:40:23.788928', 0, 0);
INSERT INTO `base_dict_item` VALUES (1825171620147658752, 1825135068277334016, 'transfer_payee_type', 'user_id', '用户ID', 1, 1, '', 1811365615815487488, '2024-08-18 22:03:18.950900', 1811365615815487488, '2025-04-13 18:57:24.109011', 2, 0);
INSERT INTO `base_dict_item` VALUES (1825171656562606080, 1825135068277334016, 'transfer_payee_type', 'open_id', 'OpenId', 2, 1, '', 1811365615815487488, '2024-08-18 22:03:27.631478', 1811365615815487488, '2025-04-13 18:57:37.662140', 2, 0);
INSERT INTO `base_dict_item` VALUES (1825171693782859776, 1825135068277334016, 'transfer_payee_type', 'login_name', '用户账号', 3, 1, '', 1811365615815487488, '2024-08-18 22:03:36.505827', 1811365615815487488, '2025-04-13 18:57:48.854357', 2, 0);
INSERT INTO `base_dict_item` VALUES (1825174775472226304, 1825174702763966464, 'callback_status', 'success', '成功', 1, 1, '', 1811365615815487488, '2024-08-18 22:15:51.237972', 1811365615815487488, '2024-08-18 22:15:51.239535', 0, 0);
INSERT INTO `base_dict_item` VALUES (1825174809592889344, 1825174702763966464, 'callback_status', 'fail', '失败', 2, 1, '', 1811365615815487488, '2024-08-18 22:15:59.372735', 1811365615815487488, '2024-08-18 22:15:59.374281', 0, 0);
INSERT INTO `base_dict_item` VALUES (1825174854148980736, 1825174702763966464, 'callback_status', 'ignore', '忽略', 3, 1, '', 1811365615815487488, '2024-08-18 22:16:09.995547', 1811365615815487488, '2024-08-18 22:16:09.997194', 0, 0);
INSERT INTO `base_dict_item` VALUES (1825174898629574656, 1825174702763966464, 'callback_status', 'exception', '异常', 4, 1, '', 1811365615815487488, '2024-08-18 22:16:20.600541', 1811365615815487488, '2024-08-18 22:16:20.602111', 0, 0);
INSERT INTO `base_dict_item` VALUES (1825174939188494336, 1825174702763966464, 'callback_status', 'not_found', '未找到', 5, 1, '', 1811365615815487488, '2024-08-18 22:16:30.270155', 1811365615815487488, '2024-08-18 22:16:30.271194', 0, 0);
INSERT INTO `base_dict_item` VALUES (1825349495736041472, 1823688893108133888, 'close_type', 'close', '关闭', 1, 1, '', 1811365615815487488, '2024-08-19 09:50:07.795169', 1811365615815487488, '2024-08-19 09:50:07.800044', 0, 0);
INSERT INTO `base_dict_item` VALUES (1825349620168458240, 1823688893108133888, 'close_type', 'cancel', '撤销', 2, 1, '', 1811365615815487488, '2024-08-19 09:50:37.461827', 1811365615815487488, '2024-08-19 09:50:37.463384', 0, 0);
INSERT INTO `base_dict_item` VALUES (1825408094978043904, 1825408039604842496, 'notice_send_type', 'auto', '自动发送', 0, 1, '', 1811365615815487488, '2024-08-19 13:42:58.942888', 1811365615815487488, '2024-08-19 13:42:58.944443', 0, 0);
INSERT INTO `base_dict_item` VALUES (1825408129895624704, 1825408039604842496, 'notice_send_type', 'manual', '手动发送', 1, 1, '', 1811365615815487488, '2024-08-19 13:43:07.267986', 1811365615815487488, '2024-08-19 13:43:07.269622', 0, 0);
INSERT INTO `base_dict_item` VALUES (1826059984439037952, 1826059944274382848, 'reconcile_discrepancy_type', 'consistent', '一致', 1, 1, '', 1811365615815487488, '2024-08-21 08:53:21.501721', 1811365615815487488, '2024-08-21 08:53:21.503286', 0, 0);
INSERT INTO `base_dict_item` VALUES (1826060020057067520, 1826059944274382848, 'reconcile_discrepancy_type', 'local_not_exists', '本地订单不存在', 2, 1, '', 1811365615815487488, '2024-08-21 08:53:29.993418', 1811365615815487488, '2024-08-21 08:53:29.995625', 0, 0);
INSERT INTO `base_dict_item` VALUES (1826060059160563712, 1826059944274382848, 'reconcile_discrepancy_type', 'remote_not_exists', '远程订单不存在', 3, 1, '', 1811365615815487488, '2024-08-21 08:53:39.317457', 1811365615815487488, '2024-08-21 08:53:39.319039', 0, 0);
INSERT INTO `base_dict_item` VALUES (1826060094858285056, 1826059944274382848, 'reconcile_discrepancy_type', 'not_match', '订单信息不一致', 4, 1, '', 1811365615815487488, '2024-08-21 08:53:47.827207', 1811365615815487488, '2024-08-21 15:04:30.959401', 1, 0);
INSERT INTO `base_dict_item` VALUES (1826061121699401728, 1826061072412135424, 'reconcile_result', 'consistent', '一致', 1, 1, '', 1811365615815487488, '2024-08-21 08:57:52.645403', 1811365615815487488, '2024-08-21 08:57:52.647474', 0, 0);
INSERT INTO `base_dict_item` VALUES (1826061151613177856, 1826061072412135424, 'reconcile_result', 'inconsistent', '不一致', 0, 1, '', 1811365615815487488, '2024-08-21 08:57:59.777037', 1811365615815487488, '2024-08-21 08:57:59.779755', 0, 0);
INSERT INTO `base_dict_item` VALUES (1826143984713056256, 1826143914542350336, 'trade_status', 'success', '成功', 1, 1, '', 1811365615815487488, '2024-08-21 14:27:08.727788', 1811365615815487488, '2024-08-21 14:27:08.730433', 0, 0);
INSERT INTO `base_dict_item` VALUES (1826144018259099648, 1826143914542350336, 'trade_status', 'fail', '失败', 2, 1, '', 1811365615815487488, '2024-08-21 14:27:16.725384', 1811365615815487488, '2024-08-21 14:27:16.728032', 0, 0);
INSERT INTO `base_dict_item` VALUES (1826144059224866816, 1826143914542350336, 'trade_status', 'closed', '关闭', 3, 1, '', 1811365615815487488, '2024-08-21 14:27:26.492306', 1811365615815487488, '2024-08-21 14:27:26.494438', 0, 0);
INSERT INTO `base_dict_item` VALUES (1826144095107137536, 1826143914542350336, 'trade_status', 'revoked', '撤销', 4, 1, '', 1811365615815487488, '2024-08-21 14:27:35.047073', 1811365615815487488, '2024-08-21 14:27:35.049164', 0, 0);
INSERT INTO `base_dict_item` VALUES (1826521714671509504, 1826143914542350336, 'trade_status', 'progress', '执行中', 0, 1, '', 1811365615815487488, '2024-08-22 15:28:06.569615', 1811365615815487488, '2024-08-22 15:28:06.575032', 0, 0);
INSERT INTO `base_dict_item` VALUES (1826523501021388800, 1826143914542350336, 'trade_status', 'exception', '异常', 5, 1, '', 1811365615815487488, '2024-08-22 15:35:12.466889', 1811365615815487488, '2024-08-22 15:35:12.469054', 0, 0);
INSERT INTO `base_dict_item` VALUES (1840650104185905152, 1840650057641713664, 'cashier_code_type', 'wechat_pay', '微信码牌', 1, 1, '', 1811365615815487488, '2024-09-30 15:09:17.120403', 1811365615815487488, '2025-04-11 17:39:56.349745', 1, 0);
INSERT INTO `base_dict_item` VALUES (1840650136427520000, 1840650057641713664, 'cashier_code_type', 'alipay', '支付宝码牌', 2, 1, '', 1811365615815487488, '2024-09-30 15:09:24.807694', 1811365615815487488, '2025-04-11 17:39:59.702197', 1, 0);
INSERT INTO `base_dict_item` VALUES (1856211046487310336, 1856210887078592512, 'isv_apply_type', 'face_to_face', '当面付', 0, 1, '', 1811365615815487488, '2024-11-12 13:42:54.873669', 1811365615815487488, '2024-11-12 13:42:54.873669', 0, 0);
INSERT INTO `base_dict_item` VALUES (1856211079995604992, 1856210887078592512, 'isv_apply_type', 'app', 'APP', 0, 1, '', 1811365615815487488, '2024-11-12 13:43:02.862935', 1811365615815487488, '2024-11-12 13:43:02.862935', 0, 0);
INSERT INTO `base_dict_item` VALUES (1856211121552769024, 1856210887078592512, 'isv_apply_type', 'jsapi', 'JSAPI', 0, 1, '', 1811365615815487488, '2024-11-12 13:43:12.770731', 1811365615815487488, '2024-11-12 13:43:12.770731', 0, 0);
INSERT INTO `base_dict_item` VALUES (1856211163747467264, 1856210887078592512, 'isv_apply_type', 'pay_auth', '预授权支付', 0, 1, '', 1811365615815487488, '2024-11-12 13:43:22.830023', 1811365615815487488, '2024-11-12 13:43:22.830023', 0, 0);
INSERT INTO `base_dict_item` VALUES (1856211190205136896, 1856210887078592512, 'isv_apply_type', 'wap', '手机网站支付', 0, 1, '', 1811365615815487488, '2024-11-12 13:43:29.138683', 1811365615815487488, '2024-11-12 13:43:29.138683', 0, 0);
INSERT INTO `base_dict_item` VALUES (1856211218642518016, 1856210887078592512, 'isv_apply_type', 'web', '电脑网站支付', 0, 1, '', 1811365615815487488, '2024-11-12 13:43:35.918305', 1811365615815487488, '2024-11-12 13:43:35.918305', 0, 0);
INSERT INTO `base_dict_item` VALUES (1856211246559805440, 1856210887078592512, 'isv_apply_type', 'order_code', '订单码支付', 0, 1, '', 1811365615815487488, '2024-11-12 13:43:42.574450', 1811365615815487488, '2024-11-12 13:43:42.574450', 0, 0);
INSERT INTO `base_dict_item` VALUES (1857712198270574592, 1856269612988506112, 'isv_apply_status', 'draft', '草稿', 1, 1, '', 1811365615815487488, '2024-11-16 17:07:57.349825', 1811365615815487488, '2024-11-16 17:07:57.350342', 0, 0);
INSERT INTO `base_dict_item` VALUES (1857712264565743616, 1856269612988506112, 'isv_apply_status', 'apply', '申请中', 2, 1, '', 1811365615815487488, '2024-11-16 17:08:13.154553', 1811365615815487488, '2024-11-16 17:08:13.154553', 0, 0);
INSERT INTO `base_dict_item` VALUES (1857712328755372032, 1856269612988506112, 'isv_apply_status', 'pass', '通过', 4, 1, '', 1811365615815487488, '2024-11-16 17:08:28.458361', 1811365615815487488, '2024-11-16 17:08:28.458361', 0, 0);
INSERT INTO `base_dict_item` VALUES (1857712359738695680, 1856269612988506112, 'isv_apply_status', 'fail', '失败', 5, 1, '', 1811365615815487488, '2024-11-16 17:08:35.845420', 1811365615815487488, '2024-11-16 17:08:35.845420', 0, 0);
INSERT INTO `base_dict_item` VALUES (1864182908966182912, 1824050661785407488, 'pay_status', 'wait', '待支付', 0, 1, '', 1811365615815487488, '2024-12-04 13:40:15.000000', 1811365615815487488, '2024-12-04 13:40:15.000000', 0, 0);
INSERT INTO `base_dict_item` VALUES (1864182908966182913, 1856269612988506112, 'isv_apply_status', 'reject', '驳回', 3, 1, '', 1811365615815487488, '2024-11-16 17:08:20.373254', 1811365615815487488, '2024-11-16 17:08:20.373254', 0, 0);
INSERT INTO `base_dict_item` VALUES (1866464774637334528, 1866464725509451776, 'allocation_result', 'all_pending', '处理中', 1, 1, '', 1811365615815487488, '2024-12-10 20:47:34.169368', 1811365615815487488, '2024-12-21 12:49:37.190827', 1, 0);
INSERT INTO `base_dict_item` VALUES (1866464805046038528, 1866464725509451776, 'allocation_result', 'all_success', '全部成功', 2, 1, '', 1811365615815487488, '2024-12-10 20:47:41.420831', 1811365615815487488, '2024-12-10 20:47:41.470313', 0, 0);
INSERT INTO `base_dict_item` VALUES (1866464833135292416, 1866464725509451776, 'allocation_result', 'part_success', '部分成功', 3, 1, '', 1811365615815487488, '2024-12-10 20:47:48.116111', 1811365615815487488, '2024-12-10 20:47:48.166469', 0, 0);
INSERT INTO `base_dict_item` VALUES (1866464863468498944, 1866464725509451776, 'allocation_result', 'all_failed', '全部失败', 4, 1, '', 1811365615815487488, '2024-12-10 20:47:55.348417', 1811365615815487488, '2024-12-10 20:47:55.398755', 0, 0);
INSERT INTO `base_dict_item` VALUES (1866464981567516672, 1866464929205825536, 'allocation_status', 'processing', '分账处理中', 0, 1, '', 1811365615815487488, '2024-12-10 20:48:23.505353', 1811365615815487488, '2024-12-10 20:48:23.556234', 0, 0);
INSERT INTO `base_dict_item` VALUES (1866465026735976448, 1866464929205825536, 'allocation_status', 'alloc_end', '分账处理完成', 1, 1, '', 1811365615815487488, '2024-12-10 20:48:34.274079', 1811365615815487488, '2024-12-10 20:48:34.325865', 0, 0);
INSERT INTO `base_dict_item` VALUES (1866465071711498240, 1866464929205825536, 'allocation_status', 'alloc_failed', '分账失败', 2, 1, '', 1811365615815487488, '2024-12-10 20:48:44.997816', 1811365615815487488, '2024-12-10 20:49:06.160830', 1, 0);
INSERT INTO `base_dict_item` VALUES (1866465123091722240, 1866464929205825536, 'allocation_status', 'finish', '分账完结', 3, 1, '', 1811365615815487488, '2024-12-10 20:48:57.247403', 1811365615815487488, '2024-12-10 20:48:57.299907', 0, 0);
INSERT INTO `base_dict_item` VALUES (1866465201684590592, 1866464929205825536, 'allocation_status', 'finish_failed', '完结失败', 4, 1, '', 1811365615815487488, '2024-12-10 20:49:15.985582', 1811365615815487488, '2024-12-10 20:49:16.037116', 0, 0);
INSERT INTO `base_dict_item` VALUES (1866465239626264576, 1866464929205825536, 'allocation_status', 'ignore', '忽略', 55, 1, '', 1811365615815487488, '2024-12-10 20:49:25.031927', 1811365615815487488, '2024-12-10 20:49:25.082125', 0, 0);
INSERT INTO `base_dict_item` VALUES (1866861458925617152, 1866861372363571200, 'alloc_detail_result', 'pending', '待分账', 1, 1, '', 1811365615815487488, '2024-12-11 23:03:51.073647', 1811365615815487488, '2024-12-11 23:03:51.127245', 0, 0);
INSERT INTO `base_dict_item` VALUES (1866861495659331584, 1866861372363571200, 'alloc_detail_result', 'success', '分账成功', 2, 1, '', 1811365615815487488, '2024-12-11 23:03:59.831758', 1811365615815487488, '2024-12-11 23:03:59.873336', 0, 0);
INSERT INTO `base_dict_item` VALUES (1866861545068232704, 1866861372363571200, 'alloc_detail_result', 'fail', '分账失败', 3, 1, '', 1811365615815487488, '2024-12-11 23:04:11.611702', 1811365615815487488, '2024-12-11 23:04:11.656702', 0, 0);
INSERT INTO `base_dict_item` VALUES (1866861581097304064, 1866861372363571200, 'alloc_detail_result', 'ignore', '忽略分账', 4, 1, '', 1811365615815487488, '2024-12-11 23:04:20.201202', 1811365615815487488, '2024-12-11 23:04:20.243202', 0, 0);
INSERT INTO `base_dict_item` VALUES (1868487333327204352, 1824791500966486016, 'trade_type', 'allocation', '分账', 4, 1, '', 1811365615815487488, '2024-12-16 10:44:29.738737', 1811365615815487488, '2024-12-16 21:01:28.961731', 1, 0);
INSERT INTO `base_dict_item` VALUES (1868946985244528640, 1823969170598400000, 'notify_content_type', 'allocation', '分账订单变动通知', 4, 1, '', 1811365615815487488, '2024-12-17 17:10:59.295517', 1811365615815487488, '2024-12-17 17:10:59.352198', 0, 0);
INSERT INTO `base_dict_item` VALUES (1872184657928880128, 1823688398549360640, 'channel', 'leshua_pay', '乐刷支付', 6, 1, '', 1811365615815487488, '2024-12-26 15:36:20.618842', 1811365615815487488, '2024-12-26 15:36:20.618842', 0, 0);
INSERT INTO `base_dict_item` VALUES (1872657803645132800, 1824285303885008896, 'pay_method', 'other', '其他支付', 7, 1, '', 1811365615815487488, '2024-12-27 22:56:27.345232', 1811365615815487488, '2024-12-27 22:56:35.070426', 1, 0);
INSERT INTO `base_dict_item` VALUES (1875419967370358784, 1875419885631762432, 'merchant_type', 'common', '普通商户', 1, 1, '', 1811365615815487488, '2025-01-04 13:52:18.496234', 1811365615815487488, '2025-01-04 13:52:18.496234', 0, 0);
INSERT INTO `base_dict_item` VALUES (1875419999695859712, 1875419885631762432, 'merchant_type', 'partner', '特约商户', 2, 1, '', 1811365615815487488, '2025-01-04 13:52:26.203529', 1811365615815487488, '2025-01-04 13:52:26.203529', 0, 0);
INSERT INTO `base_dict_item` VALUES (1876194025137569792, 1856210887078592512, 'isv_apply_type', 'merchant', '商户进件', 0, 1, '', 1811365615815487488, '2025-01-06 17:08:08.249473', 1811365615815487488, '2025-01-06 17:08:08.249473', 0, 0);
INSERT INTO `base_dict_item` VALUES (1877261586855976960, 1823688398549360640, 'channel', 'vbill_pay', '随行付', 7, 1, '', 1811365615815487488, '2025-01-09 15:50:14.800663', 1811365615815487488, '2025-01-09 15:50:14.803227', 0, 0);
INSERT INTO `base_dict_item` VALUES (1888773697285218304, 1843536439208931328, 'alloc_receiver_type', 'merchant_no', '商户号', 0, 1, '', 1811365615815487488, '2025-02-10 10:15:15.809989', 1811365615815487488, '2025-02-10 10:15:15.810530', 0, 0);
INSERT INTO `base_dict_item` VALUES (1888773731011616768, 1843536439208931328, 'alloc_receiver_type', 'user_id', '用户ID', 1, 1, '', 1811365615815487488, '2025-02-10 10:15:23.849753', 1811365615815487488, '2025-02-10 10:15:23.849753', 0, 0);
INSERT INTO `base_dict_item` VALUES (1888773764717043712, 1843536439208931328, 'alloc_receiver_type', 'open_id', 'openId', 2, 1, '', 1811365615815487488, '2025-02-10 10:15:31.885648', 1811365615815487488, '2025-02-10 10:15:31.885648', 0, 0);
INSERT INTO `base_dict_item` VALUES (1888773804181250048, 1843536439208931328, 'alloc_receiver_type', 'login_name', '登录账号', 3, 1, '', 1811365615815487488, '2025-02-10 10:15:41.294216', 1811365615815487488, '2025-02-10 10:15:41.294216', 0, 0);
INSERT INTO `base_dict_item` VALUES (1889591986018111488, 1889586857340620800, 'user_status', 'normal', '正常', 0, 1, '', 1811365615815487488, '2025-02-12 16:26:51.045422', 1811365615815487488, '2025-02-12 16:26:51.045422', 0, 0);
INSERT INTO `base_dict_item` VALUES (1889592019199250432, 1889586857340620800, 'user_status', 'lock', '锁定', 1, 1, '', 1811365615815487488, '2025-02-12 16:26:58.956727', 1811365615815487488, '2025-04-24 17:49:33.789859', 1, 0);
INSERT INTO `base_dict_item` VALUES (1889592060567670784, 1889586857340620800, 'user_status', 'ban', '封禁(未实装)', 2, 1, '', 1811365615815487488, '2025-02-12 16:27:08.819761', 1811365615815487488, '2025-04-24 17:49:29.838502', 2, 0);
INSERT INTO `base_dict_item` VALUES (1889681884026257408, 1889681841244356608, 'isv_status', 'disabled', '禁用', 1, 1, '', 1811365615815487488, '2025-02-12 22:24:04.400184', 1811365615815487488, '2025-02-12 22:24:21.226792', 1, 0);
INSERT INTO `base_dict_item` VALUES (1889681926099320832, 1889681841244356608, 'isv_status', 'enable', '启用', 0, 1, '', 1811365615815487488, '2025-02-12 22:24:14.431976', 1811365615815487488, '2025-02-12 22:24:14.431976', 0, 0);
INSERT INTO `base_dict_item` VALUES (1889977370807894016, 1889977324553109504, 'ls_alloc_apply_status', '0', '未开通', 0, 1, '', 1811365615815487488, '2025-02-13 17:58:13.939200', 1811365615815487488, '2025-02-13 17:58:13.939200', 0, 0);
INSERT INTO `base_dict_item` VALUES (1889977402076430336, 1889977324553109504, 'ls_alloc_apply_status', '1', '已开通', 1, 1, '', 1811365615815487488, '2025-02-13 17:58:21.394765', 1811365615815487488, '2025-02-13 17:58:21.394765', 0, 0);
INSERT INTO `base_dict_item` VALUES (1889977435039465472, 1889977324553109504, 'ls_alloc_apply_status', '2', '商户主动关闭', 2, 1, '', 1811365615815487488, '2025-02-13 17:58:29.253528', 1811365615815487488, '2025-02-13 17:58:29.253528', 0, 0);
INSERT INTO `base_dict_item` VALUES (1889977465288785920, 1889977324553109504, 'ls_alloc_apply_status', '3', '待审核', 3, 1, '', 1811365615815487488, '2025-02-13 17:58:36.465236', 1811365615815487488, '2025-02-13 17:58:36.465236', 0, 0);
INSERT INTO `base_dict_item` VALUES (1889977493034106880, 1889977324553109504, 'ls_alloc_apply_status', '4', '冻结', 4, 1, '', 1811365615815487488, '2025-02-13 17:58:43.080809', 1811365615815487488, '2025-02-13 17:58:43.080809', 0, 0);
INSERT INTO `base_dict_item` VALUES (1889977648978329600, 1889977324553109504, 'ls_alloc_apply_status', '5', '注销', 5, 1, '', 1811365615815487488, '2025-02-13 17:59:20.261674', 1811365615815487488, '2025-02-13 17:59:20.261674', 0, 0);
INSERT INTO `base_dict_item` VALUES (1889977692632645632, 1889977324553109504, 'ls_alloc_apply_status', '6', '待签合同', 6, 1, '', 1811365615815487488, '2025-02-13 17:59:30.668059', 1811365615815487488, '2025-02-13 17:59:30.668059', 0, 0);
INSERT INTO `base_dict_item` VALUES (1890004898327105536, 1889977324553109504, 'ls_alloc_apply_status', 'draft', '草稿', -1, 1, '', 1811365615815487488, '2025-02-13 19:47:37.011660', 1811365615815487488, '2025-02-13 19:47:37.011660', 0, 0);
INSERT INTO `base_dict_item` VALUES (1890006380447338496, 1889977324553109504, 'ls_alloc_apply_status', 'fail', '失败', 99, 1, '', 1811365615815487488, '2025-02-13 19:53:30.376368', 1811365615815487488, '2025-02-13 19:53:30.376368', 0, 0);
INSERT INTO `base_dict_item` VALUES (1891379225517686784, 1891378565338431488, 'alloc_relation_type', 'service_provider', '服务商', 1, 1, '', 1811365615815487488, '2025-02-17 14:48:42.147068', 1811365615815487488, '2025-02-17 14:48:42.147068', 0, 0);
INSERT INTO `base_dict_item` VALUES (1891379255985111040, 1891378565338431488, 'alloc_relation_type', 'store', '门店', 2, 1, '', 1811365615815487488, '2025-02-17 14:48:49.411401', 1811365615815487488, '2025-02-17 14:48:49.411401', 0, 0);
INSERT INTO `base_dict_item` VALUES (1891379287165566976, 1891378565338431488, 'alloc_relation_type', 'staff', '员工', 3, 1, '', 1811365615815487488, '2025-02-17 14:48:56.845248', 1811365615815487488, '2025-02-17 14:48:56.845248', 0, 0);
INSERT INTO `base_dict_item` VALUES (1891379325832855552, 1891378565338431488, 'alloc_relation_type', 'store_owner', '店主', 4, 1, '', 1811365615815487488, '2025-02-17 14:49:06.064681', 1811365615815487488, '2025-02-17 14:49:06.064681', 0, 0);
INSERT INTO `base_dict_item` VALUES (1891379359680888832, 1891378565338431488, 'alloc_relation_type', 'partner', '合作伙伴', 5, 1, '', 1811365615815487488, '2025-02-17 14:49:14.134484', 1811365615815487488, '2025-02-17 14:49:14.134484', 0, 0);
INSERT INTO `base_dict_item` VALUES (1891379399916847104, 1891378565338431488, 'alloc_relation_type', 'headquarter', '总部', 6, 1, '', 1811365615815487488, '2025-02-17 14:49:23.728587', 1811365615815487488, '2025-02-17 14:49:23.728587', 0, 0);
INSERT INTO `base_dict_item` VALUES (1891379431076331520, 1891378565338431488, 'alloc_relation_type', 'brand', '品牌方', 7, 1, '', 1811365615815487488, '2025-02-17 14:49:31.156555', 1811365615815487488, '2025-02-17 14:49:31.156555', 0, 0);
INSERT INTO `base_dict_item` VALUES (1891379462323896320, 1891378565338431488, 'alloc_relation_type', 'distributor', '分销商', 8, 1, '', 1811365615815487488, '2025-02-17 14:49:38.606884', 1811365615815487488, '2025-02-17 14:49:38.606884', 0, 0);
INSERT INTO `base_dict_item` VALUES (1891379498185195520, 1891378565338431488, 'alloc_relation_type', 'user', '用户', 9, 1, '', 1811365615815487488, '2025-02-17 14:49:47.156598', 1811365615815487488, '2025-02-17 14:49:47.156598', 0, 0);
INSERT INTO `base_dict_item` VALUES (1891379531425054720, 1891378565338431488, 'alloc_relation_type', 'supplier', '供应商', 10, 1, '', 1811365615815487488, '2025-02-17 14:49:55.081286', 1811365615815487488, '2025-02-17 14:49:55.081286', 0, 0);
INSERT INTO `base_dict_item` VALUES (1891379570176229376, 1891378565338431488, 'alloc_relation_type', 'custom', '自定义', 11, 1, '', 1811365615815487488, '2025-02-17 14:50:04.320589', 1811365615815487488, '2025-02-17 14:50:04.320589', 0, 0);
INSERT INTO `base_dict_item` VALUES (1894013695814578176, 1894013347259527168, 'vbill_alloc_apply_status', 'draft', '草稿', 0, 1, '', 1811365615815487488, '2025-02-24 21:17:08.812915', 1811365615815487488, '2025-02-24 21:17:08.812915', 0, 0);
INSERT INTO `base_dict_item` VALUES (1894013768258596864, 1894013347259527168, 'vbill_alloc_apply_status', '00', '未签约', 1, 1, '已发送链接，未签约', 1811365615815487488, '2025-02-24 21:17:26.084678', 1811365615815487488, '2025-02-24 21:17:57.281602', 1, 0);
INSERT INTO `base_dict_item` VALUES (1894013869932720128, 1894013347259527168, 'vbill_alloc_apply_status', '01', '签约失败', 2, 1, '', 1811365615815487488, '2025-02-24 21:17:50.325483', 1811365615815487488, '2025-02-24 21:18:16.909489', 1, 0);
INSERT INTO `base_dict_item` VALUES (1894013940967452672, 1894013347259527168, 'vbill_alloc_apply_status', '02', '签约成功', 3, 1, '', 1811365615815487488, '2025-02-24 21:18:07.261749', 1811365615815487488, '2025-02-24 21:18:07.261749', 0, 0);
INSERT INTO `base_dict_item` VALUES (1894014027487555584, 1894013347259527168, 'vbill_alloc_apply_status', '03', '未签约', 4, 1, '', 1811365615815487488, '2025-02-24 21:18:27.889169', 1811365615815487488, '2025-02-24 21:18:45.516747', 1, 0);
INSERT INTO `base_dict_item` VALUES (1894014081355001856, 1894013347259527168, 'vbill_alloc_apply_status', '04', '审批中', 5, 1, '', 1811365615815487488, '2025-02-24 21:18:40.732773', 1811365615815487488, '2025-02-24 21:18:40.732773', 0, 0);
INSERT INTO `base_dict_item` VALUES (1894021259491061760, 1894015467740246016, 'vbill_alloc_sign_type', '00', '接口签约', 0, 1, '', 1811365615815487488, '2025-02-24 21:47:12.133533', 1811365615815487488, '2025-02-24 21:47:12.134535', 0, 0);
INSERT INTO `base_dict_item` VALUES (1894021298082852864, 1894015467740246016, 'vbill_alloc_sign_type', '01', '短信签约', 2, 1, '', 1811365615815487488, '2025-02-24 21:47:21.334094', 1811365615815487488, '2025-02-24 21:47:21.334094', 0, 0);
INSERT INTO `base_dict_item` VALUES (1894021337970683904, 1894015467740246016, 'vbill_alloc_sign_type', '02', '线下签约', 3, 1, '', 1811365615815487488, '2025-02-24 21:47:30.845767', 1811365615815487488, '2025-02-24 21:47:30.845767', 0, 0);
INSERT INTO `base_dict_item` VALUES (1895092527858520064, 1856269612988506112, 'isv_apply_status', 'sign', '待签署', 6, 1, '', 1811365615815487488, '2025-02-27 20:44:02.416854', 1811365615815487488, '2025-02-27 20:44:13.154595', 1, 0);
INSERT INTO `base_dict_item` VALUES (1895092617671151616, 1856269612988506112, 'isv_apply_status', 'opening', '开通中', 7, 1, '', 1811365615815487488, '2025-02-27 20:44:23.828200', 1811365615815487488, '2025-02-27 20:44:23.828200', 0, 0);
INSERT INTO `base_dict_item` VALUES (1896827299392204800, 1823688398549360640, 'channel', 'ada_pay', '汇付天下', 8, 1, '', 1811365615815487488, '2025-03-04 15:37:24.180065', 1811365615815487488, '2025-03-04 15:37:24.180065', 0, 0);
INSERT INTO `base_dict_item` VALUES (1898988685824200704, 1898988643046494208, 'terminal_device_type', '01', '自动柜员机', 1, 1, '', 1811365615815487488, '2025-03-10 14:45:58.861725', 1811365615815487488, '2025-03-10 14:45:58.861725', 0, 0);
INSERT INTO `base_dict_item` VALUES (1898988727935012864, 1898988643046494208, 'terminal_device_type', '02', '传统POS', 2, 1, '', 1811365615815487488, '2025-03-10 14:46:08.901899', 1811365615815487488, '2025-03-10 14:46:08.901899', 0, 0);
INSERT INTO `base_dict_item` VALUES (1898988762575769600, 1898988643046494208, 'terminal_device_type', '03', 'mPOS', 3, 1, '', 1811365615815487488, '2025-03-10 14:46:17.160448', 1811365615815487488, '2025-03-10 14:46:17.160448', 0, 0);
INSERT INTO `base_dict_item` VALUES (1898988794859327488, 1898988643046494208, 'terminal_device_type', '04', '智能POS', 4, 1, '', 1811365615815487488, '2025-03-10 14:46:24.857156', 1811365615815487488, '2025-03-10 14:46:24.857156', 0, 0);
INSERT INTO `base_dict_item` VALUES (1898988848986820608, 1898988643046494208, 'terminal_device_type', '05', 'II型固定电话', 5, 1, '', 1811365615815487488, '2025-03-10 14:46:37.762076', 1811365615815487488, '2025-03-10 14:46:37.762076', 0, 0);
INSERT INTO `base_dict_item` VALUES (1898988888924983296, 1898988643046494208, 'terminal_device_type', '06', '云闪付终端', 6, 1, '', 1811365615815487488, '2025-03-10 14:46:47.284527', 1811365615815487488, '2025-03-10 14:46:47.284527', 0, 0);
INSERT INTO `base_dict_item` VALUES (1898988925247655936, 1898988643046494208, 'terminal_device_type', '07', '保留使用', 7, 1, '', 1811365615815487488, '2025-03-10 14:46:55.944691', 1811365615815487488, '2025-03-10 14:46:55.944691', 0, 0);
INSERT INTO `base_dict_item` VALUES (1898988965819158528, 1898988643046494208, 'terminal_device_type', '08', '手机POS', 8, 1, '', 1811365615815487488, '2025-03-10 14:47:05.617715', 1811365615815487488, '2025-03-10 14:47:05.617715', 0, 0);
INSERT INTO `base_dict_item` VALUES (1898989007325990912, 1898988643046494208, 'terminal_device_type', '09', '刷脸付终端', 9, 1, '', 1811365615815487488, '2025-03-10 14:47:15.513607', 1811365615815487488, '2025-03-10 14:47:15.513607', 0, 0);
INSERT INTO `base_dict_item` VALUES (1898989041664757760, 1898988643046494208, 'terminal_device_type', '10', '条码支付受理终端', 10, 1, '', 1811365615815487488, '2025-03-10 14:47:23.700770', 1811365615815487488, '2025-03-10 14:47:23.700770', 0, 0);
INSERT INTO `base_dict_item` VALUES (1898989074904616960, 1898988643046494208, 'terminal_device_type', '11', '辅助受理终端', 11, 1, '', 1811365615815487488, '2025-03-10 14:47:31.625967', 1811365615815487488, '2025-03-10 14:47:31.625967', 0, 0);
INSERT INTO `base_dict_item` VALUES (1898989160216760320, 1898988643046494208, 'terminal_device_type', '12', '行业终端', 12, 1, '', 1811365615815487488, '2025-03-10 14:47:51.965822', 1811365615815487488, '2025-03-10 14:47:51.965822', 0, 0);
INSERT INTO `base_dict_item` VALUES (1898989202864443392, 1898988643046494208, 'terminal_device_type', '13', 'MIS终端', 13, 1, '', 1811365615815487488, '2025-03-10 14:48:02.133661', 1811365615815487488, '2025-03-10 14:48:02.133661', 0, 0);
INSERT INTO `base_dict_item` VALUES (1899038475266097152, 1899038420995997696, 'channel_terminal_status', 'wait', '未报送', 1, 1, '', 1811365615815487488, '2025-03-10 18:03:49.589168', 1811365615815487488, '2025-03-12 22:40:53.647788', 1, 0);
INSERT INTO `base_dict_item` VALUES (1899038509428703232, 1899038420995997696, 'channel_terminal_status', 'submit', '已上报', 2, 1, '', 1811365615815487488, '2025-03-10 18:03:57.734022', 1811365615815487488, '2025-03-10 18:03:57.735028', 0, 0);
INSERT INTO `base_dict_item` VALUES (1899038542358183936, 1899038420995997696, 'channel_terminal_status', 'logged', '已注销', 3, 1, '', 1811365615815487488, '2025-03-10 18:04:05.585294', 1811365615815487488, '2025-03-10 18:04:05.585294', 0, 0);
INSERT INTO `base_dict_item` VALUES (1899038578215288832, 1899038420995997696, 'channel_terminal_status', 'error', '错误', 4, 1, '', 1811365615815487488, '2025-03-10 18:04:14.134202', 1811365615815487488, '2025-03-10 18:04:14.134202', 0, 0);
INSERT INTO `base_dict_item` VALUES (1899630282731528192, 1899630183427186688, 'ada_pay_corp_status', 'wait', '待提交', 1, 1, '', 1811365615815487488, '2025-03-12 09:15:27.484796', 1811365615815487488, '2025-03-12 09:15:27.484796', 0, 0);
INSERT INTO `base_dict_item` VALUES (1899630326637502464, 1899630183427186688, 'ada_pay_corp_status', 'processing', '处理中', 2, 1, '', 1811365615815487488, '2025-03-12 09:15:37.952843', 1811365615815487488, '2025-03-12 09:15:37.952843', 0, 0);
INSERT INTO `base_dict_item` VALUES (1899630360003190784, 1899630183427186688, 'ada_pay_corp_status', 'success', '成功', 3, 1, '', 1811365615815487488, '2025-03-12 09:15:45.907900', 1811365615815487488, '2025-03-12 09:15:45.907900', 0, 0);
INSERT INTO `base_dict_item` VALUES (1899630405729492992, 1899630183427186688, 'ada_pay_corp_status', 'submit_fail', '提交失败', 4, 1, '', 1811365615815487488, '2025-03-12 09:15:56.809585', 1811365615815487488, '2025-03-12 09:40:14.372347', 1, 0);
INSERT INTO `base_dict_item` VALUES (1899636551559258112, 1899630183427186688, 'ada_pay_corp_status', 'update_fail', '更新失败', 5, 1, '', 1811365615815487488, '2025-03-12 09:40:22.089230', 1811365615815487488, '2025-03-12 09:40:22.089230', 0, 0);
INSERT INTO `base_dict_item` VALUES (1899771135806480384, 1899771077857976320, 'terminal_type', 'comm', '标准上报', 1, 1, '', 1811365615815487488, '2025-03-12 18:35:09.474242', 1811365615815487488, '2025-03-12 18:35:09.474242', 0, 0);
INSERT INTO `base_dict_item` VALUES (1899771169939726336, 1899771077857976320, 'terminal_type', 'wechat', '微信渠道报送', 2, 1, '', 1811365615815487488, '2025-03-12 18:35:17.612827', 1811365615815487488, '2025-03-12 18:35:17.612827', 0, 0);
INSERT INTO `base_dict_item` VALUES (1899771202437193728, 1899771077857976320, 'terminal_type', 'alipay', '支付宝渠道报送', 3, 1, '', 1811365615815487488, '2025-03-12 18:35:25.360695', 1811365615815487488, '2025-03-12 18:35:25.360695', 0, 0);
INSERT INTO `base_dict_item` VALUES (1899771257483239424, 1899771077857976320, 'terminal_type', 'union', '云闪付渠道报送', 4, 1, '', 1811365615815487488, '2025-03-12 18:35:38.484452', 1811365615815487488, '2025-03-12 18:35:38.484452', 0, 0);
INSERT INTO `base_dict_item` VALUES (1901978134805237760, 1901976184890114048, 'adapay_settle_account_status', 'wait', '待提交', 1, 1, '', 1811365615815487488, '2025-03-18 20:44:59.040956', 1811365615815487488, '2025-03-18 20:44:59.041956', 0, 0);
INSERT INTO `base_dict_item` VALUES (1901978179390689280, 1901976184890114048, 'adapay_settle_account_status', 'success', '成功', 2, 1, '', 1811365615815487488, '2025-03-18 20:45:09.669674', 1811365615815487488, '2025-03-18 20:45:09.669674', 0, 0);
INSERT INTO `base_dict_item` VALUES (1901978223435075584, 1901976184890114048, 'adapay_settle_account_status', 'logged', '已注销', 3, 1, '', 1811365615815487488, '2025-03-18 20:45:20.170505', 1811365615815487488, '2025-03-18 20:45:20.170505', 0, 0);
INSERT INTO `base_dict_item` VALUES (1901978264321150976, 1901976184890114048, 'adapay_settle_account_status', 'submit_fail', '失败', 4, 1, '', 1811365615815487488, '2025-03-18 20:45:29.918668', 1811365615815487488, '2025-03-18 20:45:29.918668', 0, 0);
INSERT INTO `base_dict_item` VALUES (1901978309242146816, 1901976184890114048, 'adapay_settle_account_status', 'logged_fail', '失败', 5, 1, '', 1811365615815487488, '2025-03-18 20:45:40.628722', 1811365615815487488, '2025-03-18 20:45:40.628722', 0, 0);
INSERT INTO `base_dict_item` VALUES (1902285601232228352, 1902285549071863808, 'aggregate_pay_type', 'wechat_pay', '微信支付', 1, 1, '', 1811365615815487488, '2025-03-19 17:06:44.748831', 1811365615815487488, '2025-03-19 17:06:44.748831', 0, 0);
INSERT INTO `base_dict_item` VALUES (1902285640818069504, 1902285549071863808, 'aggregate_pay_type', 'alipay', '支付宝', 2, 1, '', 1811365615815487488, '2025-03-19 17:06:54.186521', 1811365615815487488, '2025-03-19 17:06:54.186521', 0, 0);
INSERT INTO `base_dict_item` VALUES (1902285832820723712, 1902285697764134912, 'gateway_call_type', 'qr_code', '扫码支付', 1, 1, '', 1811365615815487488, '2025-03-19 17:07:39.964101', 1811365615815487488, '2025-03-19 17:07:39.964101', 0, 0);
INSERT INTO `base_dict_item` VALUES (1902285864319946752, 1902285697764134912, 'gateway_call_type', 'bar_code', '条码支付', 2, 1, '', 1811365615815487488, '2025-03-19 17:07:47.473031', 1811365615815487488, '2025-03-19 17:07:47.473031', 0, 0);
INSERT INTO `base_dict_item` VALUES (1902285909802979328, 1902285697764134912, 'gateway_call_type', 'link', '跳转链接', 3, 1, '', 1811365615815487488, '2025-03-19 17:07:58.317045', 1811365615815487488, '2025-03-19 17:07:58.317045', 0, 0);
INSERT INTO `base_dict_item` VALUES (1902285949896331264, 1902285697764134912, 'gateway_call_type', 'mini_app', '小程序', 4, 1, '', 1811365615815487488, '2025-03-19 17:08:07.876805', 1811365615815487488, '2025-03-19 17:08:07.876805', 0, 0);
INSERT INTO `base_dict_item` VALUES (1902285983127801856, 1902285697764134912, 'gateway_call_type', 'app', 'APP支付', 5, 1, '', 1811365615815487488, '2025-03-19 17:08:15.799563', 1811365615815487488, '2025-03-19 17:08:15.799563', 0, 0);
INSERT INTO `base_dict_item` VALUES (1902286028967350272, 1902285697764134912, 'gateway_call_type', 'jsapi', 'JSAPI', 6, 1, '', 1811365615815487488, '2025-03-19 17:08:26.728092', 1811365615815487488, '2025-03-19 17:08:26.728092', 0, 0);
INSERT INTO `base_dict_item` VALUES (1902286075498958848, 1902285697764134912, 'gateway_call_type', 'from', '表单方式', 7, 1, '', 1811365615815487488, '2025-03-19 17:08:37.822322', 1811365615815487488, '2025-03-19 17:08:37.822322', 0, 0);
INSERT INTO `base_dict_item` VALUES (1902286313894809600, 1902286175247896576, 'gateway_pay_type', 'h5', 'H5收银台支付', 1, 1, '', 1811365615815487488, '2025-03-19 17:09:34.661510', 1811365615815487488, '2025-03-27 20:49:58.514177', 1, 0);
INSERT INTO `base_dict_item` VALUES (1902286345968652288, 1902286175247896576, 'gateway_pay_type', 'pc', 'PC收银台支付', 2, 1, '', 1811365615815487488, '2025-03-19 17:09:42.307140', 1811365615815487488, '2025-03-27 20:50:02.136261', 1, 0);
INSERT INTO `base_dict_item` VALUES (1902286425391992832, 1902286175247896576, 'gateway_pay_type', 'mini_app', '小程序收银台支付', 3, 1, '', 1811365615815487488, '2025-03-19 17:10:01.244692', 1811365615815487488, '2025-03-27 20:50:09.970837', 1, 0);
INSERT INTO `base_dict_item` VALUES (1902286464315133952, 1902286175247896576, 'gateway_pay_type', 'aggregate', '聚合支付', 4, 1, '', 1811365615815487488, '2025-03-19 17:10:10.524538', 1811365615815487488, '2025-03-27 20:50:19.412003', 1, 0);
INSERT INTO `base_dict_item` VALUES (1904093289016471552, 1902285549071863808, 'aggregate_pay_type', 'union_pay', '银联支付', 3, 1, '', 1811365615815487488, '2025-03-24 16:49:51.101767', 1811365615815487488, '2025-03-24 16:49:51.101767', 0, 0);
INSERT INTO `base_dict_item` VALUES (1904093356544765952, 1904092914741948416, 'aggregate_bar_pay_type', 'wechat_pay', '微信支付', 1, 1, '', 1811365615815487488, '2025-03-24 16:50:07.201533', 1811365615815487488, '2025-03-24 16:50:07.201533', 0, 0);
INSERT INTO `base_dict_item` VALUES (1904093394268336128, 1904092914741948416, 'aggregate_bar_pay_type', 'alipay', '支付宝', 2, 1, '', 1811365615815487488, '2025-03-24 16:50:16.195856', 1811365615815487488, '2025-03-24 16:50:16.195856', 0, 0);
INSERT INTO `base_dict_item` VALUES (1904093428015706112, 1904092914741948416, 'aggregate_bar_pay_type', 'union_pay', '银联支付', 3, 1, '', 1811365615815487488, '2025-03-24 16:50:24.241075', 1811365615815487488, '2025-03-24 16:50:24.241075', 0, 0);
INSERT INTO `base_dict_item` VALUES (1905239165995311104, 1905238363176165376, 'gateway_cashier_type', 'h5', 'H5收银台', 0, 1, '', 1811365615815487488, '2025-03-27 20:43:09.462295', 1811365615815487488, '2025-03-27 20:43:09.462295', 0, 0);
INSERT INTO `base_dict_item` VALUES (1905239200749314048, 1905238363176165376, 'gateway_cashier_type', 'pc', 'PC收银台', 2, 1, '', 1811365615815487488, '2025-03-27 20:43:17.749842', 1811365615815487488, '2025-03-27 20:43:17.749842', 0, 0);
INSERT INTO `base_dict_item` VALUES (1905239234140168192, 1905238363176165376, 'gateway_cashier_type', 'mini_app', '小程序收银台', 3, 1, '', 1811365615815487488, '2025-03-27 20:43:25.709368', 1811365615815487488, '2025-03-27 20:43:25.709368', 0, 0);
INSERT INTO `base_dict_item` VALUES (1909136677222854656, 1909136633497235456, 'channel_auth_type_enum', 'wechat', '微信', 1, 1, '', 1811365615815487488, '2025-04-07 14:50:28.551200', 1811365615815487488, '2025-04-07 14:50:28.551200', 0, 0);
INSERT INTO `base_dict_item` VALUES (1909136784991301632, 1909136633497235456, 'channel_auth_type_enum', 'alipay', '支付宝', 2, 1, '', 1811365615815487488, '2025-04-07 14:50:54.245595', 1811365615815487488, '2025-04-07 14:51:07.894418', 1, 0);
INSERT INTO `base_dict_item` VALUES (1909136824161906688, 1909136633497235456, 'channel_auth_type_enum', 'union_pay', '银联', 3, 1, '', 1811365615815487488, '2025-04-07 14:51:03.584872', 1811365615815487488, '2025-04-07 14:51:03.584872', 0, 0);

-- ----------------------------
-- Table structure for base_param
-- ----------------------------
DROP TABLE IF EXISTS `base_param`;
CREATE TABLE `base_param`  (
  `id` bigint(20) NOT NULL COMMENT '主键',
  `creator` bigint(20) NULL DEFAULT NULL COMMENT '创建者ID',
  `create_time` datetime(6) NULL DEFAULT NULL COMMENT '创建时间',
  `last_modifier` bigint(20) NULL DEFAULT NULL COMMENT '最后修改ID',
  `last_modified_time` datetime(6) NULL DEFAULT NULL COMMENT '最后修改时间',
  `version` int(11) NOT NULL COMMENT '版本号',
  `deleted` tinyint(1) NOT NULL COMMENT '删除标志',
  `name` varchar(50) CHARACTER SET utf8mb4 COLLATE utf8mb4_unicode_ci NOT NULL COMMENT '参数名称',
  `key` varchar(50) CHARACTER SET utf8mb4 COLLATE utf8mb4_unicode_ci NOT NULL COMMENT '参数键名',
  `value` varchar(500) CHARACTER SET utf8mb4 COLLATE utf8mb4_unicode_ci NOT NULL COMMENT '参数值',
  `type` varchar(20) CHARACTER SET utf8mb4 COLLATE utf8mb4_unicode_ci NULL DEFAULT NULL COMMENT '参数类型',
  `enable` tinyint(1) NOT NULL COMMENT '启用状态',
  `internal` tinyint(1) NOT NULL COMMENT '内置参数',
  `remark` varchar(255) CHARACTER SET utf8mb4 COLLATE utf8mb4_unicode_ci NULL DEFAULT NULL COMMENT '备注',
  PRIMARY KEY (`id`) USING BTREE
) ENGINE = InnoDB CHARACTER SET = utf8mb4 COLLATE = utf8mb4_general_ci COMMENT = '系统参数' ROW_FORMAT = Dynamic;

-- ----------------------------
-- Records of base_param
-- ----------------------------

-- ----------------------------
-- Table structure for base_province
-- ----------------------------
DROP TABLE IF EXISTS `base_province`;
CREATE TABLE `base_province`  (
  `code` char(2) CHARACTER SET utf8mb4 COLLATE utf8mb4_unicode_ci NOT NULL COMMENT '省份编码',
  `name` varchar(30) CHARACTER SET utf8mb4 COLLATE utf8mb4_unicode_ci NOT NULL COMMENT '省份名称',
  PRIMARY KEY (`code`) USING BTREE
) ENGINE = InnoDB CHARACTER SET = utf8mb4 COLLATE = utf8mb4_general_ci COMMENT = '省份表' ROW_FORMAT = Dynamic;

-- ----------------------------
-- Records of base_province
-- ----------------------------

-- ----------------------------
-- Table structure for base_street
-- ----------------------------
DROP TABLE IF EXISTS `base_street`;
CREATE TABLE `base_street`  (
  `code` char(9) CHARACTER SET utf8mb4 COLLATE utf8mb4_unicode_ci NOT NULL COMMENT '编码',
  `name` varchar(60) CHARACTER SET utf8mb4 COLLATE utf8mb4_unicode_ci NOT NULL COMMENT '街道名称',
  `area_code` char(6) CHARACTER SET utf8mb4 COLLATE utf8mb4_unicode_ci NOT NULL COMMENT '县区编码',
  PRIMARY KEY (`code`) USING BTREE,
  INDEX `inx_area_code`(`area_code`) USING BTREE COMMENT '县区'
) ENGINE = InnoDB CHARACTER SET = utf8mb4 COLLATE = utf8mb4_general_ci COMMENT = '街道表' ROW_FORMAT = Dynamic;

-- ----------------------------
-- Records of base_street
-- ----------------------------

-- ----------------------------
-- Table structure for iam_client
-- ----------------------------
DROP TABLE IF EXISTS `iam_client`;
CREATE TABLE `iam_client`  (
  `id` bigint(20) NOT NULL COMMENT '主键',
  `creator` bigint(20) NULL DEFAULT NULL COMMENT '创建者ID',
  `create_time` datetime(6) NULL DEFAULT NULL COMMENT '创建时间',
  `last_modifier` bigint(20) NULL DEFAULT NULL COMMENT '最后修改ID',
  `last_modified_time` datetime(6) NULL DEFAULT NULL COMMENT '最后修改时间',
  `version` int(11) NOT NULL COMMENT '版本号',
  `deleted` tinyint(1) NOT NULL COMMENT '删除标志',
  `code` varchar(50) CHARACTER SET utf8mb4 COLLATE utf8mb4_unicode_ci NOT NULL COMMENT '编码',
  `name` varchar(50) CHARACTER SET utf8mb4 COLLATE utf8mb4_unicode_ci NOT NULL COMMENT '名称',
  `internal` tinyint(1) NOT NULL COMMENT '是否系统内置',
  `remark` varchar(250) CHARACTER SET utf8mb4 COLLATE utf8mb4_unicode_ci NULL DEFAULT NULL COMMENT '备注',
  PRIMARY KEY (`id`) USING BTREE
) ENGINE = InnoDB CHARACTER SET = utf8mb4 COLLATE = utf8mb4_general_ci COMMENT = '认证终端' ROW_FORMAT = Dynamic;

-- ----------------------------
-- Records of iam_client
-- ----------------------------
INSERT INTO `iam_client` VALUES (1810614511481892864, 0, '2024-07-09 17:58:33.786446', 0, '2024-07-09 17:58:33.788447', 0, 0, 'dax-pay-admin', '运营管理端', 1, NULL);

-- ----------------------------
-- Table structure for iam_perm_code
-- ----------------------------
DROP TABLE IF EXISTS `iam_perm_code`;
CREATE TABLE `iam_perm_code`  (
  `id` bigint(20) NOT NULL COMMENT '主键',
  `creator` bigint(20) NULL DEFAULT NULL COMMENT '创建者ID',
  `create_time` datetime(6) NULL DEFAULT NULL COMMENT '创建时间',
  `last_modifier` bigint(20) NULL DEFAULT NULL COMMENT '最后修改ID',
  `last_modified_time` datetime(6) NULL DEFAULT NULL COMMENT '最后修改时间',
  `version` int(11) NOT NULL COMMENT '版本号',
  `deleted` tinyint(1) NOT NULL COMMENT '删除标志',
  `pid` bigint(20) NULL DEFAULT NULL COMMENT '父ID',
  `code` varchar(50) CHARACTER SET utf8mb4 COLLATE utf8mb4_unicode_ci NULL DEFAULT NULL COMMENT '权限码',
  `name` varchar(50) CHARACTER SET utf8mb4 COLLATE utf8mb4_unicode_ci NULL DEFAULT NULL COMMENT '名称',
  `remark` varchar(300) CHARACTER SET utf8mb4 COLLATE utf8mb4_unicode_ci NULL DEFAULT NULL COMMENT '备注',
  `leaf` tinyint(1) NOT NULL COMMENT '是否为叶子结点',
  PRIMARY KEY (`id`) USING BTREE
) ENGINE = InnoDB CHARACTER SET = utf8mb4 COLLATE = utf8mb4_general_ci COMMENT = '权限码' ROW_FORMAT = Dynamic;

-- ----------------------------
-- Records of iam_perm_code
-- ----------------------------

-- ----------------------------
-- Table structure for iam_perm_menu
-- ----------------------------
DROP TABLE IF EXISTS `iam_perm_menu`;
CREATE TABLE `iam_perm_menu`  (
  `id` bigint(20) NOT NULL COMMENT '主键',
  `creator` bigint(20) NULL DEFAULT NULL COMMENT '创建者ID',
  `create_time` datetime(6) NULL DEFAULT NULL COMMENT '创建时间',
  `last_modifier` bigint(20) NULL DEFAULT NULL COMMENT '最后修改ID',
  `last_modified_time` datetime(6) NULL DEFAULT NULL COMMENT '最后修改时间',
  `version` int(11) NOT NULL COMMENT '版本号',
  `deleted` tinyint(1) NOT NULL COMMENT '删除标志',
  `pid` bigint(20) NULL DEFAULT NULL COMMENT '父id',
  `client_code` varchar(50) CHARACTER SET utf8mb4 COLLATE utf8mb4_unicode_ci NOT NULL COMMENT '关联终端code',
  `title` varchar(100) CHARACTER SET utf8mb4 COLLATE utf8mb4_unicode_ci NULL DEFAULT NULL COMMENT '菜单标题',
  `name` varchar(100) CHARACTER SET utf8mb4 COLLATE utf8mb4_unicode_ci NULL DEFAULT NULL COMMENT '路由名称',
  `icon` varchar(100) CHARACTER SET utf8mb4 COLLATE utf8mb4_unicode_ci NULL DEFAULT NULL COMMENT '菜单图标',
  `hidden` tinyint(1) NOT NULL COMMENT '是否隐藏',
  `hide_children_menu` tinyint(1) NOT NULL COMMENT '是否隐藏子菜单',
  `component` varchar(300) CHARACTER SET utf8mb4 COLLATE utf8mb4_unicode_ci NULL DEFAULT NULL COMMENT '组件',
  `path` varchar(300) CHARACTER SET utf8mb4 COLLATE utf8mb4_unicode_ci NULL DEFAULT NULL COMMENT '访问路径',
  `redirect` varchar(300) CHARACTER SET utf8mb4 COLLATE utf8mb4_unicode_ci NULL DEFAULT NULL COMMENT '菜单跳转地址(重定向)',
  `sort_no` float NULL DEFAULT NULL COMMENT '菜单排序',
  `root` tinyint(1) NOT NULL COMMENT '是否是一级菜单',
  `keep_alive` tinyint(1) NULL DEFAULT NULL COMMENT '是否缓存页面',
  `target_outside` tinyint(1) NULL DEFAULT NULL COMMENT '是否为外部打开',
  `full_screen` tinyint(1) NULL DEFAULT NULL COMMENT '是否全屏打开',
  `remark` varchar(200) CHARACTER SET utf8mb4 COLLATE utf8mb4_unicode_ci NULL DEFAULT NULL COMMENT '描述',
  PRIMARY KEY (`id`) USING BTREE
) ENGINE = InnoDB CHARACTER SET = utf8mb4 COLLATE = utf8mb4_general_ci COMMENT = '菜单权限' ROW_FORMAT = Dynamic;

-- ----------------------------
-- Records of iam_perm_menu
-- ----------------------------
INSERT INTO `iam_perm_menu` VALUES (1810864706127790080, 0, '2024-07-10 10:32:44.838967', 1811365615815487488, '2024-07-13 21:17:09.975339', 5, 0, NULL, 'dax-pay-admin', '系统管理', 'System', 'ant-design:setting-outlined', 0, 0, 'Layout', '/system', '', 0, 1, 1, 0, 0, NULL);
INSERT INTO `iam_perm_menu` VALUES (1810871795650891776, 0, '2024-07-10 11:00:55.113616', 0, '2024-07-10 11:13:07.675214', 7, 0, 1810864706127790080, 'dax-pay-admin', '菜单管理', 'MenuList', '', 0, 0, '/iam/perm/menu/MenuList', '/system/menu', '', 0, 0, 1, 0, 0, NULL);
INSERT INTO `iam_perm_menu` VALUES (1810909511121862656, 0, '2024-07-10 13:30:47.186592', 0, '2024-07-10 13:48:12.256695', 6, 0, 1810864706127790080, 'dax-pay-admin', '权限管理', 'Permission', '', 0, 0, 'Layout', '/system/permission', '', 0, 0, 1, 0, 0, NULL);
INSERT INTO `iam_perm_menu` VALUES (1810909853691641856, 0, '2024-07-10 13:32:08.855417', 0, '2024-07-10 13:35:45.759284', 1, 0, 1810864706127790080, 'dax-pay-admin', '用户信息', 'UserAuth', '', 0, 0, 'Layout', '/system/user', '', 0, 0, 1, 0, 0, NULL);
INSERT INTO `iam_perm_menu` VALUES (1810910433264762880, 0, '2024-07-10 13:34:27.036666', 0, '2024-07-10 13:35:56.758501', 1, 0, 1810864706127790080, 'dax-pay-admin', '系统配置', 'SystemConfig', '', 0, 0, 'Layout', '/system/config', '', 0, 0, 1, 0, 0, NULL);
INSERT INTO `iam_perm_menu` VALUES (1810911232921423872, 0, '2024-07-10 13:37:37.692104', 0, '2024-07-10 13:37:37.693108', 0, 0, 1810909511121862656, 'dax-pay-admin', '角色管理', 'RoleList', '', 0, 0, 'iam/role/RoleList.vue', '/system/permission/role', '', 0, 0, 1, 0, 0, NULL);
INSERT INTO `iam_perm_menu` VALUES (1810914501286580224, 0, '2024-07-10 13:50:36.931110', 0, '2024-07-10 13:50:36.931110', 0, 0, 1810909511121862656, 'dax-pay-admin', '请求权限', 'PermPathList', '', 0, 0, 'iam/perm/path/PermPathList', '/system/permission/path', '', 0, 0, 1, 0, 0, NULL);
INSERT INTO `iam_perm_menu` VALUES (1810915172140339200, 0, '2024-07-10 13:53:16.872895', 0, '2024-07-10 13:53:53.635198', 1, 0, 1810909511121862656, 'dax-pay-admin', '权限码', 'PermCodeList', '', 0, 0, 'iam/perm/code/PermCodeList', '/system/permission/code', '', 0, 0, 1, 0, 0, NULL);
INSERT INTO `iam_perm_menu` VALUES (1811283512855629824, 0, '2024-07-11 14:16:56.144236', 0, '2024-07-11 17:47:35.591847', 1, 0, 1810910433264762880, 'dax-pay-admin', '数据字典', 'DictList', '', 0, 0, '/baseapi/dict/DictList', '/system/config/dict', '', 0, 0, 1, 0, 0, NULL);
INSERT INTO `iam_perm_menu` VALUES (1811283778967441408, 0, '2024-07-11 14:17:59.588051', 0, '2024-07-11 17:47:27.793518', 1, 0, 1810910433264762880, 'dax-pay-admin', '终端管理', 'ClientList', '', 0, 0, '/iam/client/ClientList', '/system/config/client', '', 0, 0, 1, 0, 0, NULL);
INSERT INTO `iam_perm_menu` VALUES (1811336128809766912, 0, '2024-07-11 17:46:00.765990', 0, '2024-07-11 17:46:36.625626', 1, 0, 1810910433264762880, 'dax-pay-admin', '系统参数', 'SystemParamList', '', 0, 0, '/baseapi/param/SystemParamList', '/system/config/param', '', 0, 0, 1, 0, 0, NULL);
INSERT INTO `iam_perm_menu` VALUES (1811360392644521984, 0, '2024-07-11 19:22:25.715575', 0, '2024-07-11 19:22:25.718122', 0, 0, 1810909853691641856, 'dax-pay-admin', '用户管理', 'UserList', '', 0, 0, '/iam/user/UserList', '/system/user/info', '', 0, 0, 1, 0, 0, NULL);
INSERT INTO `iam_perm_menu` VALUES (1811667984159715328, 1811365615815487488, '2024-07-12 15:44:41.247497', 1811365615815487488, '2024-07-12 15:44:41.252052', 0, 0, 1810864706127790080, 'dax-pay-admin', '审计日志', 'SystemLog', '', 0, 0, 'Layout', '/system/log', '', 0, 0, 1, 0, 0, NULL);
INSERT INTO `iam_perm_menu` VALUES (1811671741266243584, 1811365615815487488, '2024-07-12 15:59:37.009050', 1811365615815487488, '2024-07-12 15:59:37.011126', 0, 0, 1811667984159715328, 'dax-pay-admin', '登录日志', 'LoginLogList', '', 0, 0, '/baseapi/log/login/LoginLogList', '/system/log/login', '', 0, 0, 1, 0, 0, NULL);
INSERT INTO `iam_perm_menu` VALUES (1811672495767007232, 1811365615815487488, '2024-07-12 16:02:36.895766', 1811365615815487488, '2024-07-12 16:35:41.627109', 1, 0, 1811667984159715328, 'dax-pay-admin', '操作日志', 'OperateLogList', '', 0, 0, '/baseapi/log/operate/OperateLogList', '/system/log/operate', '', 0, 0, 1, 0, 0, NULL);
INSERT INTO `iam_perm_menu` VALUES (1812113823376666624, 1811365615815487488, '2024-07-13 21:16:17.597391', 1811365615815487488, '2024-07-13 21:27:13.912267', 2, 0, NULL, 'dax-pay-admin', '支付配置', 'PayConfig', 'ant-design:property-safety-twotone', 0, 0, 'Layout', '/pay/config', '', 0, 1, 1, 0, 0, NULL);
INSERT INTO `iam_perm_menu` VALUES (1812114224679284736, 1811365615815487488, '2024-07-13 21:17:53.274452', 1811365615815487488, '2024-07-13 21:18:00.886679', 1, 0, NULL, 'dax-pay-admin', '订单管理', 'PayOrder', 'ant-design:wallet-outlined', 0, 0, 'Layout', '/pay/order', '', 0, 1, 1, 0, 0, NULL);
INSERT INTO `iam_perm_menu` VALUES (1812114347454951424, 1811365615815487488, '2024-07-13 21:18:22.547038', 1811365615815487488, '2024-07-24 18:53:38.947244', 2, 0, NULL, 'dax-pay-admin', '交易记录', 'PayRecord', 'ant-design:container-outlined', 0, 0, 'Layout', '/pay/record', '', 0, 1, 1, 0, 0, NULL);
INSERT INTO `iam_perm_menu` VALUES (1812114603047448576, 1811365615815487488, '2024-07-13 21:19:23.484406', 1811365615815487488, '2024-07-24 19:28:09.132339', 1, 0, NULL, 'dax-pay-admin', '商户通知', 'PayNotic', 'ant-design:notification-twotone', 0, 0, 'Layout', '/pay/notice', '', 0, 1, 1, 0, 0, NULL);
INSERT INTO `iam_perm_menu` VALUES (1812114725651148800, 1811365615815487488, '2024-07-13 21:19:52.715548', 1811365615815487488, '2025-05-07 08:54:36.157514', 2, 1, NULL, 'dax-pay-admin', '分账管理', 'Allocation', 'ant-design:sliders-twotone', 1, 0, 'Layout', '/pay/allocation', '', 70, 1, 1, 0, 0, NULL);
INSERT INTO `iam_perm_menu` VALUES (1812114959231938560, 1811365615815487488, '2024-07-13 21:20:48.405236', 1811365615815487488, '2025-05-07 08:54:49.424734', 1, 1, NULL, 'dax-pay-admin', '对账管理', 'Reconcile', 'ant-design:arrows-alt-outlined', 0, 0, 'Layout', '/pay/reconcile', '', 80, 1, 1, 0, 0, NULL);
INSERT INTO `iam_perm_menu` VALUES (1812115119471128576, 1811365615815487488, '2024-07-13 21:21:26.609834', 1811365615815487488, '2025-01-04 15:43:37.546388', 4, 0, NULL, 'dax-pay-admin', '演示模块', 'Demo', 'ant-design:appstore-twotone', 0, 0, 'Layout', '/pay/demo', '', 98, 1, 1, 0, 0, NULL);
INSERT INTO `iam_perm_menu` VALUES (1812115247342874624, 1811365615815487488, '2024-07-13 21:21:57.096469', 1811365615815487488, '2025-04-14 22:39:37.806429', 6, 0, NULL, 'dax-pay-admin', '关于', '', 'ant-design:info-circle-outlined', 1, 0, 'Layout', '/about', '/about/index', 99, 1, 1, 0, 0, NULL);
INSERT INTO `iam_perm_menu` VALUES (1812116779807338496, 1811365615815487488, '2024-07-13 21:28:02.464593', 1811365615815487488, '2024-07-17 14:13:02.263915', 1, 0, 1812113823376666624, 'dax-pay-admin', '基础数据', '', '', 0, 0, 'Layout', '/pay/config/base', '', -2, 0, 1, 0, 0, NULL);
INSERT INTO `iam_perm_menu` VALUES (1812116972585938944, 1811365615815487488, '2024-07-13 21:28:48.426928', 1811365615815487488, '2024-07-13 21:28:48.429631', 0, 0, 1812113823376666624, 'dax-pay-admin', '商户管理', '', '', 0, 0, 'Layout', '/pay/config/merchant', '', 0, 0, 1, 0, 0, NULL);
INSERT INTO `iam_perm_menu` VALUES (1812117498400665600, 1811365615815487488, '2024-07-13 21:30:53.790933', 1811365615815487488, '2025-02-01 22:44:27.435645', 3, 0, 1812116972585938944, 'dax-pay-admin', '商户应用', 'MchAppAdminList', '', 0, 0, '/daxpay/admin/merchant/app/MchAppAdminList', '/pay/config/merchant/app', '', 0, 0, 1, 0, 0, NULL);
INSERT INTO `iam_perm_menu` VALUES (1812118306328473600, 1811365615815487488, '2024-07-13 21:34:06.415311', 1811365615815487488, '2024-08-27 16:13:34.678515', 4, 0, 1812116779807338496, 'dax-pay-admin', '支付通道', 'ChannelConstList', '', 0, 0, '/daxpay/common/constant/channel/ChannelConstList', '/pay/config/base/channel', '', 0, 0, 1, 0, 0, NULL);
INSERT INTO `iam_perm_menu` VALUES (1812118417951485952, 1811365615815487488, '2024-07-13 21:34:33.029042', 1811365615815487488, '2024-08-27 16:13:38.870687', 2, 0, 1812116779807338496, 'dax-pay-admin', '支付方式', 'MethodConstList', '', 0, 0, '/daxpay/common/constant/method/MethodConstList', '/pay/config/base/method', '', 0, 0, 1, 0, 0, NULL);
INSERT INTO `iam_perm_menu` VALUES (1812118635229016064, 1811365615815487488, '2024-07-13 21:35:24.831252', 1811365615815487488, '2025-02-12 22:12:44.206664', 3, 0, 1812116779807338496, 'dax-pay-admin', '接口信息', 'ApiConstList', '', 1, 0, '/daxpay/common/constant/api/ApiConstList', '/pay/config/base/api', '', 0, 0, 1, 0, 0, NULL);
INSERT INTO `iam_perm_menu` VALUES (1813456708833087488, 1811365615815487488, '2024-07-17 14:12:26.440633', 1811365615815487488, '2024-09-20 11:05:46.469139', 4, 0, 1812113823376666624, 'dax-pay-admin', '基础配置', '', '', 0, 0, 'Layout', '/pay/config/basic', '', -1, 0, 1, 0, 0, NULL);
INSERT INTO `iam_perm_menu` VALUES (1813782811271446528, 1811365615815487488, '2024-07-18 11:48:15.321777', 1811365615815487488, '2024-08-14 19:30:02.876775', 1, 0, 1813456708833087488, 'dax-pay-admin', '平台配置', 'PlatformConfig', '', 0, 0, '/daxpay/admin/config/platform/PlatformConfig', '/pay/config/basic/platfom', '', 0, 0, 1, 0, 0, NULL);
INSERT INTO `iam_perm_menu` VALUES (1814602527895957504, 1811365615815487488, '2024-07-20 18:05:30.994059', 1811365615815487488, '2024-08-27 19:10:46.604373', 2, 0, 1812114224679284736, 'dax-pay-admin', '支付订单', 'PayOrderList', '', 0, 0, '/daxpay/common/order/pay/PayOrderList', '/pay/order/pay', '', 0, 0, 1, 0, 0, NULL);
INSERT INTO `iam_perm_menu` VALUES (1814602684720984064, 1811365615815487488, '2024-07-20 18:06:08.382006', 1811365615815487488, '2024-08-27 19:10:52.224647', 2, 0, 1812114224679284736, 'dax-pay-admin', '退款订单', 'RefundOrderList', '', 0, 0, '/daxpay/common/order/refund/RefundOrderList', '/pay/order/refund', '', 0, 0, 1, 0, 0, NULL);
INSERT INTO `iam_perm_menu` VALUES (1814602840971390976, 1811365615815487488, '2024-07-20 18:06:45.635230', 1811365615815487488, '2024-08-27 19:11:12.990464', 2, 0, 1812114224679284736, 'dax-pay-admin', '转账订单', 'TransferOrderList', '', 0, 0, '/daxpay/common/order/transfer/TransferOrderList', '/pay/order/transfer', '', 0, 0, 1, 0, 0, NULL);
INSERT INTO `iam_perm_menu` VALUES (1816064154722365440, 1811365615815487488, '2024-07-24 18:53:29.993277', 1811365615815487488, '2024-08-27 19:11:37.433279', 5, 0, 1812114347454951424, 'dax-pay-admin', '回调记录', 'TradeCallbackRecordList', '', 0, 0, '/daxpay/common/record/callback/TradeCallbackRecordList', '/pay/record/callback', '', 0, 0, 1, 0, 0, NULL);
INSERT INTO `iam_perm_menu` VALUES (1816064344661422080, 1811365615815487488, '2024-07-24 18:54:15.268228', 1811365615815487488, '2024-08-27 19:11:43.063961', 2, 0, 1812114347454951424, 'dax-pay-admin', '交易流水', 'TradeFlowRecordList', '', 0, 0, '/daxpay/common/record/flow/TradeFlowRecordList', '/pay/record/flow', '', 0, 0, 1, 0, 0, NULL);
INSERT INTO `iam_perm_menu` VALUES (1816064593371066368, 1811365615815487488, '2024-07-24 18:55:14.565671', 1811365615815487488, '2024-08-27 19:11:47.317719', 4, 0, 1812114347454951424, 'dax-pay-admin', '关闭记录(支付)', 'PayCloseRecordList', '', 0, 0, '/daxpay/common/record/close/PayCloseRecordList', '/pay/record/close', '', 0, 0, 1, 0, 0, NULL);
INSERT INTO `iam_perm_menu` VALUES (1820432075829538816, 1811365615815487488, '2024-08-05 20:10:03.528744', 1811365615815487488, '2024-08-27 16:13:47.256843', 2, 0, 1812116779807338496, 'dax-pay-admin', '订阅通知', 'NotifyConstList', '', 0, 0, '/daxpay/common/constant/notify/NotifyConstList', '/pay/config/base/notify', '', 0, 0, 1, 0, 0, NULL);
INSERT INTO `iam_perm_menu` VALUES (1820467440233127936, 1811365615815487488, '2024-08-05 22:30:35.059580', 1811365615815487488, '2024-08-27 19:12:08.408597', 2, 0, 1812114603047448576, 'dax-pay-admin', '订阅消息', 'NotifyTaskList', '', 0, 0, '/daxpay/common/notice/notify/NotifyTaskList', '/pay/notice/notify', '', 0, 0, 1, 0, 0, NULL);
INSERT INTO `iam_perm_menu` VALUES (1820467523628474368, 1811365615815487488, '2024-08-05 22:30:54.941602', 1811365615815487488, '2024-08-27 19:12:15.437882', 2, 0, 1812114603047448576, 'dax-pay-admin', '回调消息', 'CallbackTaskList', '', 0, 0, '/daxpay/common/notice/callback/CallbackTaskList', '/pay/notice/callback', '', 0, 0, 1, 0, 0, NULL);
INSERT INTO `iam_perm_menu` VALUES (1820467934552825856, 1811365615815487488, '2024-08-05 22:32:32.913035', 1811365615815487488, '2025-05-07 08:54:45.843714', 2, 1, 1812114959231938560, 'dax-pay-admin', '对账单', 'ReconcileStatementList', '', 0, 0, '/daxpay/common/reconcile/statement/ReconcileStatementList', '/pay/reconcile/statement', '', 0, 0, 1, 0, 0, NULL);
INSERT INTO `iam_perm_menu` VALUES (1820468413097746432, 1811365615815487488, '2024-08-05 22:34:27.007057', 1811365615815487488, '2025-05-07 08:54:40.919178', 2, 1, 1812114959231938560, 'dax-pay-admin', '差异记录', 'ReconcileDiscrepancyList', '', 0, 0, '/daxpay/common/reconcile/discrepancy/ReconcileDiscrepancyList', '/pay/reconcile/discrepancy', '', 0, 0, 1, 0, 0, NULL);
INSERT INTO `iam_perm_menu` VALUES (1822975425229004800, 1811365615815487488, '2024-08-12 20:36:25.279489', 1811365615815487488, '2024-08-12 20:36:25.282711', 0, 0, 1810864706127790080, 'dax-pay-admin', '文件存储', '', '', 0, 0, 'Layout', '/system/file', '', 0, 0, 1, 0, 0, NULL);
INSERT INTO `iam_perm_menu` VALUES (1822975777026252800, 1811365615815487488, '2024-08-12 20:37:49.152472', 1811365615815487488, '2024-08-12 20:37:49.154031', 0, 0, 1822975425229004800, 'dax-pay-admin', '存储平台', 'FilePlatformList', '', 0, 0, '/baseapi/file/platform/FilePlatformList', '/system/file/platform', '', 0, 0, 1, 0, 0, NULL);
INSERT INTO `iam_perm_menu` VALUES (1822975970266226688, 1811365615815487488, '2024-08-12 20:38:35.224183', 1811365615815487488, '2024-08-12 20:38:35.226288', 0, 0, 1822975425229004800, 'dax-pay-admin', '文件管理', 'FileUploadList', '', 0, 0, '/baseapi/file/upload/FileUploadList', '/system/file/info', '', 0, 0, 1, 0, 0, NULL);
INSERT INTO `iam_perm_menu` VALUES (1824779660136001536, 1811365615815487488, '2024-08-17 20:05:48.400494', 1811365615815487488, '2025-05-07 08:54:32.042177', 0, 1, 1812114725651148800, 'dax-pay-admin', '分账接收者', '', '', 0, 0, '', '/pay/allocation', '', 0, 0, 1, 0, 0, NULL);
INSERT INTO `iam_perm_menu` VALUES (1824779695900831744, 1811365615815487488, '2024-08-17 20:05:56.927619', 1811365615815487488, '2025-05-07 08:54:27.399456', 0, 1, 1812114725651148800, 'dax-pay-admin', '分账组', '', '', 0, 0, '', '/pay/allocation', '', 0, 0, 1, 0, 0, NULL);
INSERT INTO `iam_perm_menu` VALUES (1824779750208679936, 1811365615815487488, '2024-08-17 20:06:09.875297', 1811365615815487488, '2024-12-21 11:55:37.943795', 2, 0, 1812114224679284736, 'dax-pay-admin', '分账单', 'AllocOrderList', '', 0, 0, '/daxpay/common/allocation/order/AllocOrderList', '/pay/order/allocation', '', 0, 0, 1, 0, 0, NULL);
INSERT INTO `iam_perm_menu` VALUES (1824779945365450752, 1811365615815487488, '2024-08-17 20:06:56.404481', 1811365615815487488, '2024-08-27 19:11:51.292144', 2, 0, 1812114347454951424, 'dax-pay-admin', '同步记录', 'TradeSyncRecordList', '', 0, 0, '/daxpay/common/record/sync/TradeSyncRecordList', '/pay/record/sync', '', 0, 0, 1, 0, 0, NULL);
INSERT INTO `iam_perm_menu` VALUES (1828321321655308288, 1811365615815487488, '2024-08-27 14:39:06.307149', 1811365615815487488, '2024-08-27 14:39:06.309784', 0, 0, NULL, 'dax-pay-merchant', '系统管理', 'System', 'ant-design:setting-outlined', 0, 0, 'Layout', '/system', '', 0, 1, 1, 0, 0, NULL);
INSERT INTO `iam_perm_menu` VALUES (1828329089900580864, 1811365615815487488, '2024-08-27 15:09:58.401939', 1811365615815487488, '2024-08-27 16:01:05.442085', 1, 0, 1828321321655308288, 'dax-pay-merchant', '角色管理', 'RoleList', '', 0, 0, 'iam/role/RoleList.vue', '/system/role', '', 0, 0, 1, 0, 0, NULL);
INSERT INTO `iam_perm_menu` VALUES (1828329206313488384, 1811365615815487488, '2024-08-27 15:10:26.156072', 1811365615815487488, '2024-08-27 16:01:43.282754', 1, 0, 1828321321655308288, 'dax-pay-merchant', '用户管理', 'MerchantUserList', '', 0, 0, 'daxpay/merchant/user/MerchantUserList', '/system/user', '', 0, 0, 1, 0, 0, NULL);
INSERT INTO `iam_perm_menu` VALUES (1828329559561965568, 1811365615815487488, '2024-08-27 15:11:50.377235', 1811365615815487488, '2024-08-27 15:11:50.378788', 0, 0, NULL, 'dax-pay-merchant', '支付配置', 'PayConfig', 'ant-design:property-safety-twotone', 0, 0, 'Layout', '/pay/config', '', 0, 1, 1, 0, 0, NULL);
INSERT INTO `iam_perm_menu` VALUES (1828329734523162624, 1811365615815487488, '2024-08-27 15:12:32.091286', 1811365615815487488, '2024-08-27 15:12:32.093374', 0, 0, NULL, 'dax-pay-merchant', '订单管理', 'PayOrder', 'ant-design:wallet-outlined', 0, 0, 'Layout', '/pay/order', '', 0, 1, 1, 0, 0, NULL);
INSERT INTO `iam_perm_menu` VALUES (1828329876961726464, 1811365615815487488, '2024-08-27 15:13:06.051401', 1811365615815487488, '2024-08-27 15:13:06.053461', 0, 0, NULL, 'dax-pay-merchant', '交易记录', 'PayRecord', 'ant-design:container-outlined', 0, 0, 'Layout', '/pay/record', '', 0, 1, 1, 0, 0, NULL);
INSERT INTO `iam_perm_menu` VALUES (1828330011066208256, 1811365615815487488, '2024-08-27 15:13:38.024196', 1811365615815487488, '2024-08-27 15:13:38.026907', 0, 0, NULL, 'dax-pay-merchant', '商户通知', 'PayNotic', 'ant-design:notification-twotone', 0, 0, 'Layout', '/pay/notice', '', 0, 1, 1, 0, 0, NULL);
INSERT INTO `iam_perm_menu` VALUES (1828330460724957184, 1811365615815487488, '2024-08-27 15:15:25.232433', 1811365615815487488, '2025-04-14 17:10:43.895550', 1, 0, NULL, 'dax-pay-merchant', '分账管理', 'Allocation', 'ant-design:sliders-twotone', 1, 0, 'Layout', '/pay/allocation', '', 10, 1, 1, 0, 0, NULL);
INSERT INTO `iam_perm_menu` VALUES (1828341845420773376, 1811365615815487488, '2024-08-27 16:00:39.554398', 1811365615815487488, '2024-08-27 16:00:39.557168', 0, 0, 1828321321655308288, 'dax-pay-merchant', '请求权限', 'PermPathList', '', 0, 0, 'iam/perm/path/PermPathList', '/system/path', '', 0, 0, 1, 0, 0, NULL);
INSERT INTO `iam_perm_menu` VALUES (1828343958704066560, 1811365615815487488, '2024-08-27 16:09:03.400397', 1811365615815487488, '2024-08-27 16:09:03.402746', 0, 0, 1828329559561965568, 'dax-pay-merchant', '基础数据', '', '', 0, 0, 'Layout', '/pay/config/base', '', 0, 0, 1, 0, 0, NULL);
INSERT INTO `iam_perm_menu` VALUES (1828344228972433408, 1811365615815487488, '2024-08-27 16:10:07.837377', 1811365615815487488, '2024-08-27 16:10:07.839474', 0, 0, 1828329559561965568, 'dax-pay-merchant', '商户管理', '', '', 0, 0, 'Layout', '/pay/config/merchant', '', 0, 0, 1, 0, 0, NULL);
INSERT INTO `iam_perm_menu` VALUES (1828345367428173824, 1811365615815487488, '2024-08-27 16:14:39.266091', 1811365615815487488, '2024-08-27 16:14:39.268192', 0, 0, 1828343958704066560, 'dax-pay-merchant', '支付通道', 'ChannelConstList', '', 0, 0, '/daxpay/common/constant/channel/ChannelConstList', '/pay/config/base/channel', '', 0, 0, 1, 0, 0, NULL);
INSERT INTO `iam_perm_menu` VALUES (1828345482972860416, 1811365615815487488, '2024-08-27 16:15:06.814769', 1811365615815487488, '2024-08-27 16:15:06.816427', 0, 0, 1828343958704066560, 'dax-pay-merchant', '支付方式', 'MethodConstList', '', 0, 0, '/daxpay/common/constant/method/MethodConstList', '/pay/config/base/method', '', 0, 0, 1, 0, 0, NULL);
INSERT INTO `iam_perm_menu` VALUES (1828345668885385216, 1811365615815487488, '2024-08-27 16:15:51.139215', 1811365615815487488, '2025-04-14 15:34:23.615160', 1, 0, 1828343958704066560, 'dax-pay-merchant', '接口信息', 'ApiConstList', '', 1, 0, '/daxpay/common/constant/api/ApiConstList', '/pay/config/base/api', '', 0, 0, 1, 0, 0, NULL);
INSERT INTO `iam_perm_menu` VALUES (1828345770836332544, 1811365615815487488, '2024-08-27 16:16:15.446234', 1811365615815487488, '2024-08-27 16:16:15.448516', 0, 0, 1828343958704066560, 'dax-pay-merchant', '订阅通知', 'NotifyConstList', '', 0, 0, '/daxpay/common/constant/notify/NotifyConstList', '/pay/config/base/notify', '', 0, 0, 1, 0, 0, NULL);
INSERT INTO `iam_perm_menu` VALUES (1828390931998035968, 1811365615815487488, '2024-08-27 19:15:42.709956', 1811365615815487488, '2024-08-29 10:51:18.205731', 1, 0, 1828344228972433408, 'dax-pay-merchant', '商户信息', 'MerchantInfo', '', 0, 0, '/daxpay/merchant/info/MerchantInfo', '/pay/config/merchant/info', '', 0, 0, 1, 0, 0, NULL);
INSERT INTO `iam_perm_menu` VALUES (1828391048989757440, 1811365615815487488, '2024-08-27 19:16:10.599848', 1811365615815487488, '2025-02-01 22:57:59.467717', 1, 0, 1828344228972433408, 'dax-pay-merchant', '应用信息', 'MchAppList', '', 0, 0, '/daxpay/merchant/app/MchAppList', '/pay/config/merchant/app', '', 0, 0, 1, 0, 0, NULL);
INSERT INTO `iam_perm_menu` VALUES (1828391238714904576, 1811365615815487488, '2024-08-27 19:16:55.833768', 1811365615815487488, '2024-08-27 19:16:55.835858', 0, 0, 1828329734523162624, 'dax-pay-merchant', '支付订单', 'PayOrderList', '', 0, 0, '/daxpay/common/order/pay/PayOrderList', '/pay/order/pay', '', 0, 0, 1, 0, 0, NULL);
INSERT INTO `iam_perm_menu` VALUES (1828391326023536640, 1811365615815487488, '2024-08-27 19:17:16.649616', 1811365615815487488, '2024-08-27 19:17:16.652853', 0, 0, 1828329734523162624, 'dax-pay-merchant', '退款订单', 'RefundOrderList', '', 0, 0, '/daxpay/common/order/refund/RefundOrderList', '/pay/order/refund', '', 0, 0, 1, 0, 0, NULL);
INSERT INTO `iam_perm_menu` VALUES (1828391418604408832, 1811365615815487488, '2024-08-27 19:17:38.723375', 1811365615815487488, '2024-08-27 19:17:38.726373', 0, 0, 1828329734523162624, 'dax-pay-merchant', '转账订单', 'TransferOrderList', '', 0, 0, '/daxpay/common/order/transfer/TransferOrderList', '/pay/order/transfer', '', 0, 0, 1, 0, 0, NULL);
INSERT INTO `iam_perm_menu` VALUES (1828391587492253696, 1811365615815487488, '2024-08-27 19:18:18.988861', 1811365615815487488, '2024-08-27 19:18:18.990966', 0, 0, 1828329876961726464, 'dax-pay-merchant', '回调记录', 'TradeCallbackRecordList', '', 0, 0, '/daxpay/common/record/callback/TradeCallbackRecordList', '/pay/record/callback', '', 0, 0, 1, 0, 0, NULL);
INSERT INTO `iam_perm_menu` VALUES (1828391677497823232, 1811365615815487488, '2024-08-27 19:18:40.447225', 1811365615815487488, '2024-08-27 19:18:40.449864', 0, 0, 1828329876961726464, 'dax-pay-merchant', '交易流水', 'TradeFlowRecordList', '', 0, 0, '/daxpay/common/record/flow/TradeFlowRecordList', '/pay/record/flow', '', 0, 0, 1, 0, 0, NULL);
INSERT INTO `iam_perm_menu` VALUES (1828391753905459200, 1811365615815487488, '2024-08-27 19:18:58.664532', 1811365615815487488, '2024-08-27 19:18:58.666641', 0, 0, 1828329876961726464, 'dax-pay-merchant', '关闭记录(支付)', 'PayCloseRecordList', '', 0, 0, '/daxpay/common/record/close/PayCloseRecordList', '/pay/record/close', '', 0, 0, 1, 0, 0, NULL);
INSERT INTO `iam_perm_menu` VALUES (1828391841390252032, 1811365615815487488, '2024-08-27 19:19:19.522428', 1811365615815487488, '2024-08-27 19:19:19.525582', 0, 0, 1828329876961726464, 'dax-pay-merchant', '同步记录', 'TradeSyncRecordList', '', 0, 0, '/daxpay/common/record/sync/TradeSyncRecordList', '/pay/record/sync', '', 0, 0, 1, 0, 0, NULL);
INSERT INTO `iam_perm_menu` VALUES (1828392143598243840, 1811365615815487488, '2024-08-27 19:20:31.574606', 1811365615815487488, '2024-08-27 19:20:31.576698', 0, 0, 1828330011066208256, 'dax-pay-merchant', '订阅消息', 'NotifyTaskList', '', 0, 0, '/daxpay/common/notice/notify/NotifyTaskList', '/pay/notice/notify', '', 0, 0, 1, 0, 0, NULL);
INSERT INTO `iam_perm_menu` VALUES (1828392258849329152, 1811365615815487488, '2024-08-27 19:20:59.052938', 1811365615815487488, '2024-08-27 19:21:08.423053', 1, 0, 1828330011066208256, 'dax-pay-merchant', '回调消息', 'CallbackTaskList', '', 0, 0, '/daxpay/common/notice/callback/CallbackTaskList', '/pay/notice/callback', '', 0, 0, 1, 0, 0, NULL);
INSERT INTO `iam_perm_menu` VALUES (1828392553994113024, 1811365615815487488, '2024-08-27 19:22:09.420506', 1811365615815487488, '2025-04-14 17:10:53.399805', 1, 0, NULL, 'dax-pay-merchant', '对账管理', 'Reconcile', 'ant-design:arrows-alt-outlined', 0, 0, 'Layout', '/pay/reconcile', '', 10, 1, 1, 0, 0, NULL);
INSERT INTO `iam_perm_menu` VALUES (1828392717093818368, 1811365615815487488, '2024-08-27 19:22:48.306499', 1811365615815487488, '2025-04-14 17:11:00.316929', 2, 0, NULL, 'dax-pay-merchant', '演示模块', 'Demo', 'ant-design:appstore-twotone', 0, 0, 'Layout', '/pay/demo', '', 99, 1, 1, 0, 0, NULL);
INSERT INTO `iam_perm_menu` VALUES (1828393047642722304, 1811365615815487488, '2024-08-27 19:24:07.115223', 1811365615815487488, '2024-08-27 19:24:07.117321', 0, 0, 1828392553994113024, 'dax-pay-merchant', '对账单', 'ReconcileStatementList', '', 0, 0, '/daxpay/common/reconcile/statement/ReconcileStatementList', '/pay/reconcile/statement', '', 0, 0, 1, 0, 0, NULL);
INSERT INTO `iam_perm_menu` VALUES (1828393120791384064, 1811365615815487488, '2024-08-27 19:24:24.555402', 1811365615815487488, '2024-08-27 19:24:24.557034', 0, 0, 1828392553994113024, 'dax-pay-merchant', '差异记录', 'ReconcileDiscrepancyList', '', 0, 0, '/daxpay/common/reconcile/discrepancy/ReconcileDiscrepancyList', '/pay/reconcile/discrepancy', '', 0, 0, 1, 0, 0, NULL);
INSERT INTO `iam_perm_menu` VALUES (1828393198436339712, 1811365615815487488, '2024-08-27 19:24:43.067860', 1811365615815487488, '2024-08-27 19:24:43.071355', 0, 0, 1828330460724957184, 'dax-pay-merchant', '分账接收者', '', '', 0, 0, '', '/pay/allocation', '', 0, 0, 1, 0, 0, NULL);
INSERT INTO `iam_perm_menu` VALUES (1828393240358408192, 1811365615815487488, '2024-08-27 19:24:53.062440', 1811365615815487488, '2024-08-27 19:24:53.064026', 0, 0, 1828330460724957184, 'dax-pay-merchant', '分账组', '', '', 0, 0, '', '/pay/allocation', '', 0, 0, 1, 0, 0, NULL);
INSERT INTO `iam_perm_menu` VALUES (1828393290560032768, 1811365615815487488, '2024-08-27 19:25:05.031618', 1811365615815487488, '2024-08-27 19:25:05.033737', 0, 0, 1828330460724957184, 'dax-pay-merchant', '分账单', '', '', 0, 0, '', '/pay/allocation', '', 0, 0, 1, 0, 0, NULL);
INSERT INTO `iam_perm_menu` VALUES (1836248839544733696, 1811365615815487488, '2024-09-18 11:40:13.861746', 1811365615815487488, '2024-09-25 14:46:38.017375', 1, 0, 1812115119471128576, 'dax-pay-admin', '交易调试', 'DevelopTrade', '', 0, 0, '/daxpay/common/develop/trade/DevelopTrade', '/pay/demo/develop', '', 0, 0, 1, 0, 0, NULL);
INSERT INTO `iam_perm_menu` VALUES (1837381440350912512, 1811365615815487488, '2024-09-21 14:40:46.934676', 1811365615815487488, '2024-09-21 14:40:46.934676', 0, 0, 1810910433264762880, 'dax-pay-admin', '延时队列', 'DelayQuery', '', 0, 0, '/baseapi/delay/DelayQuery', '/system/config/delay', '', 0, 0, 1, 0, 0, NULL);
INSERT INTO `iam_perm_menu` VALUES (1838832057238274048, 1811365615815487488, '2024-09-25 14:45:00.952476', 1811365615815487488, '2024-09-25 14:46:49.484740', 1, 0, 1812115119471128576, 'dax-pay-admin', '认证调试', 'ChannelAuth', '', 0, 0, '/daxpay/common/develop/auth/ChannelAuth', '/pay/demo/channelAuth', '', 0, 0, 1, 0, 0, NULL);
INSERT INTO `iam_perm_menu` VALUES (1856162201900429312, 1811365615815487488, '2024-11-12 10:28:49.417797', 1811365615815487488, '2024-11-12 10:28:49.419797', 0, 0, 1810910433264762880, 'dax-pay-admin', '行政区划', 'ChinaRegion', '', 0, 0, '/baseapi/region/ChinaRegion', '/system/config/region', '', 0, 0, 1, 0, 0, NULL);
INSERT INTO `iam_perm_menu` VALUES (1883148939727785984, 1811365615815487488, '2025-01-25 21:44:29.106006', 1811365615815487488, '2025-01-25 21:48:39.419767', 3, 0, NULL, 'dax-pay-admin', '支付通道', 'Channel', 'ant-design:transaction-outlined', 0, 0, 'Layout', '/pay/channel', '', 0, 1, 1, 0, 0, NULL);
INSERT INTO `iam_perm_menu` VALUES (1883149275196608512, 1811365615815487488, '2025-01-25 21:45:49.086541', 1811365615815487488, '2025-01-25 21:46:24.127782', 1, 0, 1883148939727785984, 'dax-pay-admin', '支付宝', '', '', 0, 0, 'Layout', '/pay/channel/alipay', '', 0, 0, 1, 0, 0, NULL);
INSERT INTO `iam_perm_menu` VALUES (1883149346789183488, 1811365615815487488, '2025-01-25 21:46:06.154587', 1811365615815487488, '2025-01-25 21:46:06.154587', 0, 0, 1883148939727785984, 'dax-pay-admin', '微信', '', '', 0, 0, 'Layout', '/pay/channel/wechat', '', 0, 0, 1, 0, 0, NULL);
INSERT INTO `iam_perm_menu` VALUES (1883149475705311232, 1811365615815487488, '2025-01-25 21:46:36.890326', 1811365615815487488, '2025-02-19 19:07:13.981572', 1, 0, 1883148939727785984, 'dax-pay-admin', '云闪付', '', '', 1, 0, 'Layout', '/pay/channel/union', '', 0, 0, 1, 0, 0, NULL);
INSERT INTO `iam_perm_menu` VALUES (1883722667859677184, 1811365615815487488, '2025-01-27 11:44:16.551262', 1811365615815487488, '2025-02-17 20:40:18.405954', 1, 0, 1883149275196608512, 'dax-pay-admin', '分账接收方管理', 'AlipayReceiverBindList', '', 0, 0, '/daxpay/common/channel/alipay/receiver/bind/AlipayReceiverBindList', '/pay/channel/alipay/alloc/receiver', '', 0, 0, 1, 0, 0, NULL);
INSERT INTO `iam_perm_menu` VALUES (1883722723325153280, 1811365615815487488, '2025-01-27 11:44:29.773100', 1811365615815487488, '2025-02-19 19:08:03.568342', 1, 0, 1883149346789183488, 'dax-pay-admin', '分账接收方管理', 'WechatReceiverBindList', '', 0, 0, '/daxpay/common/channel/wechat/receiver/bind/WechatReceiverBindList', '/pay/channel/wechat/alloc/receiver', '', 0, 0, 1, 0, 0, NULL);
INSERT INTO `iam_perm_menu` VALUES (1899771948020867072, 1811365615815487488, '2025-03-12 18:38:23.121945', 1811365615815487488, '2025-05-07 14:39:35.226925', 0, 1, 1812116779807338496, 'dax-pay-admin', '终端报送类型', 'TerminalConstList', '', 0, 0, '/daxpay/common/constant/terminal/TerminalConstList', '/pay/config/base/terminal', '', 0, 0, 1, 0, 0, NULL);
INSERT INTO `iam_perm_menu` VALUES (1907420295485571072, 1811365615815487488, '2025-04-02 21:10:11.259186', 1811365615815487488, '2025-04-02 21:10:11.259186', 0, 0, 1828392717093818368, 'dax-pay-merchant', '交易调试', 'DevelopTrade', '', 0, 0, '/daxpay/common/develop/trade/DevelopTrade', '/pay/demo/develop', '', 0, 0, 1, 0, 0, NULL);
INSERT INTO `iam_perm_menu` VALUES (1907421058936979456, 1811365615815487488, '2025-04-02 21:13:13.277956', 1811365615815487488, '2025-04-02 21:13:13.277956', 0, 0, 1828392717093818368, 'dax-pay-merchant', '认证调试', 'ChannelAuth', '', 0, 0, '/daxpay/common/develop/auth/ChannelAuth', '/pay/demo/channelAuth', '', 0, 0, 1, 0, 0, NULL);
INSERT INTO `iam_perm_menu` VALUES (1911706396408745984, 1811365615815487488, '2025-04-14 17:01:37.348397', 1811365615815487488, '2025-04-14 17:01:37.348397', 0, 0, 1828343958704066560, 'dax-pay-merchant', '终端报送类型', 'TerminalConstList', '', 0, 0, '/daxpay/common/constant/terminal/TerminalConstList', '/pay/config/base/terminal', '', 0, 0, 1, 0, 0, NULL);
INSERT INTO `iam_perm_menu` VALUES (1911708592894447616, 1811365615815487488, '2025-04-14 17:10:21.031024', 1811365615815487488, '2025-04-14 18:03:16.596981', 1, 0, NULL, 'dax-pay-merchant', '支付通道', 'Channel', 'ant-design:transaction-outlined', 0, 0, 'Layout', '/pay/channel', '', 0, 1, 1, 0, 0, NULL);
INSERT INTO `iam_perm_menu` VALUES (1911714028846649344, 1811365615815487488, '2025-04-14 17:31:57.063383', 1811365615815487488, '2025-04-14 17:31:57.063383', 0, 0, 1911708592894447616, 'dax-pay-merchant', '支付宝', '', '', 0, 0, 'Layout', '/pay/channel/alipay', '', 0, 0, 1, 0, 0, NULL);
INSERT INTO `iam_perm_menu` VALUES (1911714157901189120, 1811365615815487488, '2025-04-14 17:32:27.832357', 1811365615815487488, '2025-04-14 17:32:27.832863', 0, 0, 1911708592894447616, 'dax-pay-merchant', '微信', '', '', 0, 0, 'Layout', '/pay/channel/wechat', '', 0, 0, 1, 0, 0, NULL);
INSERT INTO `iam_perm_menu` VALUES (1911714265061462016, 1811365615815487488, '2025-04-14 17:32:53.381133', 1811365615815487488, '2025-04-14 17:32:53.381133', 0, 0, 1911708592894447616, 'dax-pay-merchant', '云闪付', '', '', 0, 0, 'Layout', '/pay/channel/union', '', 0, 0, 1, 0, 0, NULL);
INSERT INTO `iam_perm_menu` VALUES (1911714477968527360, 1811365615815487488, '2025-04-14 17:33:44.142769', 1811365615815487488, '2025-04-14 17:33:44.142769', 0, 0, 1911708592894447616, 'dax-pay-merchant', '乐刷', '', '', 0, 0, 'Layout', '/pay/channel/leshua', '', 0, 0, 1, 0, 0, NULL);
INSERT INTO `iam_perm_menu` VALUES (1911714643085692928, 1811365615815487488, '2025-04-14 17:34:23.510772', 1811365615815487488, '2025-04-14 17:34:23.510772', 0, 0, 1911708592894447616, 'dax-pay-merchant', '随行付', '', '', 0, 0, 'Layout', '/pay/channel/vbill', '', 0, 0, 1, 0, 0, NULL);
INSERT INTO `iam_perm_menu` VALUES (1911714710303608832, 1811365615815487488, '2025-04-14 17:34:39.535827', 1811365615815487488, '2025-04-14 17:34:39.535827', 0, 0, 1911708592894447616, 'dax-pay-merchant', '汇付天下', '', '', 0, 0, 'Layout', '/pay/channel/adapay', '', 0, 0, 1, 0, 0, NULL);
INSERT INTO `iam_perm_menu` VALUES (1911714769636233216, 1811365615815487488, '2025-04-14 17:34:53.681171', 1811365615815487488, '2025-04-14 17:34:53.681171', 0, 0, 1911708592894447616, 'dax-pay-merchant', '通联支付', '', '', 0, 0, 'Layout', '/pay/channel/allinpay', '', 0, 0, 1, 0, 0, NULL);
INSERT INTO `iam_perm_menu` VALUES (1911714833259630592, 1811365615815487488, '2025-04-14 17:35:08.850874', 1811365615815487488, '2025-04-14 17:35:08.850874', 0, 0, 1911708592894447616, 'dax-pay-merchant', '拉卡拉', '', '', 0, 0, 'Layout', '/pay/channel/lakala', '', 0, 0, 1, 0, 0, NULL);
INSERT INTO `iam_perm_menu` VALUES (1911720890363088896, 1811365615815487488, '2025-04-14 17:59:12.976459', 1811365615815487488, '2025-04-14 17:59:12.976459', 0, 0, 1911714028846649344, 'dax-pay-merchant', '分账接收方管理', 'AlipayReceiverBindList', '', 0, 0, '/daxpay/common/channel/alipay/receiver/bind/AlipayReceiverBindList', '/pay/channel/alipay/alloc/receiver', '', 0, 0, 1, 0, 0, NULL);
INSERT INTO `iam_perm_menu` VALUES (1911720990229467136, 1811365615815487488, '2025-04-14 17:59:36.786069', 1811365615815487488, '2025-04-14 17:59:36.786069', 0, 0, 1911714157901189120, 'dax-pay-merchant', '分账接收方管理', 'WechatReceiverBindList', '', 0, 0, '/daxpay/common/channel/wechat/receiver/bind/WechatReceiverBindList', '/pay/channel/wechat/alloc/receiver', '', 0, 0, 1, 0, 0, NULL);
INSERT INTO `iam_perm_menu` VALUES (1911721140293275648, 1811365615815487488, '2025-04-14 18:00:12.564897', 1811365615815487488, '2025-04-14 18:00:12.564897', 0, 0, 1911714477968527360, 'dax-pay-merchant', '分账接收方管理', 'LeshuaReceiverBindList', '', 0, 0, '/daxpay/common/channel/leshua/receiver/bind/LeshuaReceiverBindList', '/pay/channel/leshua/alloc/receiver/bind', '', 0, 0, 1, 0, 0, NULL);
INSERT INTO `iam_perm_menu` VALUES (1911721245096349696, 1811365615815487488, '2025-04-14 18:00:37.551624', 1811365615815487488, '2025-04-14 18:00:37.551624', 0, 0, 1911714643085692928, 'dax-pay-merchant', '分账接收方管理', '', '', 0, 0, '', '/pay/channel/vbill/alloc/receiver', '', 0, 0, 1, 0, 0, NULL);
INSERT INTO `iam_perm_menu` VALUES (1911721379628650496, 1811365615815487488, '2025-04-14 18:01:09.626762', 1811365615815487488, '2025-04-14 18:01:09.626762', 0, 0, 1911714710303608832, 'dax-pay-merchant', '分账接收方(个人)', 'AdapayAllocPersonReceiverList', '', 0, 0, '/daxpay/common/channel/adapay/receiver/perso/AdapayAllocPersonReceiverList', '/pay/channel/adapay/alloc/receiver/person', '', 0, 0, 1, 0, 0, NULL);
INSERT INTO `iam_perm_menu` VALUES (1911721480505856000, 1811365615815487488, '2025-04-14 18:01:33.677943', 1811365615815487488, '2025-04-14 18:01:47.518210', 1, 0, 1911714710303608832, 'dax-pay-merchant', '分账接收方(企业)', 'AdaPayAllocCorpReceiverList', '', 0, 0, '/daxpay/common/channel/adapay/receiver/corp/AdapayAllocCorpReceiverList', '/pay/channel/adapay/alloc/receiver/corp', '', 0, 0, 1, 0, 0, NULL);
INSERT INTO `iam_perm_menu` VALUES (1911721663163600896, 1811365615815487488, '2025-04-14 18:02:17.226079', 1811365615815487488, '2025-04-14 18:02:17.226079', 0, 0, 1911714710303608832, 'dax-pay-merchant', '分账结算账户', 'AdapaySettleAccountList', '', 0, 0, '/daxpay/common/channel/adapay/settle/AdapaySettleAccountList', '/pay/channel/adapay/alloc/settle', '', 0, 0, 1, 0, 0, NULL);
INSERT INTO `iam_perm_menu` VALUES (1917045943678099456, 1811365615815487488, '2025-04-29 10:39:04.623467', 1811365615815487488, '2025-04-29 10:39:04.624466', 0, 0, 1810910433264762880, 'dax-pay-admin', '缓存管理', 'CacheClear', '', 0, 0, '/baseapi/cache/CacheClear', '/system/config/cache', '', 0, 0, 1, 0, 0, NULL);

-- ----------------------------
-- Table structure for iam_perm_path
-- ----------------------------
DROP TABLE IF EXISTS `iam_perm_path`;
CREATE TABLE `iam_perm_path`  (
  `id` bigint(20) NOT NULL COMMENT '主键',
  `creator` bigint(20) NULL DEFAULT NULL COMMENT '创建者ID',
  `create_time` datetime(6) NULL DEFAULT NULL COMMENT '创建时间',
  `parent_code` varchar(50) CHARACTER SET utf8mb4 COLLATE utf8mb4_unicode_ci NULL DEFAULT NULL COMMENT '上级编码',
  `client_code` varchar(50) CHARACTER SET utf8mb4 COLLATE utf8mb4_unicode_ci NOT NULL COMMENT '终端编码',
  `code` varchar(50) CHARACTER SET utf8mb4 COLLATE utf8mb4_unicode_ci NOT NULL COMMENT '标识编码(模块、分组标识)',
  `name` varchar(50) CHARACTER SET utf8mb4 COLLATE utf8mb4_unicode_ci NULL DEFAULT NULL COMMENT '名称(请求路径、模块、分组名称)',
  `leaf` tinyint(1) NOT NULL COMMENT '叶子节点',
  `path` varchar(200) CHARACTER SET utf8mb4 COLLATE utf8mb4_unicode_ci NULL DEFAULT NULL COMMENT '请求路径',
  `method` varchar(10) CHARACTER SET utf8mb4 COLLATE utf8mb4_unicode_ci NULL DEFAULT NULL COMMENT '请求类型, 为全大写单词',
  PRIMARY KEY (`id`) USING BTREE
) ENGINE = InnoDB CHARACTER SET = utf8mb4 COLLATE = utf8mb4_general_ci COMMENT = '请求权限(url)' ROW_FORMAT = Dynamic;

-- ----------------------------
-- Records of iam_perm_path
-- ----------------------------

-- ----------------------------
-- Table structure for iam_role
-- ----------------------------
DROP TABLE IF EXISTS `iam_role`;
CREATE TABLE `iam_role`  (
  `id` bigint(20) NOT NULL COMMENT '主键',
  `creator` bigint(20) NULL DEFAULT NULL COMMENT '创建者ID',
  `create_time` datetime(6) NULL DEFAULT NULL COMMENT '创建时间',
  `last_modifier` bigint(20) NULL DEFAULT NULL COMMENT '最后修改ID',
  `last_modified_time` datetime(6) NULL DEFAULT NULL COMMENT '最后修改时间',
  `version` int(11) NOT NULL COMMENT '版本号',
  `deleted` tinyint(1) NOT NULL COMMENT '删除标志',
  `pid` bigint(20) NULL DEFAULT NULL COMMENT '父级Id',
  `code` varchar(50) CHARACTER SET utf8mb4 COLLATE utf8mb4_unicode_ci NULL DEFAULT NULL COMMENT '编码',
  `name` varchar(100) CHARACTER SET utf8mb4 COLLATE utf8mb4_unicode_ci NULL DEFAULT NULL COMMENT '名称',
  `internal` tinyint(1) NULL DEFAULT NULL COMMENT '是否系统内置',
  `remark` varchar(255) CHARACTER SET utf8mb4 COLLATE utf8mb4_unicode_ci NULL DEFAULT NULL COMMENT '备注',
  PRIMARY KEY (`id`) USING BTREE
) ENGINE = InnoDB CHARACTER SET = utf8mb4 COLLATE = utf8mb4_general_ci COMMENT = '角色' ROW_FORMAT = Dynamic;

-- ----------------------------
-- Records of iam_role
-- ----------------------------
INSERT INTO `iam_role` VALUES (1810203792869191680, 0, '2024-07-08 14:46:30.838451', 0, '2024-07-08 14:46:30.838451', 0, 0, NULL, 'admin', '管理员', 0, '');
INSERT INTO `iam_role` VALUES (1915313263198453760, 1811365615815487488, '2025-04-24 15:54:01.403417', 1811365615815487488, '2025-04-24 15:54:01.403417', 0, 0, NULL, 'daxpay_admin', '运营端管理员', 0, '');

-- ----------------------------
-- Table structure for iam_role_code
-- ----------------------------
DROP TABLE IF EXISTS `iam_role_code`;
CREATE TABLE `iam_role_code`  (
  `id` bigint(20) NOT NULL COMMENT '主键',
  `role_id` bigint(20) NOT NULL COMMENT '角色ID',
  `code_id` bigint(20) NOT NULL COMMENT '权限码',
  PRIMARY KEY (`id`) USING BTREE
) ENGINE = InnoDB CHARACTER SET = utf8mb4 COLLATE = utf8mb4_general_ci COMMENT = '角色权限码关联关系' ROW_FORMAT = Dynamic;

-- ----------------------------
-- Records of iam_role_code
-- ----------------------------

-- ----------------------------
-- Table structure for iam_role_menu
-- ----------------------------
DROP TABLE IF EXISTS `iam_role_menu`;
CREATE TABLE `iam_role_menu`  (
  `id` bigint(20) NOT NULL COMMENT '主键',
  `role_id` bigint(20) NOT NULL COMMENT '角色ID',
  `client_code` varchar(50) CHARACTER SET utf8mb4 COLLATE utf8mb4_unicode_ci NOT NULL COMMENT '终端编码',
  `menu_id` bigint(20) NOT NULL COMMENT '菜单ID',
  PRIMARY KEY (`id`) USING BTREE
) ENGINE = InnoDB CHARACTER SET = utf8mb4 COLLATE = utf8mb4_general_ci COMMENT = '角色菜单关联关系' ROW_FORMAT = Dynamic;

-- ----------------------------
-- Records of iam_role_menu
-- ----------------------------

-- ----------------------------
-- Table structure for iam_role_path
-- ----------------------------
DROP TABLE IF EXISTS `iam_role_path`;
CREATE TABLE `iam_role_path`  (
  `id` bigint(20) NOT NULL COMMENT '主键',
  `role_id` bigint(20) NOT NULL COMMENT '角色ID',
  `client_code` varchar(50) CHARACTER SET utf8mb4 COLLATE utf8mb4_unicode_ci NOT NULL COMMENT '终端编码',
  `path_id` bigint(20) NOT NULL COMMENT '请求资源ID',
  PRIMARY KEY (`id`) USING BTREE
) ENGINE = InnoDB CHARACTER SET = utf8mb4 COLLATE = utf8mb4_general_ci COMMENT = '角色路径关联关系' ROW_FORMAT = Dynamic;

-- ----------------------------
-- Records of iam_role_path
-- ----------------------------

-- ----------------------------
-- Table structure for iam_user_expand_info
-- ----------------------------
DROP TABLE IF EXISTS `iam_user_expand_info`;
CREATE TABLE `iam_user_expand_info`  (
  `id` bigint(20) NOT NULL COMMENT '主键',
  `creator` bigint(20) NULL DEFAULT NULL COMMENT '创建者ID',
  `create_time` datetime(6) NULL DEFAULT NULL COMMENT '创建时间',
  `last_modifier` bigint(20) NULL DEFAULT NULL COMMENT '最后修改ID',
  `last_modified_time` datetime(6) NULL DEFAULT NULL COMMENT '最后修改时间',
  `version` int(11) NOT NULL COMMENT '版本号',
  `deleted` tinyint(1) NOT NULL COMMENT '删除标志',
  `sex` varchar(10) CHARACTER SET utf8mb4 COLLATE utf8mb4_unicode_ci NULL DEFAULT NULL COMMENT '性别',
  `avatar` varchar(300) CHARACTER SET utf8mb4 COLLATE utf8mb4_unicode_ci NULL DEFAULT NULL COMMENT '头像图片url',
  `birthday` date NULL DEFAULT NULL COMMENT '生日',
  `last_login_time` datetime NULL DEFAULT NULL COMMENT '上次登录时间',
  `register_time` datetime(6) NULL DEFAULT NULL COMMENT '注册时间',
  `current_login_time` datetime(6) NULL DEFAULT NULL COMMENT '本次登录时间',
  `initial_password` tinyint(1) NULL DEFAULT NULL COMMENT '是否初始密码',
  `expire_password` tinyint(1) NULL DEFAULT NULL COMMENT '密码是否过期',
  `last_change_password_time` datetime(6) NULL DEFAULT NULL COMMENT '上次修改密码时间',
  PRIMARY KEY (`id`) USING BTREE
) ENGINE = InnoDB CHARACTER SET = utf8mb4 COLLATE = utf8mb4_general_ci COMMENT = '用户扩展信息' ROW_FORMAT = Dynamic;

-- ----------------------------
-- Records of iam_user_expand_info
-- ----------------------------
INSERT INTO `iam_user_expand_info` VALUES (1811365615815487488, 0, '2024-07-11 19:43:11.023201', 0, '2024-07-11 19:43:11.023201', 0, 0, NULL, NULL, NULL, NULL, '2024-07-11 19:43:11.021597', NULL, 0, 0, NULL);

-- ----------------------------
-- Table structure for iam_user_info
-- ----------------------------
DROP TABLE IF EXISTS `iam_user_info`;
CREATE TABLE `iam_user_info`  (
  `id` bigint(20) NOT NULL COMMENT '主键',
  `creator` bigint(20) NULL DEFAULT NULL COMMENT '创建者ID',
  `create_time` datetime(6) NULL DEFAULT NULL COMMENT '创建时间',
  `last_modifier` bigint(20) NULL DEFAULT NULL COMMENT '最后修改ID',
  `last_modified_time` datetime(6) NULL DEFAULT NULL COMMENT '最后修改时间',
  `version` int(11) NOT NULL COMMENT '版本号',
  `deleted` tinyint(1) NOT NULL COMMENT '删除标志',
  `name` varchar(50) CHARACTER SET utf8mb4 COLLATE utf8mb4_unicode_ci NULL DEFAULT NULL COMMENT '名称',
  `account` varchar(50) CHARACTER SET utf8mb4 COLLATE utf8mb4_unicode_ci NOT NULL COMMENT '账号',
  `password` varchar(120) CHARACTER SET utf8mb4 COLLATE utf8mb4_unicode_ci NOT NULL COMMENT '密码',
  `phone` varchar(50) CHARACTER SET utf8mb4 COLLATE utf8mb4_unicode_ci NULL DEFAULT NULL COMMENT '手机号',
  `email` varchar(50) CHARACTER SET utf8mb4 COLLATE utf8mb4_unicode_ci NULL DEFAULT NULL COMMENT '邮箱',
  `administrator` tinyint(1) NOT NULL COMMENT '是否管理员',
  `status` varchar(50) CHARACTER SET utf8mb4 COLLATE utf8mb4_unicode_ci NULL DEFAULT NULL COMMENT '账号状态',
  PRIMARY KEY (`id`) USING BTREE
) ENGINE = InnoDB CHARACTER SET = utf8mb4 COLLATE = utf8mb4_general_ci COMMENT = '用户核心信息' ROW_FORMAT = Dynamic;

INSERT INTO `iam_user_info` (`id`, `creator`, `create_time`, `last_modifier`, `last_modified_time`, `version`, `deleted`, `name`, `account`, `password`, `phone`, `email`, `administrator`, `status`) VALUES (1811365615815487488, 0, '2024-07-11 19:43:11.013754', 0, '2024-07-11 19:43:32.925167', 1, 0, '超级管理员', 'bootx', '$2a$10$knt/I7FYX9YpWYfjv4ChhuOhiYGf3/fCvrHxm51pis.OnNPBDvSeC', '13333333333', 'bootx@bootx.cn', 1, 'normal');

-- ----------------------------
-- Records of iam_user_info
-- ----------------------------

-- ----------------------------
-- Table structure for iam_user_role
-- ----------------------------
DROP TABLE IF EXISTS `iam_user_role`;
CREATE TABLE `iam_user_role`  (
  `id` bigint(20) NOT NULL COMMENT '主键',
  `user_id` bigint(20) NOT NULL COMMENT '用户ID',
  `role_id` bigint(20) NOT NULL COMMENT '角色ID',
  PRIMARY KEY (`id`) USING BTREE
) ENGINE = InnoDB CHARACTER SET = utf8mb4 COLLATE = utf8mb4_general_ci COMMENT = '用户角色关联关系' ROW_FORMAT = Dynamic;

-- ----------------------------
-- Records of iam_user_role
-- ----------------------------

-- ----------------------------
-- Table structure for pay_aggregate_bar_pay_config
-- ----------------------------
DROP TABLE IF EXISTS `pay_aggregate_bar_pay_config`;
CREATE TABLE `pay_aggregate_bar_pay_config`  (
  `id` bigint(20) NOT NULL COMMENT '主键',
  `creator` bigint(20) NULL DEFAULT NULL COMMENT '创建者ID',
  `create_time` datetime(6) NULL DEFAULT NULL COMMENT '创建时间',
  `last_modifier` bigint(20) NULL DEFAULT NULL COMMENT '最后修者ID',
  `last_modified_time` datetime(6) NULL DEFAULT NULL COMMENT '最后修改时间',
  `version` int(11) NOT NULL COMMENT '乐观锁',
  `deleted` tinyint(1) NOT NULL COMMENT '删除标志',
  `app_id` varchar(32) CHARACTER SET utf8mb4 COLLATE utf8mb4_unicode_ci NULL DEFAULT NULL COMMENT '应用号',
  `bar_pay_type` varchar(32) CHARACTER SET utf8mb4 COLLATE utf8mb4_unicode_ci NULL DEFAULT NULL COMMENT '付款码类型',
  `channel` varchar(32) CHARACTER SET utf8mb4 COLLATE utf8mb4_unicode_ci NULL DEFAULT NULL COMMENT '通道',
  `pay_method` varchar(32) CHARACTER SET utf8mb4 COLLATE utf8mb4_unicode_ci NULL DEFAULT NULL COMMENT '支付方式',
  `other_method` varchar(32) CHARACTER SET utf8mb4 COLLATE utf8mb4_unicode_ci NULL DEFAULT NULL COMMENT '其他支付方式',
  `mch_no` varchar(32) CHARACTER SET utf8mb4 COLLATE utf8mb4_unicode_ci NULL DEFAULT NULL COMMENT '商户号',
  PRIMARY KEY (`id`) USING BTREE
) ENGINE = InnoDB CHARACTER SET = utf8mb4 COLLATE = utf8mb4_general_ci COMMENT = '网关聚合付款码支付配置' ROW_FORMAT = Dynamic;

-- ----------------------------
-- Records of pay_aggregate_bar_pay_config
-- ----------------------------

-- ----------------------------
-- Table structure for pay_aggregate_pay_config
-- ----------------------------
DROP TABLE IF EXISTS `pay_aggregate_pay_config`;
CREATE TABLE `pay_aggregate_pay_config`  (
  `id` bigint(20) NOT NULL COMMENT '主键',
  `creator` bigint(20) NULL DEFAULT NULL COMMENT '创建者ID',
  `create_time` datetime(6) NULL DEFAULT NULL COMMENT '创建时间',
  `last_modifier` bigint(20) NULL DEFAULT NULL COMMENT '最后修者ID',
  `last_modified_time` datetime(6) NULL DEFAULT NULL COMMENT '最后修改时间',
  `version` int(11) NOT NULL COMMENT '乐观锁',
  `deleted` tinyint(1) NOT NULL COMMENT '删除标志',
  `app_id` varchar(32) CHARACTER SET utf8mb4 COLLATE utf8mb4_unicode_ci NULL DEFAULT NULL COMMENT '应用号',
  `aggregate_type` varchar(32) CHARACTER SET utf8mb4 COLLATE utf8mb4_unicode_ci NULL DEFAULT NULL COMMENT '聚合支付类型',
  `channel` varchar(32) CHARACTER SET utf8mb4 COLLATE utf8mb4_unicode_ci NULL DEFAULT NULL COMMENT '通道',
  `pay_method` varchar(32) CHARACTER SET utf8mb4 COLLATE utf8mb4_unicode_ci NULL DEFAULT NULL COMMENT '支付方式',
  `auto_launch` tinyint(1) NULL DEFAULT NULL COMMENT '自动拉起支付',
  `other_method` varchar(32) CHARACTER SET utf8mb4 COLLATE utf8mb4_unicode_ci NULL DEFAULT NULL COMMENT '其他支付方式',
  `mch_no` varchar(32) CHARACTER SET utf8mb4 COLLATE utf8mb4_unicode_ci NULL DEFAULT NULL COMMENT '商户号',
  `need_open_id` tinyint(1) NULL DEFAULT NULL COMMENT '需要获取OpenId',
  `call_type` varchar(32) CHARACTER SET utf8mb4 COLLATE utf8mb4_unicode_ci NULL DEFAULT NULL COMMENT '调用方式',
  PRIMARY KEY (`id`) USING BTREE
) ENGINE = InnoDB CHARACTER SET = utf8mb4 COLLATE = utf8mb4_general_ci COMMENT = '网关聚合支付配置' ROW_FORMAT = Dynamic;

-- ----------------------------
-- Records of pay_aggregate_pay_config
-- ----------------------------

-- ----------------------------
-- Table structure for pay_alipay_alloc_receiver_bind
-- ----------------------------
DROP TABLE IF EXISTS `pay_alipay_alloc_receiver_bind`;
CREATE TABLE `pay_alipay_alloc_receiver_bind`  (
  `id` bigint(20) NOT NULL COMMENT '主键',
  `creator` bigint(20) NULL DEFAULT NULL COMMENT '创建者ID',
  `create_time` datetime(6) NULL DEFAULT NULL COMMENT '创建时间',
  `last_modifier` bigint(20) NULL DEFAULT NULL COMMENT '最后修改ID',
  `last_modified_time` datetime(6) NULL DEFAULT NULL COMMENT '最后修改时间',
  `version` int(11) NOT NULL COMMENT '版本号',
  `deleted` tinyint(1) NOT NULL COMMENT '删除标志',
  `app_id` varchar(32) CHARACTER SET utf8mb4 COLLATE utf8mb4_unicode_ci NULL DEFAULT NULL COMMENT '应用号',
  `mch_no` varchar(32) CHARACTER SET utf8mb4 COLLATE utf8mb4_unicode_ci NULL DEFAULT NULL COMMENT '商户号',
  `receiver_name` varchar(64) CHARACTER SET utf8mb4 COLLATE utf8mb4_unicode_ci NULL DEFAULT NULL COMMENT '接收方名称',
  `receiver_account` varchar(64) CHARACTER SET utf8mb4 COLLATE utf8mb4_unicode_ci NULL DEFAULT NULL COMMENT '接收方账号',
  `receiver_type` varchar(32) CHARACTER SET utf8mb4 COLLATE utf8mb4_unicode_ci NULL DEFAULT NULL COMMENT '接收方类型',
  `relation_type` varchar(32) CHARACTER SET utf8mb4 COLLATE utf8mb4_unicode_ci NULL DEFAULT NULL COMMENT '分账关系类型',
  `relation_name` varchar(64) CHARACTER SET utf8mb4 COLLATE utf8mb4_unicode_ci NULL DEFAULT NULL COMMENT '分账关系名称',
  `isv` tinyint(1) NULL DEFAULT NULL COMMENT '是否服务商模式',
  `bind` tinyint(1) NULL DEFAULT NULL COMMENT '是否绑定',
  `error_msg` varchar(200) CHARACTER SET utf8mb4 COLLATE utf8mb4_unicode_ci NULL DEFAULT NULL COMMENT '错误提示',
  PRIMARY KEY (`id`) USING BTREE
) ENGINE = InnoDB CHARACTER SET = utf8mb4 COLLATE = utf8mb4_general_ci COMMENT = '支付宝分账接收方绑定' ROW_FORMAT = Dynamic;

-- ----------------------------
-- Records of pay_alipay_alloc_receiver_bind
-- ----------------------------

-- ----------------------------
-- Table structure for pay_alloc_config
-- ----------------------------
DROP TABLE IF EXISTS `pay_alloc_config`;
CREATE TABLE `pay_alloc_config`  (
  `id` bigint(20) NOT NULL COMMENT '主键',
  `creator` bigint(20) NULL DEFAULT NULL COMMENT '创建者ID',
  `create_time` datetime(6) NULL DEFAULT NULL COMMENT '创建时间',
  `last_modifier` bigint(20) NULL DEFAULT NULL COMMENT '最后修改ID',
  `last_modified_time` datetime(6) NULL DEFAULT NULL COMMENT '最后修改时间',
  `version` int(11) NOT NULL COMMENT '版本号',
  `app_id` varchar(32) CHARACTER SET utf8mb4 COLLATE utf8mb4_unicode_ci NOT NULL COMMENT '应用号',
  `min_amount` decimal(10, 2) NULL DEFAULT NULL COMMENT '分账起始额',
  `auto_alloc` tinyint(1) NULL DEFAULT NULL COMMENT '开启自动分账',
  `deleted` tinyint(1) NOT NULL COMMENT '删除标志',
  `delay_time` bigint(20) NULL DEFAULT NULL COMMENT '分账延迟时长(分钟)',
  `auto_finish` tinyint(1) NULL DEFAULT NULL COMMENT '自动完结',
  `mch_no` varchar(32) CHARACTER SET utf8mb4 COLLATE utf8mb4_unicode_ci NULL DEFAULT NULL COMMENT '商户号',
  `isv_no` varchar(64) CHARACTER SET utf8mb4 COLLATE utf8mb4_unicode_ci NULL DEFAULT NULL COMMENT '所属服务商',
  PRIMARY KEY (`id`) USING BTREE
) ENGINE = InnoDB CHARACTER SET = utf8mb4 COLLATE = utf8mb4_general_ci COMMENT = '分账配置参数' ROW_FORMAT = Dynamic;

-- ----------------------------
-- Records of pay_alloc_config
-- ----------------------------

-- ----------------------------
-- Table structure for pay_alloc_detail
-- ----------------------------
DROP TABLE IF EXISTS `pay_alloc_detail`;
CREATE TABLE `pay_alloc_detail`  (
  `id` bigint(20) NOT NULL COMMENT '主键',
  `allocation_id` bigint(20) NOT NULL COMMENT '分账订单ID',
  `receiver_id` bigint(20) NOT NULL COMMENT '接收者ID',
  `receiver_no` varchar(32) CHARACTER SET utf8mb4 COLLATE utf8mb4_unicode_ci NOT NULL COMMENT '分账接收方编号',
  `rate` decimal(8, 2) NOT NULL COMMENT '分账比例(百分之多少)',
  `amount` decimal(10, 2) NOT NULL COMMENT '分账金额',
  `receiver_type` varchar(20) CHARACTER SET utf8mb4 COLLATE utf8mb4_unicode_ci NOT NULL COMMENT '分账接收方类型',
  `receiver_account` varchar(100) CHARACTER SET utf8mb4 COLLATE utf8mb4_unicode_ci NOT NULL COMMENT '接收方账号',
  `receiver_name` varchar(100) CHARACTER SET utf8mb4 COLLATE utf8mb4_unicode_ci NULL DEFAULT NULL COMMENT '接收方姓名',
  `result` varchar(20) CHARACTER SET utf8mb4 COLLATE utf8mb4_unicode_ci NOT NULL COMMENT '分账结果',
  `error_code` varchar(10) CHARACTER SET utf8mb4 COLLATE utf8mb4_unicode_ci NULL DEFAULT NULL COMMENT '错误代码',
  `error_msg` varchar(150) CHARACTER SET utf8mb4 COLLATE utf8mb4_unicode_ci NULL DEFAULT NULL COMMENT '错误原因',
  `finish_time` datetime(6) NULL DEFAULT NULL COMMENT '分账完成时间',
  `creator` bigint(20) NULL DEFAULT NULL COMMENT '创建者ID',
  `create_time` datetime(6) NULL DEFAULT NULL COMMENT '创建时间',
  `last_modifier` bigint(20) NULL DEFAULT NULL COMMENT '最后修者ID',
  `last_modified_time` datetime(6) NULL DEFAULT NULL COMMENT '最后修改时间',
  `version` int(11) NOT NULL COMMENT '乐观锁',
  `deleted` tinyint(1) NOT NULL COMMENT '删除标志',
  `app_id` varchar(32) CHARACTER SET utf8mb4 COLLATE utf8mb4_unicode_ci NULL DEFAULT NULL COMMENT '应用号',
  `out_detail_id` varchar(64) CHARACTER SET utf8mb4 COLLATE utf8mb4_unicode_ci NULL DEFAULT NULL COMMENT '外部关联明细',
  `mch_no` varchar(32) CHARACTER SET utf8mb4 COLLATE utf8mb4_unicode_ci NULL DEFAULT NULL COMMENT '商户号',
  `isv_no` varchar(64) CHARACTER SET utf8mb4 COLLATE utf8mb4_unicode_ci NULL DEFAULT NULL COMMENT '所属服务商',
  PRIMARY KEY (`id`) USING BTREE,
  INDEX `allocation_id`(`allocation_id`) USING BTREE COMMENT '分账订单ID索引'
) ENGINE = InnoDB CHARACTER SET = utf8mb4 COLLATE = utf8mb4_general_ci COMMENT = '分账订单明细' ROW_FORMAT = Dynamic;

-- ----------------------------
-- Records of pay_alloc_detail
-- ----------------------------

-- ----------------------------
-- Table structure for pay_alloc_group
-- ----------------------------
DROP TABLE IF EXISTS `pay_alloc_group`;
CREATE TABLE `pay_alloc_group`  (
  `id` bigint(20) NOT NULL COMMENT '主键',
  `group_no` varchar(32) CHARACTER SET utf8mb4 COLLATE utf8mb4_unicode_ci NOT NULL COMMENT '分账组编码',
  `name` varchar(50) CHARACTER SET utf8mb4 COLLATE utf8mb4_unicode_ci NULL DEFAULT NULL COMMENT '名称',
  `channel` varchar(20) CHARACTER SET utf8mb4 COLLATE utf8mb4_unicode_ci NOT NULL COMMENT '通道',
  `default_group` tinyint(1) NULL DEFAULT NULL COMMENT '是否默认分账组',
  `total_rate` decimal(5, 2) NULL DEFAULT NULL COMMENT '总分账比例(百分之多少)',
  `remark` varchar(200) CHARACTER SET utf8mb4 COLLATE utf8mb4_unicode_ci NULL DEFAULT NULL COMMENT '备注',
  `creator` bigint(20) NULL DEFAULT NULL COMMENT '创建者ID',
  `create_time` datetime(6) NULL DEFAULT NULL COMMENT '创建时间',
  `last_modifier` bigint(20) NULL DEFAULT NULL COMMENT '最后修改ID',
  `last_modified_time` datetime(6) NULL DEFAULT NULL COMMENT '最后修改时间',
  `version` int(11) NOT NULL COMMENT '版本号',
  `deleted` tinyint(1) NOT NULL COMMENT '删除标志',
  `app_id` varchar(32) CHARACTER SET utf8mb4 COLLATE utf8mb4_unicode_ci NULL DEFAULT NULL COMMENT '应用号',
  `mch_no` varchar(32) CHARACTER SET utf8mb4 COLLATE utf8mb4_unicode_ci NULL DEFAULT NULL COMMENT '商户号',
  `isv_no` varchar(64) CHARACTER SET utf8mb4 COLLATE utf8mb4_unicode_ci NULL DEFAULT NULL COMMENT '所属服务商',
  PRIMARY KEY (`id`) USING BTREE
) ENGINE = InnoDB CHARACTER SET = utf8mb4 COLLATE = utf8mb4_general_ci COMMENT = '分账组' ROW_FORMAT = Dynamic;

-- ----------------------------
-- Records of pay_alloc_group
-- ----------------------------

-- ----------------------------
-- Table structure for pay_alloc_group_receiver
-- ----------------------------
DROP TABLE IF EXISTS `pay_alloc_group_receiver`;
CREATE TABLE `pay_alloc_group_receiver`  (
  `id` bigint(20) NOT NULL COMMENT '主键',
  `group_id` bigint(20) NOT NULL COMMENT '分账组ID',
  `receiver_id` bigint(20) NOT NULL COMMENT '接收者ID',
  `rate` decimal(5, 2) NULL DEFAULT NULL COMMENT '分账比例(百分之多少)',
  `creator` bigint(20) NULL DEFAULT NULL COMMENT '创建者ID',
  `create_time` datetime(6) NULL DEFAULT NULL COMMENT '创建时间',
  `last_modifier` bigint(20) NULL DEFAULT NULL COMMENT '最后修改ID',
  `last_modified_time` datetime(6) NULL DEFAULT NULL COMMENT '最后修改时间',
  `version` int(11) NOT NULL COMMENT '版本号',
  `deleted` tinyint(1) NOT NULL COMMENT '删除标志',
  `app_id` varchar(32) CHARACTER SET utf8mb4 COLLATE utf8mb4_unicode_ci NULL DEFAULT NULL COMMENT '应用号',
  `mch_no` varchar(32) CHARACTER SET utf8mb4 COLLATE utf8mb4_unicode_ci NULL DEFAULT NULL COMMENT '商户号',
  `isv_no` varchar(64) CHARACTER SET utf8mb4 COLLATE utf8mb4_unicode_ci NULL DEFAULT NULL COMMENT '所属服务商',
  PRIMARY KEY (`id`) USING BTREE
) ENGINE = InnoDB CHARACTER SET = utf8mb4 COLLATE = utf8mb4_general_ci COMMENT = '分账接收组关系' ROW_FORMAT = Dynamic;

-- ----------------------------
-- Records of pay_alloc_group_receiver
-- ----------------------------

-- ----------------------------
-- Table structure for pay_alloc_order
-- ----------------------------
DROP TABLE IF EXISTS `pay_alloc_order`;
CREATE TABLE `pay_alloc_order`  (
  `id` bigint(20) NOT NULL COMMENT '主键',
  `alloc_no` varchar(32) CHARACTER SET utf8mb4 COLLATE utf8mb4_unicode_ci NOT NULL COMMENT '分账单号',
  `biz_alloc_no` varchar(100) CHARACTER SET utf8mb4 COLLATE utf8mb4_unicode_ci NOT NULL COMMENT '商户分账单号',
  `out_alloc_no` varchar(150) CHARACTER SET utf8mb4 COLLATE utf8mb4_unicode_ci NULL DEFAULT NULL COMMENT '通道分账号',
  `order_id` bigint(20) NOT NULL COMMENT '支付订单ID',
  `order_no` varchar(32) CHARACTER SET utf8mb4 COLLATE utf8mb4_unicode_ci NOT NULL COMMENT '支付订单号',
  `biz_order_no` varchar(100) CHARACTER SET utf8mb4 COLLATE utf8mb4_unicode_ci NOT NULL COMMENT '商户支付订单号',
  `out_order_no` varchar(150) CHARACTER SET utf8mb4 COLLATE utf8mb4_unicode_ci NOT NULL COMMENT '通道支付订单号',
  `title` varchar(100) CHARACTER SET utf8mb4 COLLATE utf8mb4_unicode_ci NOT NULL COMMENT '支付标题',
  `channel` varchar(20) CHARACTER SET utf8mb4 COLLATE utf8mb4_unicode_ci NOT NULL COMMENT '所属通道',
  `amount` decimal(10, 2) NOT NULL COMMENT '总分账金额',
  `description` varchar(150) CHARACTER SET utf8mb4 COLLATE utf8mb4_unicode_ci NULL DEFAULT NULL COMMENT '分账描述',
  `status` varchar(30) CHARACTER SET utf8mb4 COLLATE utf8mb4_unicode_ci NOT NULL COMMENT '状态',
  `result` varchar(20) CHARACTER SET utf8mb4 COLLATE utf8mb4_unicode_ci NOT NULL COMMENT '处理结果',
  `finish_time` datetime(6) NULL DEFAULT NULL COMMENT '分账完成时间',
  `notify_url` varchar(200) CHARACTER SET utf8mb4 COLLATE utf8mb4_unicode_ci NULL DEFAULT NULL COMMENT '异步通知地址',
  `attach` varchar(500) CHARACTER SET utf8mb4 COLLATE utf8mb4_unicode_ci NULL DEFAULT NULL COMMENT '商户扩展参数',
  `req_time` datetime(6) NULL DEFAULT NULL COMMENT '请求时间，传输时间戳',
  `client_ip` varchar(64) CHARACTER SET utf8mb4 COLLATE utf8mb4_unicode_ci NULL DEFAULT NULL COMMENT '支付终端ip',
  `error_code` varchar(10) CHARACTER SET utf8mb4 COLLATE utf8mb4_unicode_ci NULL DEFAULT NULL COMMENT '错误码',
  `error_msg` text CHARACTER SET utf8mb4 COLLATE utf8mb4_unicode_ci NULL COMMENT '错误信息',
  `creator` bigint(20) NULL DEFAULT NULL COMMENT '创建者ID',
  `create_time` datetime(6) NULL DEFAULT NULL COMMENT '创建时间',
  `last_modifier` bigint(20) NULL DEFAULT NULL COMMENT '最后修者ID',
  `last_modified_time` datetime(6) NULL DEFAULT NULL COMMENT '最后修改时间',
  `version` int(11) NOT NULL COMMENT '版本号',
  `deleted` tinyint(1) NOT NULL COMMENT '删除标志',
  `app_id` varchar(32) CHARACTER SET utf8mb4 COLLATE utf8mb4_unicode_ci NULL DEFAULT NULL COMMENT '应用号',
  `mch_no` varchar(32) CHARACTER SET utf8mb4 COLLATE utf8mb4_unicode_ci NULL DEFAULT NULL COMMENT '商户号',
  `isv_no` varchar(64) CHARACTER SET utf8mb4 COLLATE utf8mb4_unicode_ci NULL DEFAULT NULL COMMENT '所属服务商',
  INDEX `alloc_no`(`alloc_no`) USING BTREE COMMENT '分账单号索引',
  INDEX `biz_alloc_no`(`biz_alloc_no`) USING BTREE COMMENT '商户分账单号索引',
  INDEX `order_id`(`order_id`) USING BTREE COMMENT '支付订单ID索引',
  INDEX `out_alloc_no`(`out_alloc_no`) USING BTREE COMMENT '通道分账号索引'
) ENGINE = InnoDB CHARACTER SET = utf8mb4 COLLATE = utf8mb4_general_ci COMMENT = '分账订单' ROW_FORMAT = Dynamic;

-- ----------------------------
-- Records of pay_alloc_order
-- ----------------------------

-- ----------------------------
-- Table structure for pay_alloc_receiver
-- ----------------------------
DROP TABLE IF EXISTS `pay_alloc_receiver`;
CREATE TABLE `pay_alloc_receiver`  (
  `id` bigint(20) NOT NULL COMMENT '主键',
  `receiver_no` varchar(32) CHARACTER SET utf8mb4 COLLATE utf8mb4_unicode_ci NOT NULL COMMENT '接收方编号',
  `channel` varchar(20) CHARACTER SET utf8mb4 COLLATE utf8mb4_unicode_ci NOT NULL COMMENT '所属通道',
  `receiver_name` varchar(100) CHARACTER SET utf8mb4 COLLATE utf8mb4_unicode_ci NULL DEFAULT NULL COMMENT '接收方名称',
  `creator` bigint(20) NULL DEFAULT NULL COMMENT '创建者ID',
  `create_time` datetime(6) NULL DEFAULT NULL COMMENT '创建时间',
  `last_modifier` bigint(20) NULL DEFAULT NULL COMMENT '最后修改ID',
  `last_modified_time` datetime(6) NULL DEFAULT NULL COMMENT '最后修改时间',
  `version` int(11) NOT NULL COMMENT '版本号',
  `app_id` varchar(32) CHARACTER SET utf8mb4 COLLATE utf8mb4_unicode_ci NULL DEFAULT NULL COMMENT '应用号',
  `deleted` tinyint(1) NOT NULL COMMENT '删除标志',
  `mch_no` varchar(32) CHARACTER SET utf8mb4 COLLATE utf8mb4_unicode_ci NULL DEFAULT NULL COMMENT '商户号',
  `isv_no` varchar(64) CHARACTER SET utf8mb4 COLLATE utf8mb4_unicode_ci NULL DEFAULT NULL COMMENT '所属服务商',
  `receiver_account` varchar(100) CHARACTER SET utf8mb4 COLLATE utf8mb4_unicode_ci NULL DEFAULT NULL COMMENT '接收方账号',
  `ext` text CHARACTER SET utf8mb4 COLLATE utf8mb4_unicode_ci NULL COMMENT '扩展存储',
  `receiver_type` varchar(64) CHARACTER SET utf8mb4 COLLATE utf8mb4_unicode_ci NULL DEFAULT NULL COMMENT '接收方类型',
  PRIMARY KEY (`id`) USING BTREE
) ENGINE = InnoDB CHARACTER SET = utf8mb4 COLLATE = utf8mb4_general_ci COMMENT = '分账接收方' ROW_FORMAT = Dynamic;

-- ----------------------------
-- Records of pay_alloc_receiver
-- ----------------------------

-- ----------------------------
-- Table structure for pay_api_const
-- ----------------------------
DROP TABLE IF EXISTS `pay_api_const`;
CREATE TABLE `pay_api_const`  (
  `id` bigint(20) NOT NULL COMMENT '主键',
  `code` varchar(50) CHARACTER SET utf8mb4 COLLATE utf8mb4_unicode_ci NOT NULL COMMENT '编码',
  `name` varchar(50) CHARACTER SET utf8mb4 COLLATE utf8mb4_unicode_ci NOT NULL COMMENT '接口名称',
  `api` varchar(200) CHARACTER SET utf8mb4 COLLATE utf8mb4_unicode_ci NOT NULL COMMENT '接口地址',
  `enable` tinyint(1) NULL DEFAULT NULL COMMENT '是否启用',
  `remark` varchar(255) CHARACTER SET utf8mb4 COLLATE utf8mb4_unicode_ci NULL DEFAULT NULL COMMENT '备注',
  PRIMARY KEY (`id`) USING BTREE
) ENGINE = InnoDB CHARACTER SET = utf8mb4 COLLATE = utf8mb4_general_ci COMMENT = '支付接口常量' ROW_FORMAT = Dynamic;

-- ----------------------------
-- Records of pay_api_const
-- ----------------------------

-- ----------------------------
-- Table structure for pay_cashier_code_config
-- ----------------------------
DROP TABLE IF EXISTS `pay_cashier_code_config`;
CREATE TABLE `pay_cashier_code_config`  (
  `id` bigint(20) NOT NULL COMMENT '主键',
  `creator` bigint(20) NULL DEFAULT NULL COMMENT '创建者ID',
  `create_time` datetime(6) NULL DEFAULT NULL COMMENT '创建时间',
  `last_modifier` bigint(20) NULL DEFAULT NULL COMMENT '最后修改ID',
  `last_modified_time` datetime(6) NULL DEFAULT NULL COMMENT '最后修改时间',
  `version` int(11) NOT NULL COMMENT '版本号',
  `app_id` varchar(32) CHARACTER SET utf8mb4 COLLATE utf8mb4_unicode_ci NOT NULL COMMENT '应用号',
  `name` varchar(50) CHARACTER SET utf8mb4 COLLATE utf8mb4_unicode_ci NULL DEFAULT NULL COMMENT '码牌名称',
  `code` varchar(32) CHARACTER SET utf8mb4 COLLATE utf8mb4_unicode_ci NULL DEFAULT NULL COMMENT '码牌code',
  `template_code` varchar(32) CHARACTER SET utf8mb4 COLLATE utf8mb4_unicode_ci NULL DEFAULT NULL COMMENT '模板编号',
  `remark` varchar(200) CHARACTER SET utf8mb4 COLLATE utf8mb4_unicode_ci NULL DEFAULT NULL COMMENT '备注',
  `enable` tinyint(1) NOT NULL COMMENT '是否启用',
  `mch_no` varchar(32) CHARACTER SET utf8mb4 COLLATE utf8mb4_unicode_ci NULL DEFAULT NULL COMMENT '商户号',
  `deleted` tinyint(1) NOT NULL COMMENT '删除标志',
  `allocation` tinyint(1) NULL DEFAULT NULL COMMENT '是否开启分账',
  `auto_allocation` tinyint(1) NULL DEFAULT NULL COMMENT '自动分账',
  `limit_pay` varchar(32) CHARACTER SET utf8mb4 COLLATE utf8mb4_unicode_ci NULL DEFAULT NULL COMMENT '限制可用的支付方式',
  PRIMARY KEY (`id`) USING BTREE
) ENGINE = InnoDB CHARACTER SET = utf8mb4 COLLATE = utf8mb4_general_ci COMMENT = '收银码牌配置' ROW_FORMAT = Dynamic;

-- ----------------------------
-- Records of pay_cashier_code_config
-- ----------------------------

-- ----------------------------
-- Table structure for pay_cashier_code_item_config
-- ----------------------------
DROP TABLE IF EXISTS `pay_cashier_code_item_config`;
CREATE TABLE `pay_cashier_code_item_config`  (
  `id` bigint(20) NOT NULL COMMENT '主键',
  `creator` bigint(20) NULL DEFAULT NULL COMMENT '创建者ID',
  `create_time` datetime(6) NULL DEFAULT NULL COMMENT '创建时间',
  `last_modifier` bigint(20) NULL DEFAULT NULL COMMENT '最后修改ID',
  `last_modified_time` datetime(6) NULL DEFAULT NULL COMMENT '最后修改时间',
  `version` int(11) NOT NULL COMMENT '版本号',
  `app_id` varchar(32) CHARACTER SET utf8mb4 COLLATE utf8mb4_unicode_ci NOT NULL COMMENT '应用号',
  `code_id` bigint(20) NOT NULL COMMENT '码牌ID',
  `type` varchar(32) CHARACTER SET utf8mb4 COLLATE utf8mb4_unicode_ci NOT NULL COMMENT '收银台类型',
  `channel` varchar(32) CHARACTER SET utf8mb4 COLLATE utf8mb4_unicode_ci NULL DEFAULT NULL COMMENT '支付通道',
  `pay_method` varchar(32) CHARACTER SET utf8mb4 COLLATE utf8mb4_unicode_ci NULL DEFAULT NULL COMMENT '支付方式',
  `mch_no` varchar(32) CHARACTER SET utf8mb4 COLLATE utf8mb4_unicode_ci NULL DEFAULT NULL COMMENT '商户号',
  `deleted` tinyint(1) NOT NULL COMMENT '删除标志',
  `need_open_id` tinyint(1) NULL DEFAULT NULL COMMENT '需要获取OpenId',
  `call_type` varchar(32) CHARACTER SET utf8mb4 COLLATE utf8mb4_unicode_ci NULL DEFAULT NULL COMMENT '发起调用的类型',
  `other_method` varchar(32) CHARACTER SET utf8mb4 COLLATE utf8mb4_unicode_ci NULL DEFAULT NULL COMMENT '其他支付方式',
  PRIMARY KEY (`id`) USING BTREE
) ENGINE = InnoDB CHARACTER SET = utf8mb4 COLLATE = utf8mb4_general_ci COMMENT = '各类型码牌配置' ROW_FORMAT = Dynamic;

-- ----------------------------
-- Records of pay_cashier_code_item_config
-- ----------------------------

-- ----------------------------
-- Table structure for pay_cashier_group_config
-- ----------------------------
DROP TABLE IF EXISTS `pay_cashier_group_config`;
CREATE TABLE `pay_cashier_group_config`  (
  `id` bigint(20) NOT NULL COMMENT '主键',
  `creator` bigint(20) NULL DEFAULT NULL COMMENT '创建者ID',
  `create_time` datetime(6) NULL DEFAULT NULL COMMENT '创建时间',
  `last_modifier` bigint(20) NULL DEFAULT NULL COMMENT '最后修者ID',
  `last_modified_time` datetime(6) NULL DEFAULT NULL COMMENT '最后修改时间',
  `version` int(11) NOT NULL COMMENT '乐观锁',
  `deleted` tinyint(1) NOT NULL COMMENT '删除标志',
  `app_id` varchar(32) CHARACTER SET utf8mb4 COLLATE utf8mb4_unicode_ci NULL DEFAULT NULL COMMENT '应用号',
  `cashier_type` varchar(32) CHARACTER SET utf8mb4 COLLATE utf8mb4_unicode_ci NULL DEFAULT NULL COMMENT '网关收银台类型',
  `name` varchar(50) CHARACTER SET utf8mb4 COLLATE utf8mb4_unicode_ci NULL DEFAULT NULL COMMENT '名称',
  `icon` varchar(100) CHARACTER SET utf8mb4 COLLATE utf8mb4_unicode_ci NULL DEFAULT NULL COMMENT '图标',
  `sort_no` decimal(10, 2) NULL DEFAULT NULL COMMENT '排序',
  `recommend` tinyint(1) NULL DEFAULT NULL COMMENT '是否推荐',
  `mch_no` varchar(32) CHARACTER SET utf8mb4 COLLATE utf8mb4_unicode_ci NULL DEFAULT NULL COMMENT '商户号',
  `bg_color` varchar(255) CHARACTER SET utf8mb4 COLLATE utf8mb4_unicode_ci NULL DEFAULT NULL COMMENT '背景色',
  PRIMARY KEY (`id`) USING BTREE
) ENGINE = InnoDB CHARACTER SET = utf8mb4 COLLATE = utf8mb4_general_ci COMMENT = '网关收银台类目配置' ROW_FORMAT = Dynamic;

-- ----------------------------
-- Records of pay_cashier_group_config
-- ----------------------------

-- ----------------------------
-- Table structure for pay_cashier_item_config
-- ----------------------------
DROP TABLE IF EXISTS `pay_cashier_item_config`;
CREATE TABLE `pay_cashier_item_config`  (
  `id` bigint(20) NOT NULL COMMENT '主键',
  `creator` bigint(20) NULL DEFAULT NULL COMMENT '创建者ID',
  `create_time` datetime(6) NULL DEFAULT NULL COMMENT '创建时间',
  `last_modifier` bigint(20) NULL DEFAULT NULL COMMENT '最后修者ID',
  `last_modified_time` datetime(6) NULL DEFAULT NULL COMMENT '最后修改时间',
  `version` int(11) NOT NULL COMMENT '乐观锁',
  `deleted` tinyint(1) NOT NULL COMMENT '删除标志',
  `app_id` varchar(32) CHARACTER SET utf8mb4 COLLATE utf8mb4_unicode_ci NULL DEFAULT NULL COMMENT '应用号',
  `group_id` bigint(20) NULL DEFAULT NULL COMMENT '分组配置ID',
  `channel` varchar(32) CHARACTER SET utf8mb4 COLLATE utf8mb4_unicode_ci NULL DEFAULT NULL COMMENT '通道',
  `pay_method` varchar(32) CHARACTER SET utf8mb4 COLLATE utf8mb4_unicode_ci NULL DEFAULT NULL COMMENT '支付方式',
  `name` varchar(50) CHARACTER SET utf8mb4 COLLATE utf8mb4_unicode_ci NULL DEFAULT NULL COMMENT '名称',
  `icon` varchar(100) CHARACTER SET utf8mb4 COLLATE utf8mb4_unicode_ci NULL DEFAULT NULL COMMENT '图标',
  `sort_no` decimal(10, 2) NULL DEFAULT NULL COMMENT '排序',
  `call_type` varchar(32) CHARACTER SET utf8mb4 COLLATE utf8mb4_unicode_ci NULL DEFAULT NULL COMMENT '调用方式',
  `recommend` tinyint(1) NULL DEFAULT NULL COMMENT '是否推荐',
  `bg_color` varchar(32) CHARACTER SET utf8mb4 COLLATE utf8mb4_unicode_ci NULL DEFAULT NULL COMMENT '背景色',
  `border_color` varchar(32) CHARACTER SET utf8mb4 COLLATE utf8mb4_unicode_ci NULL DEFAULT NULL COMMENT '边框色',
  `font_color` varchar(32) CHARACTER SET utf8mb4 COLLATE utf8mb4_unicode_ci NULL DEFAULT NULL COMMENT '字体颜色',
  `other_method` varchar(32) CHARACTER SET utf8mb4 COLLATE utf8mb4_unicode_ci NULL DEFAULT NULL COMMENT '其他支付方式',
  `mch_no` varchar(32) CHARACTER SET utf8mb4 COLLATE utf8mb4_unicode_ci NULL DEFAULT NULL COMMENT '商户号',
  `pay_env_types` text CHARACTER SET utf8mb4 COLLATE utf8mb4_unicode_ci NULL COMMENT '生效的支付环境列表',
  PRIMARY KEY (`id`) USING BTREE
) ENGINE = InnoDB CHARACTER SET = utf8mb4 COLLATE = utf8mb4_general_ci COMMENT = '网关收银台配置项' ROW_FORMAT = Dynamic;

-- ----------------------------
-- Records of pay_cashier_item_config
-- ----------------------------

-- ----------------------------
-- Table structure for pay_channel_config
-- ----------------------------
DROP TABLE IF EXISTS `pay_channel_config`;
CREATE TABLE `pay_channel_config`  (
  `id` bigint(20) NOT NULL COMMENT '主键',
  `channel` varchar(32) CHARACTER SET utf8mb4 COLLATE utf8mb4_unicode_ci NULL DEFAULT NULL COMMENT '支付通道',
  `out_mch_no` varchar(128) CHARACTER SET utf8mb4 COLLATE utf8mb4_unicode_ci NULL DEFAULT NULL COMMENT '通道商户号',
  `out_app_id` varchar(256) CHARACTER SET utf8mb4 COLLATE utf8mb4_unicode_ci NULL DEFAULT NULL COMMENT '通道APPID',
  `enable` tinyint(1) NULL DEFAULT NULL COMMENT '是否启用',
  `ext` text CHARACTER SET utf8mb4 COLLATE utf8mb4_unicode_ci NULL COMMENT '扩展存储',
  `creator` bigint(20) NULL DEFAULT NULL COMMENT '创建者ID',
  `create_time` datetime(6) NULL DEFAULT NULL COMMENT '创建时间',
  `last_modifier` bigint(20) NULL DEFAULT NULL COMMENT '最后修改ID',
  `last_modified_time` datetime(6) NULL DEFAULT NULL COMMENT '最后修改时间',
  `version` int(11) NOT NULL COMMENT '版本号',
  `deleted` tinyint(1) NOT NULL COMMENT '删除标志',
  `mch_no` varchar(32) CHARACTER SET utf8mb4 COLLATE utf8mb4_unicode_ci NOT NULL COMMENT '商户号',
  `app_id` varchar(32) CHARACTER SET utf8mb4 COLLATE utf8mb4_unicode_ci NOT NULL COMMENT '应用号',
  `isv_no` varchar(64) CHARACTER SET utf8mb4 COLLATE utf8mb4_unicode_ci NULL DEFAULT NULL COMMENT '所属服务商',
  `sub` tinyint(1) NULL DEFAULT NULL COMMENT '是否属于特约商户',
  PRIMARY KEY (`id`) USING BTREE
) ENGINE = InnoDB CHARACTER SET = utf8mb4 COLLATE = utf8mb4_general_ci COMMENT = '支付通道配置' ROW_FORMAT = Dynamic;

-- ----------------------------
-- Records of pay_channel_config
-- ----------------------------

-- ----------------------------
-- Table structure for pay_channel_const
-- ----------------------------
DROP TABLE IF EXISTS `pay_channel_const`;
CREATE TABLE `pay_channel_const`  (
  `id` bigint(20) NOT NULL COMMENT '主键',
  `code` varchar(32) CHARACTER SET utf8mb4 COLLATE utf8mb4_unicode_ci NOT NULL COMMENT '通道编码',
  `name` varchar(32) CHARACTER SET utf8mb4 COLLATE utf8mb4_unicode_ci NOT NULL COMMENT '通道名称',
  `enable` tinyint(1) NOT NULL COMMENT '是否启用',
  `remark` varchar(200) CHARACTER SET utf8mb4 COLLATE utf8mb4_unicode_ci NULL DEFAULT NULL COMMENT '备注',
  `isv` tinyint(1) NOT NULL COMMENT '是否支持服务商模式',
  `allocatable` tinyint(1) NOT NULL COMMENT '是否支持分账',
  PRIMARY KEY (`id`) USING BTREE
) ENGINE = InnoDB CHARACTER SET = utf8mb4 COLLATE = utf8mb4_general_ci COMMENT = '支付通道常量' ROW_FORMAT = Dynamic;

-- ----------------------------
-- Records of pay_channel_const
-- ----------------------------
INSERT INTO `pay_channel_const` VALUES (10000, 'ali_pay', '支付宝(官方商户)', 1, NULL, 0, 1);
INSERT INTO `pay_channel_const` VALUES (20000, 'wechat_pay', '微信支付(官方商户)', 1, NULL, 0, 1);
INSERT INTO `pay_channel_const` VALUES (30000, 'union_pay', '云闪付', 1, NULL, 0, 0);
INSERT INTO `pay_channel_const` VALUES (40000, 'alipay_isv', '支付宝(服务商)', 1, NULL, 1, 1);
INSERT INTO `pay_channel_const` VALUES (50000, 'wechat_pay_isv', '微信支付(服务商)', 1, NULL, 1, 1);
INSERT INTO `pay_channel_const` VALUES (60000, 'leshua_pay', '乐刷支付', 1, NULL, 1, 1);
INSERT INTO `pay_channel_const` VALUES (70000, 'vbill_pay', '随行付', 1, NULL, 1, 1);
INSERT INTO `pay_channel_const` VALUES (80000, 'ada_pay', '汇付天下', 1, NULL, 0, 1);

-- ----------------------------
-- Table structure for pay_channel_reconcile_trade
-- ----------------------------
DROP TABLE IF EXISTS `pay_channel_reconcile_trade`;
CREATE TABLE `pay_channel_reconcile_trade`  (
  `id` bigint(20) NOT NULL COMMENT '主键',
  `creator` bigint(20) NULL DEFAULT NULL COMMENT '创建者ID',
  `create_time` datetime(6) NULL DEFAULT NULL COMMENT '创建时间',
  `mch_no` varchar(32) CHARACTER SET utf8mb4 COLLATE utf8mb4_unicode_ci NULL DEFAULT NULL COMMENT '商户号',
  `app_id` varchar(32) CHARACTER SET utf8mb4 COLLATE utf8mb4_unicode_ci NULL DEFAULT NULL COMMENT '应用号',
  `reconcile_id` bigint(20) NULL DEFAULT NULL COMMENT '关联对账单ID',
  `trade_type` varchar(32) CHARACTER SET utf8mb4 COLLATE utf8mb4_unicode_ci NULL DEFAULT NULL COMMENT '交易类型',
  `channel_trade_no` varchar(150) CHARACTER SET utf8mb4 COLLATE utf8mb4_unicode_ci NULL DEFAULT NULL COMMENT '通道交易号',
  `platform_trade_no` varchar(100) CHARACTER SET utf8mb4 COLLATE utf8mb4_unicode_ci NULL DEFAULT NULL COMMENT '本地平台交易号',
  `amount` decimal(13, 2) NULL DEFAULT NULL COMMENT '交易金额',
  `trade_status` varchar(32) CHARACTER SET utf8mb4 COLLATE utf8mb4_unicode_ci NULL DEFAULT NULL COMMENT '交易状态',
  `trade_time` datetime(6) NULL DEFAULT NULL COMMENT '交易时间',
  `isv_no` varchar(64) CHARACTER SET utf8mb4 COLLATE utf8mb4_unicode_ci NULL DEFAULT NULL COMMENT '所属服务商',
  PRIMARY KEY (`id`) USING BTREE
) ENGINE = InnoDB CHARACTER SET = utf8mb4 COLLATE = utf8mb4_general_ci COMMENT = '通道对账交易明细' ROW_FORMAT = Dynamic;

-- ----------------------------
-- Records of pay_channel_reconcile_trade
-- ----------------------------

-- ----------------------------
-- Table structure for pay_close_record
-- ----------------------------
DROP TABLE IF EXISTS `pay_close_record`;
CREATE TABLE `pay_close_record`  (
  `id` bigint(20) NOT NULL COMMENT '主键',
  `order_no` varchar(32) CHARACTER SET utf8mb4 COLLATE utf8mb4_unicode_ci NOT NULL COMMENT '支付订单号',
  `biz_order_no` varchar(100) CHARACTER SET utf8mb4 COLLATE utf8mb4_unicode_ci NOT NULL COMMENT '商户支付订单号',
  `channel` varchar(20) CHARACTER SET utf8mb4 COLLATE utf8mb4_unicode_ci NULL DEFAULT NULL COMMENT '支付通道',
  `close_type` varchar(20) CHARACTER SET utf8mb4 COLLATE utf8mb4_unicode_ci NOT NULL COMMENT '关闭类型',
  `closed` tinyint(1) NOT NULL COMMENT '是否关闭成功',
  `error_code` varchar(10) CHARACTER SET utf8mb4 COLLATE utf8mb4_unicode_ci NULL DEFAULT NULL COMMENT '错误码',
  `error_msg` varchar(500) CHARACTER SET utf8mb4 COLLATE utf8mb4_unicode_ci NULL DEFAULT NULL COMMENT '错误信息',
  `client_ip` varchar(64) CHARACTER SET utf8mb4 COLLATE utf8mb4_unicode_ci NULL DEFAULT NULL COMMENT '支付终端ip',
  `creator` bigint(20) NULL DEFAULT NULL COMMENT '创建者ID',
  `create_time` datetime(6) NULL DEFAULT NULL COMMENT '创建时间',
  `mch_no` varchar(32) CHARACTER SET utf8mb4 COLLATE utf8mb4_unicode_ci NULL DEFAULT NULL COMMENT '商户号',
  `app_id` varchar(32) CHARACTER SET utf8mb4 COLLATE utf8mb4_unicode_ci NULL DEFAULT NULL COMMENT '应用号',
  `isv_no` varchar(64) CHARACTER SET utf8mb4 COLLATE utf8mb4_unicode_ci NULL DEFAULT NULL COMMENT '所属服务商',
  PRIMARY KEY (`id`) USING BTREE,
  INDEX `biz_order_no`(`biz_order_no`) USING BTREE COMMENT '商户支付订单号索引',
  INDEX `order_no`(`order_no`) USING BTREE COMMENT '支付订单号索引'
) ENGINE = InnoDB CHARACTER SET = utf8mb4 COLLATE = utf8mb4_general_ci COMMENT = '支付关闭记录' ROW_FORMAT = Dynamic;

-- ----------------------------
-- Records of pay_close_record
-- ----------------------------

-- ----------------------------
-- Table structure for pay_gateway_config
-- ----------------------------
DROP TABLE IF EXISTS `pay_gateway_config`;
CREATE TABLE `pay_gateway_config`  (
  `id` bigint(20) NOT NULL COMMENT '主键',
  `creator` bigint(20) NULL DEFAULT NULL COMMENT '创建者ID',
  `create_time` datetime(6) NULL DEFAULT NULL COMMENT '创建时间',
  `last_modifier` bigint(20) NULL DEFAULT NULL COMMENT '最后修者ID',
  `last_modified_time` datetime(6) NULL DEFAULT NULL COMMENT '最后修改时间',
  `version` int(11) NOT NULL COMMENT '乐观锁',
  `deleted` tinyint(1) NOT NULL COMMENT '删除标志',
  `app_id` varchar(32) CHARACTER SET utf8mb4 COLLATE utf8mb4_unicode_ci NULL DEFAULT NULL COMMENT '应用号',
  `name` varchar(55) CHARACTER SET utf8mb4 COLLATE utf8mb4_unicode_ci NULL DEFAULT NULL COMMENT '收银台名称',
  `aggregate_show` tinyint(1) NULL DEFAULT NULL COMMENT 'PC收银台是否同时显示聚合收银码',
  `h5_auto_upgrade` tinyint(1) NULL DEFAULT NULL COMMENT 'H5收银台自动升级聚合支付',
  `mch_no` varchar(32) CHARACTER SET utf8mb4 COLLATE utf8mb4_unicode_ci NULL DEFAULT NULL COMMENT '商户号',
  `bar_pay_show` tinyint(1) NULL DEFAULT NULL COMMENT 'PC收银台是否显示聚合条码支付',
  `mini_app_allocation` tinyint(1) NULL DEFAULT NULL COMMENT '小程序开启分账',
  `mini_app_auto_allocation` tinyint(1) NULL DEFAULT NULL COMMENT '小程序自动分账',
  `mini_app_limit_pay` varchar(32) CHARACTER SET utf8mb4 COLLATE utf8mb4_unicode_ci NULL DEFAULT NULL COMMENT '限制小程序支付方式',
  `mini_app_terminal_no` varchar(32) CHARACTER SET utf8mb4 COLLATE utf8mb4_unicode_ci NULL DEFAULT NULL COMMENT '小程序终端号',
  PRIMARY KEY (`id`) USING BTREE
) ENGINE = InnoDB CHARACTER SET = utf8mb4 COLLATE = utf8mb4_general_ci COMMENT = '网关收银配置' ROW_FORMAT = Dynamic;

-- ----------------------------
-- Records of pay_gateway_config
-- ----------------------------

-- ----------------------------
-- Table structure for pay_mch_app
-- ----------------------------
DROP TABLE IF EXISTS `pay_mch_app`;
CREATE TABLE `pay_mch_app`  (
  `id` bigint(20) NOT NULL COMMENT '主键',
  `mch_no` varchar(32) CHARACTER SET utf8mb4 COLLATE utf8mb4_unicode_ci NULL DEFAULT NULL COMMENT '商户号',
  `app_id` varchar(32) CHARACTER SET utf8mb4 COLLATE utf8mb4_unicode_ci NULL DEFAULT NULL COMMENT '应用号',
  `app_name` varchar(255) CHARACTER SET utf8mb4 COLLATE utf8mb4_unicode_ci NULL DEFAULT NULL COMMENT '应用名称',
  `sign_type` varchar(255) CHARACTER SET utf8mb4 COLLATE utf8mb4_unicode_ci NULL DEFAULT NULL COMMENT '签名方式',
  `sign_secret` varchar(255) CHARACTER SET utf8mb4 COLLATE utf8mb4_unicode_ci NULL DEFAULT NULL COMMENT '签名秘钥',
  `req_sign` tinyint(1) NULL DEFAULT NULL COMMENT '是否对请求进行验签',
  `limit_amount` decimal(10, 4) NULL DEFAULT NULL COMMENT '支付限额(元)',
  `status` varchar(255) CHARACTER SET utf8mb4 COLLATE utf8mb4_unicode_ci NULL DEFAULT NULL COMMENT '应用状态',
  `notify_type` varchar(255) CHARACTER SET utf8mb4 COLLATE utf8mb4_unicode_ci NULL DEFAULT NULL COMMENT '异步消息通知类型',
  `notify_url` varchar(255) CHARACTER SET utf8mb4 COLLATE utf8mb4_unicode_ci NULL DEFAULT NULL COMMENT '通知地址',
  `creator` bigint(20) NULL DEFAULT NULL COMMENT '创建者ID',
  `create_time` datetime(6) NULL DEFAULT NULL COMMENT '创建时间',
  `last_modifier` bigint(20) NULL DEFAULT NULL COMMENT '最后修改ID',
  `last_modified_time` datetime(6) NULL DEFAULT NULL COMMENT '最后修改时间',
  `version` int(11) NOT NULL COMMENT '版本号',
  `deleted` tinyint(1) NOT NULL COMMENT '删除标志',
  `order_timeout` smallint(6) NULL DEFAULT NULL COMMENT '订单默认超时时间(分钟)',
  `merchant_type` varchar(32) CHARACTER SET utf8mb4 COLLATE utf8mb4_unicode_ci NULL DEFAULT NULL COMMENT '商户类型',
  `req_timeout` tinyint(1) NULL DEFAULT NULL COMMENT '是否验证请求时间是否超时',
  `req_timeout_second` int(11) NULL DEFAULT NULL COMMENT '请求超时时间(秒)',
  `isv_no` varchar(32) CHARACTER SET utf8mb4 COLLATE utf8mb4_unicode_ci NULL DEFAULT NULL COMMENT '服务商号',
  PRIMARY KEY (`id`) USING BTREE
) ENGINE = InnoDB CHARACTER SET = utf8mb4 COLLATE = utf8mb4_general_ci COMMENT = '商户应用' ROW_FORMAT = Dynamic;

-- ----------------------------
-- Records of pay_mch_app
-- ----------------------------

-- ----------------------------
-- Table structure for pay_merchant
-- ----------------------------
DROP TABLE IF EXISTS `pay_merchant`;
CREATE TABLE `pay_merchant`  (
  `id` bigint(20) NOT NULL COMMENT '主键',
  `mch_no` varchar(64) CHARACTER SET utf8mb4 COLLATE utf8mb4_unicode_ci NOT NULL COMMENT '商户号',
  `mch_name` varchar(100) CHARACTER SET utf8mb4 COLLATE utf8mb4_unicode_ci NOT NULL COMMENT '商户名称',
  `company_name` varchar(100) CHARACTER SET utf8mb4 COLLATE utf8mb4_unicode_ci NULL DEFAULT NULL COMMENT '公司名称',
  `id_type` varchar(32) CHARACTER SET utf8mb4 COLLATE utf8mb4_unicode_ci NULL DEFAULT NULL COMMENT '法人证件类型',
  `id_no` varchar(255) CHARACTER SET utf8mb4 COLLATE utf8mb4_unicode_ci NULL DEFAULT NULL COMMENT '法人证件号',
  `contact` varchar(100) CHARACTER SET utf8mb4 COLLATE utf8mb4_unicode_ci NULL DEFAULT NULL COMMENT '法人联系方式',
  `legal_person` varchar(100) CHARACTER SET utf8mb4 COLLATE utf8mb4_unicode_ci NULL DEFAULT NULL COMMENT '法人名称',
  `status` varchar(10) CHARACTER SET utf8mb4 COLLATE utf8mb4_unicode_ci NULL DEFAULT NULL COMMENT '状态',
  `creator` bigint(20) NULL DEFAULT NULL COMMENT '创建者ID',
  `create_time` datetime NULL DEFAULT NULL COMMENT '创建时间',
  `last_modifier` bigint(20) NULL DEFAULT NULL COMMENT '最后修改ID',
  `last_modified_time` datetime NULL DEFAULT NULL COMMENT '最后修改时间',
  `version` int(11) NOT NULL COMMENT '版本号',
  `deleted` tinyint(1) NOT NULL COMMENT '删除标志',
  `company_contact` varchar(255) CHARACTER SET utf8mb4 COLLATE utf8mb4_unicode_ci NULL DEFAULT NULL COMMENT '公司联系方式',
  `company_address` varchar(150) CHARACTER SET utf8mb4 COLLATE utf8mb4_unicode_ci NULL DEFAULT NULL COMMENT '公司地址',
  `company_code` varchar(50) CHARACTER SET utf8mb4 COLLATE utf8mb4_unicode_ci NULL DEFAULT NULL COMMENT '公司信用编码',
  `administrator` tinyint(1) NOT NULL COMMENT '是否有关联管理员',
  `admin_user_id` bigint(20) NULL DEFAULT NULL COMMENT '关联管理员用户',
  `isv_no` varchar(64) CHARACTER SET utf8mb4 COLLATE utf8mb4_unicode_ci NULL DEFAULT NULL COMMENT '所属服务商',
  `merchant_type` varchar(32) CHARACTER SET utf8mb4 COLLATE utf8mb4_unicode_ci NULL DEFAULT NULL COMMENT '商户类型',
  `agent_no` varchar(32) CHARACTER SET utf8mb4 COLLATE utf8mb4_unicode_ci NULL DEFAULT NULL COMMENT '所属代理商',
  PRIMARY KEY (`id`) USING BTREE
) ENGINE = InnoDB CHARACTER SET = utf8mb4 COLLATE = utf8mb4_general_ci COMMENT = '商户' ROW_FORMAT = Dynamic;

-- ----------------------------
-- Records of pay_merchant
-- ----------------------------

-- ----------------------------
-- Table structure for pay_merchant_callback_record
-- ----------------------------
DROP TABLE IF EXISTS `pay_merchant_callback_record`;
CREATE TABLE `pay_merchant_callback_record`  (
  `id` bigint(20) NOT NULL COMMENT '主键',
  `creator` bigint(20) NULL DEFAULT NULL COMMENT '创建者ID',
  `create_time` datetime(6) NULL DEFAULT NULL COMMENT '创建时间',
  `mch_no` varchar(32) CHARACTER SET utf8mb4 COLLATE utf8mb4_unicode_ci NULL DEFAULT NULL COMMENT '商户号',
  `app_id` varchar(32) CHARACTER SET utf8mb4 COLLATE utf8mb4_unicode_ci NULL DEFAULT NULL COMMENT '应用号',
  `task_id` bigint(20) NULL DEFAULT NULL COMMENT '任务ID',
  `req_count` int(11) NULL DEFAULT NULL COMMENT '请求次数',
  `success` tinyint(1) NULL DEFAULT NULL COMMENT '发送是否成功',
  `send_type` varchar(30) CHARACTER SET utf8mb4 COLLATE utf8mb4_unicode_ci NULL DEFAULT NULL COMMENT '发送类型, 自动发送, 手动发送',
  `error_code` varchar(50) CHARACTER SET utf8mb4 COLLATE utf8mb4_unicode_ci NULL DEFAULT NULL COMMENT '错误码',
  `error_msg` varchar(500) CHARACTER SET utf8mb4 COLLATE utf8mb4_unicode_ci NULL DEFAULT NULL COMMENT '错误信息',
  `isv_no` varchar(64) CHARACTER SET utf8mb4 COLLATE utf8mb4_unicode_ci NULL DEFAULT NULL COMMENT '所属服务商',
  PRIMARY KEY (`id`) USING BTREE
) ENGINE = InnoDB CHARACTER SET = utf8mb4 COLLATE = utf8mb4_general_ci COMMENT = '客户回调消息发送记录' ROW_FORMAT = Dynamic;

-- ----------------------------
-- Records of pay_merchant_callback_record
-- ----------------------------

-- ----------------------------
-- Table structure for pay_merchant_callback_task
-- ----------------------------
DROP TABLE IF EXISTS `pay_merchant_callback_task`;
CREATE TABLE `pay_merchant_callback_task`  (
  `id` bigint(20) NOT NULL COMMENT '主键',
  `creator` bigint(20) NULL DEFAULT NULL COMMENT '创建者ID',
  `create_time` datetime(6) NULL DEFAULT NULL COMMENT '创建时间',
  `last_modifier` bigint(20) NULL DEFAULT NULL COMMENT '最后修改ID',
  `last_modified_time` datetime(6) NULL DEFAULT NULL COMMENT '最后修改时间',
  `version` int(11) NOT NULL COMMENT '版本号',
  `deleted` tinyint(1) NOT NULL COMMENT '删除标志',
  `trade_id` bigint(20) NULL DEFAULT NULL COMMENT '本地交易ID',
  `trade_no` varchar(32) CHARACTER SET utf8mb4 COLLATE utf8mb4_unicode_ci NULL DEFAULT NULL COMMENT '本地交易号',
  `trade_type` varchar(20) CHARACTER SET utf8mb4 COLLATE utf8mb4_unicode_ci NULL DEFAULT NULL COMMENT '通知类型',
  `content` text CHARACTER SET utf8mb4 COLLATE utf8mb4_unicode_ci NULL COMMENT '消息内容',
  `success` tinyint(1) NULL DEFAULT NULL COMMENT '是否发送成功',
  `next_time` datetime(6) NULL DEFAULT NULL COMMENT '下次发送时间',
  `send_count` int(11) NULL DEFAULT NULL COMMENT '发送次数',
  `delay_count` int(11) NULL DEFAULT NULL COMMENT '延迟次数',
  `latest_time` datetime(6) NULL DEFAULT NULL COMMENT '最后发送时间',
  `mch_no` varchar(32) CHARACTER SET utf8mb4 COLLATE utf8mb4_unicode_ci NULL DEFAULT NULL COMMENT '商户号',
  `app_id` varchar(32) CHARACTER SET utf8mb4 COLLATE utf8mb4_unicode_ci NULL DEFAULT NULL COMMENT '应用号',
  `url` varchar(200) CHARACTER SET utf8mb4 COLLATE utf8mb4_unicode_ci NULL DEFAULT NULL COMMENT '发送地址',
  `isv_no` varchar(64) CHARACTER SET utf8mb4 COLLATE utf8mb4_unicode_ci NULL DEFAULT NULL COMMENT '所属服务商',
  PRIMARY KEY (`id`) USING BTREE
) ENGINE = InnoDB CHARACTER SET = utf8mb4 COLLATE = utf8mb4_general_ci COMMENT = '客户回调通知消息任务' ROW_FORMAT = Dynamic;

-- ----------------------------
-- Records of pay_merchant_callback_task
-- ----------------------------

-- ----------------------------
-- Table structure for pay_merchant_notify_config
-- ----------------------------
DROP TABLE IF EXISTS `pay_merchant_notify_config`;
CREATE TABLE `pay_merchant_notify_config`  (
  `id` bigint(20) NOT NULL COMMENT '主键',
  `code` varchar(50) CHARACTER SET utf8mb4 COLLATE utf8mb4_unicode_ci NULL DEFAULT NULL COMMENT '通知类型',
  `subscribe` tinyint(1) NULL DEFAULT NULL COMMENT '是否订阅',
  `creator` bigint(20) NULL DEFAULT NULL COMMENT '创建者ID',
  `create_time` datetime(6) NULL DEFAULT NULL COMMENT '创建时间',
  `last_modifier` bigint(20) NULL DEFAULT NULL COMMENT '最后修改ID',
  `last_modified_time` datetime(6) NULL DEFAULT NULL COMMENT '最后修改时间',
  `version` int(11) NOT NULL COMMENT '版本号',
  `deleted` tinyint(1) NOT NULL COMMENT '删除标志',
  `mch_no` varchar(32) CHARACTER SET utf8mb4 COLLATE utf8mb4_unicode_ci NULL DEFAULT NULL COMMENT '商户号',
  `app_id` varchar(32) CHARACTER SET utf8mb4 COLLATE utf8mb4_unicode_ci NULL DEFAULT NULL COMMENT '应用号',
  `isv_no` varchar(64) CHARACTER SET utf8mb4 COLLATE utf8mb4_unicode_ci NULL DEFAULT NULL COMMENT '所属服务商',
  PRIMARY KEY (`id`) USING BTREE
) ENGINE = InnoDB CHARACTER SET = utf8mb4 COLLATE = utf8mb4_general_ci COMMENT = '商户应用消息通知配置' ROW_FORMAT = Dynamic;

-- ----------------------------
-- Records of pay_merchant_notify_config
-- ----------------------------

-- ----------------------------
-- Table structure for pay_merchant_notify_const
-- ----------------------------
DROP TABLE IF EXISTS `pay_merchant_notify_const`;
CREATE TABLE `pay_merchant_notify_const`  (
  `id` bigint(20) NOT NULL COMMENT '主键',
  `code` varchar(60) CHARACTER SET utf8mb4 COLLATE utf8mb4_unicode_ci NULL DEFAULT NULL COMMENT '通道编码',
  `name` varchar(80) CHARACTER SET utf8mb4 COLLATE utf8mb4_unicode_ci NULL DEFAULT NULL COMMENT '通道名称',
  `description` varchar(300) CHARACTER SET utf8mb4 COLLATE utf8mb4_unicode_ci NULL DEFAULT NULL COMMENT '描述',
  `enable` tinyint(1) NULL DEFAULT NULL COMMENT '是否启用',
  PRIMARY KEY (`id`) USING BTREE
) ENGINE = InnoDB CHARACTER SET = utf8mb4 COLLATE = utf8mb4_general_ci COMMENT = '商户订阅通知类型' ROW_FORMAT = Dynamic;

-- ----------------------------
-- Records of pay_merchant_notify_const
-- ----------------------------
INSERT INTO `pay_merchant_notify_const` VALUES (10000, 'pay', '支付订单变动通知', '支付订单变动通知', 1);
INSERT INTO `pay_merchant_notify_const` VALUES (20000, 'refund', '退款订单变动通知', '退款订单变动通知', 1);
INSERT INTO `pay_merchant_notify_const` VALUES (30000, 'transfer', '转账订单变动通知', '转账订单变动通知', 1);

-- ----------------------------
-- Table structure for pay_merchant_notify_record
-- ----------------------------
DROP TABLE IF EXISTS `pay_merchant_notify_record`;
CREATE TABLE `pay_merchant_notify_record`  (
  `id` bigint(20) NOT NULL COMMENT '主键',
  `creator` bigint(20) NULL DEFAULT NULL COMMENT '创建者ID',
  `create_time` datetime(6) NULL DEFAULT NULL COMMENT '创建时间',
  `mch_no` varchar(32) CHARACTER SET utf8mb4 COLLATE utf8mb4_unicode_ci NULL DEFAULT NULL COMMENT '商户号',
  `app_id` varchar(32) CHARACTER SET utf8mb4 COLLATE utf8mb4_unicode_ci NULL DEFAULT NULL COMMENT '应用号',
  `task_id` bigint(20) NULL DEFAULT NULL COMMENT '任务ID',
  `req_count` int(11) NULL DEFAULT NULL COMMENT '请求次数',
  `success` tinyint(1) NULL DEFAULT NULL COMMENT '发送是否成功',
  `send_type` varchar(30) CHARACTER SET utf8mb4 COLLATE utf8mb4_unicode_ci NULL DEFAULT NULL COMMENT '发送类型, 自动发送, 手动发送',
  `error_code` varchar(50) CHARACTER SET utf8mb4 COLLATE utf8mb4_unicode_ci NULL DEFAULT NULL COMMENT '错误码',
  `error_msg` varchar(500) CHARACTER SET utf8mb4 COLLATE utf8mb4_unicode_ci NULL DEFAULT NULL COMMENT '错误信息',
  `isv_no` varchar(64) CHARACTER SET utf8mb4 COLLATE utf8mb4_unicode_ci NULL DEFAULT NULL COMMENT '所属服务商',
  PRIMARY KEY (`id`) USING BTREE
) ENGINE = InnoDB CHARACTER SET = utf8mb4 COLLATE = utf8mb4_general_ci COMMENT = '客户订阅通知发送记录' ROW_FORMAT = Dynamic;

-- ----------------------------
-- Records of pay_merchant_notify_record
-- ----------------------------

-- ----------------------------
-- Table structure for pay_merchant_notify_task
-- ----------------------------
DROP TABLE IF EXISTS `pay_merchant_notify_task`;
CREATE TABLE `pay_merchant_notify_task`  (
  `id` bigint(20) NOT NULL COMMENT '主键',
  `creator` bigint(20) NULL DEFAULT NULL COMMENT '创建者ID',
  `create_time` datetime(6) NULL DEFAULT NULL COMMENT '创建时间',
  `last_modifier` bigint(20) NULL DEFAULT NULL COMMENT '最后修改ID',
  `last_modified_time` datetime(6) NULL DEFAULT NULL COMMENT '最后修改时间',
  `version` int(11) NOT NULL COMMENT '版本号',
  `deleted` tinyint(1) NOT NULL COMMENT '删除标志',
  `trade_id` bigint(20) NULL DEFAULT NULL COMMENT '本地交易ID',
  `trade_no` varchar(32) CHARACTER SET utf8mb4 COLLATE utf8mb4_unicode_ci NULL DEFAULT NULL COMMENT '本地交易号',
  `notify_type` varchar(20) CHARACTER SET utf8mb4 COLLATE utf8mb4_unicode_ci NULL DEFAULT NULL COMMENT '通知类型',
  `content` text CHARACTER SET utf8mb4 COLLATE utf8mb4_unicode_ci NULL COMMENT '消息内容',
  `success` tinyint(1) NULL DEFAULT NULL COMMENT '是否发送成功',
  `next_time` datetime(6) NULL DEFAULT NULL COMMENT '下次发送时间',
  `send_count` int(11) NULL DEFAULT NULL COMMENT '发送次数',
  `delay_count` int(11) NULL DEFAULT NULL COMMENT '延迟次数',
  `latest_time` datetime(6) NULL DEFAULT NULL COMMENT '最后发送时间',
  `mch_no` varchar(32) CHARACTER SET utf8mb4 COLLATE utf8mb4_unicode_ci NULL DEFAULT NULL COMMENT '商户号',
  `app_id` varchar(32) CHARACTER SET utf8mb4 COLLATE utf8mb4_unicode_ci NULL DEFAULT NULL COMMENT '应用号',
  `isv_no` varchar(64) CHARACTER SET utf8mb4 COLLATE utf8mb4_unicode_ci NULL DEFAULT NULL COMMENT '所属服务商',
  PRIMARY KEY (`id`) USING BTREE
) ENGINE = InnoDB CHARACTER SET = utf8mb4 COLLATE = utf8mb4_general_ci COMMENT = '客户订阅通知消息任务' ROW_FORMAT = Dynamic;

-- ----------------------------
-- Records of pay_merchant_notify_task
-- ----------------------------

-- ----------------------------
-- Table structure for pay_method_const
-- ----------------------------
DROP TABLE IF EXISTS `pay_method_const`;
CREATE TABLE `pay_method_const`  (
  `id` bigint(20) NOT NULL COMMENT '主键',
  `code` varchar(60) CHARACTER SET utf8mb4 COLLATE utf8mb4_unicode_ci NULL DEFAULT NULL COMMENT '通道编码',
  `name` varchar(80) CHARACTER SET utf8mb4 COLLATE utf8mb4_unicode_ci NULL DEFAULT NULL COMMENT '通道名称',
  `enable` tinyint(1) NULL DEFAULT NULL COMMENT '是否启用',
  `remark` varchar(300) CHARACTER SET utf8mb4 COLLATE utf8mb4_unicode_ci NULL DEFAULT NULL COMMENT '备注',
  PRIMARY KEY (`id`) USING BTREE
) ENGINE = InnoDB CHARACTER SET = utf8mb4 COLLATE = utf8mb4_general_ci COMMENT = '支付方式常量' ROW_FORMAT = Dynamic;

-- ----------------------------
-- Records of pay_method_const
-- ----------------------------
INSERT INTO `pay_method_const` VALUES (10000, 'normal', '常规支付', 1, NULL);
INSERT INTO `pay_method_const` VALUES (20000, 'wap', 'wap支付', 1, NULL);
INSERT INTO `pay_method_const` VALUES (30000, 'app', '应用支付', 1, NULL);
INSERT INTO `pay_method_const` VALUES (40000, 'web', 'web支付', 1, NULL);
INSERT INTO `pay_method_const` VALUES (50000, 'qrcode', '扫码支付', 1, NULL);
INSERT INTO `pay_method_const` VALUES (60000, 'barcode', '付款码', 1, NULL);
INSERT INTO `pay_method_const` VALUES (70000, 'jsapi', '小程序支付', 1, NULL);

-- ----------------------------
-- Table structure for pay_order
-- ----------------------------
DROP TABLE IF EXISTS `pay_order`;
CREATE TABLE `pay_order`  (
  `id` bigint(20) NOT NULL COMMENT '主键',
  `creator` bigint(20) NULL DEFAULT NULL COMMENT '创建者ID',
  `create_time` datetime(6) NULL DEFAULT NULL COMMENT '创建时间',
  `last_modifier` bigint(20) NULL DEFAULT NULL COMMENT '最后修改ID',
  `last_modified_time` datetime(6) NULL DEFAULT NULL COMMENT '最后修改时间',
  `version` int(11) NOT NULL COMMENT '版本号',
  `deleted` tinyint(1) NOT NULL COMMENT '删除标志',
  `biz_order_no` varchar(100) CHARACTER SET utf8mb4 COLLATE utf8mb4_unicode_ci NULL DEFAULT NULL COMMENT '商户订单号',
  `order_no` varchar(100) CHARACTER SET utf8mb4 COLLATE utf8mb4_unicode_ci NULL DEFAULT NULL COMMENT '订单号',
  `out_order_no` varchar(150) CHARACTER SET utf8mb4 COLLATE utf8mb4_unicode_ci NULL DEFAULT NULL COMMENT '通道订单号',
  `title` varchar(100) CHARACTER SET utf8mb4 COLLATE utf8mb4_unicode_ci NULL DEFAULT NULL COMMENT '标题',
  `description` varchar(500) CHARACTER SET utf8mb4 COLLATE utf8mb4_unicode_ci NULL DEFAULT NULL COMMENT '描述',
  `allocation` tinyint(1) NULL DEFAULT NULL COMMENT '是否支持分账',
  `auto_allocation` tinyint(1) NULL DEFAULT NULL COMMENT '自动分账',
  `channel` varchar(20) CHARACTER SET utf8mb4 COLLATE utf8mb4_unicode_ci NULL DEFAULT NULL COMMENT '支付通道',
  `method` varchar(20) CHARACTER SET utf8mb4 COLLATE utf8mb4_unicode_ci NULL DEFAULT NULL COMMENT '支付方式',
  `amount` decimal(12, 2) NULL DEFAULT NULL COMMENT '金额(元)',
  `refundable_balance` decimal(12, 2) NULL DEFAULT NULL COMMENT '可退金额(元)',
  `status` varchar(32) CHARACTER SET utf8mb4 COLLATE utf8mb4_unicode_ci NULL DEFAULT NULL COMMENT '支付状态',
  `refund_status` varchar(32) CHARACTER SET utf8mb4 COLLATE utf8mb4_unicode_ci NULL DEFAULT NULL COMMENT '退款状态',
  `alloc_status` varchar(32) CHARACTER SET utf8mb4 COLLATE utf8mb4_unicode_ci NULL DEFAULT NULL COMMENT '分账状态',
  `return_url` varchar(200) CHARACTER SET utf8mb4 COLLATE utf8mb4_unicode_ci NULL DEFAULT NULL COMMENT '同步跳转地址',
  `notify_url` varchar(200) CHARACTER SET utf8mb4 COLLATE utf8mb4_unicode_ci NULL DEFAULT NULL COMMENT '异步通知地址',
  `extra_param` varchar(2048) CHARACTER SET utf8mb4 COLLATE utf8mb4_unicode_ci NULL DEFAULT NULL COMMENT '通道附加参数',
  `attach` varchar(500) CHARACTER SET utf8mb4 COLLATE utf8mb4_unicode_ci NULL DEFAULT NULL COMMENT '商户扩展参数',
  `req_time` datetime(6) NULL DEFAULT NULL COMMENT '请求时间',
  `client_ip` varchar(64) CHARACTER SET utf8mb4 COLLATE utf8mb4_unicode_ci NULL DEFAULT NULL COMMENT '支付终端ip',
  `error_code` varchar(50) CHARACTER SET utf8mb4 COLLATE utf8mb4_unicode_ci NULL DEFAULT NULL COMMENT '错误码',
  `error_msg` varchar(500) CHARACTER SET utf8mb4 COLLATE utf8mb4_unicode_ci NULL DEFAULT NULL COMMENT '错误信息',
  `mch_no` varchar(32) CHARACTER SET utf8mb4 COLLATE utf8mb4_unicode_ci NULL DEFAULT NULL COMMENT '商户号',
  `app_id` varchar(32) CHARACTER SET utf8mb4 COLLATE utf8mb4_unicode_ci NULL DEFAULT NULL COMMENT '应用号',
  `expired_time` datetime(6) NULL DEFAULT NULL COMMENT '过期时间',
  `pay_time` datetime(6) NULL DEFAULT NULL COMMENT '支付成功时间',
  `close_time` datetime(6) NULL DEFAULT NULL COMMENT '关闭时间',
  `isv_no` varchar(64) CHARACTER SET utf8mb4 COLLATE utf8mb4_unicode_ci NULL DEFAULT NULL COMMENT '所属服务商',
  `other_method` varchar(128) CHARACTER SET utf8mb4 COLLATE utf8mb4_unicode_ci NULL DEFAULT NULL COMMENT '其他支付方式',
  `auth_code` varchar(128) CHARACTER SET utf8mb4 COLLATE utf8mb4_unicode_ci NULL DEFAULT NULL COMMENT '付款码',
  `limit_pay` varchar(128) CHARACTER SET utf8mb4 COLLATE utf8mb4_unicode_ci NULL DEFAULT NULL COMMENT '限制支付类型',
  `terminal_no` varchar(128) CHARACTER SET utf8mb4 COLLATE utf8mb4_unicode_ci NULL DEFAULT NULL COMMENT '终端设备编码',
  PRIMARY KEY (`id`) USING BTREE,
  INDEX `order_biz_order_order_no_idx`(`biz_order_no`) USING BTREE,
  INDEX `order_pay_order_order_no_idx`(`order_no`) USING BTREE,
  INDEX `order_pay_order_out_order_no_idx`(`out_order_no`) USING BTREE
) ENGINE = InnoDB CHARACTER SET = utf8mb4 COLLATE = utf8mb4_general_ci COMMENT = '支付订单' ROW_FORMAT = Dynamic;

-- ----------------------------
-- Records of pay_order
-- ----------------------------

-- ----------------------------
-- Table structure for pay_platform_config
-- ----------------------------
DROP TABLE IF EXISTS `pay_platform_config`;
CREATE TABLE `pay_platform_config`  (
  `id` bigint(20) NOT NULL COMMENT '主键',
  `creator` bigint(20) NULL DEFAULT NULL COMMENT '创建者ID',
  `create_time` datetime(6) NULL DEFAULT NULL COMMENT '创建时间',
  `last_modifier` bigint(20) NULL DEFAULT NULL COMMENT '最后修改ID',
  `last_modified_time` datetime(6) NULL DEFAULT NULL COMMENT '最后修改时间',
  `version` int(11) NOT NULL COMMENT '版本号',
  `deleted` tinyint(1) NOT NULL COMMENT '删除标志',
  `gateway_service_url` varchar(300) CHARACTER SET utf8mb4 COLLATE utf8mb4_unicode_ci NULL DEFAULT NULL COMMENT '支付网关地址',
  `mobile_embedded` tinyint(1) NULL DEFAULT NULL COMMENT '网关移动端是否为嵌入式',
  `gateway_mobile_url` varchar(300) CHARACTER SET utf8mb4 COLLATE utf8mb4_unicode_ci NULL DEFAULT NULL COMMENT '网关移动端地址',
  `pc_embedded` tinyint(1) NULL DEFAULT NULL COMMENT '网关PC端是否为嵌入式',
  `limit_amount` decimal(8, 2) NULL DEFAULT NULL COMMENT '全局单笔限额',
  PRIMARY KEY (`id`) USING BTREE
) ENGINE = InnoDB CHARACTER SET = utf8mb4 COLLATE = utf8mb4_general_ci COMMENT = '管理平台配置' ROW_FORMAT = Dynamic;

-- ----------------------------
-- Records of pay_platform_config
-- ----------------------------

-- ----------------------------
-- Table structure for pay_refund_order
-- ----------------------------
DROP TABLE IF EXISTS `pay_refund_order`;
CREATE TABLE `pay_refund_order`  (
  `id` bigint(20) NOT NULL COMMENT '主键',
  `order_id` bigint(20) NOT NULL COMMENT '支付订单ID',
  `order_no` varchar(100) CHARACTER SET utf8mb4 COLLATE utf8mb4_unicode_ci NOT NULL COMMENT '支付订单号',
  `biz_order_no` varchar(100) CHARACTER SET utf8mb4 COLLATE utf8mb4_unicode_ci NOT NULL COMMENT '商户支付订单号',
  `out_order_no` varchar(150) CHARACTER SET utf8mb4 COLLATE utf8mb4_unicode_ci NOT NULL COMMENT '通道支付订单号',
  `title` varchar(100) CHARACTER SET utf8mb4 COLLATE utf8mb4_unicode_ci NOT NULL COMMENT '支付标题',
  `refund_no` varchar(150) CHARACTER SET utf8mb4 COLLATE utf8mb4_unicode_ci NOT NULL COMMENT '退款号',
  `biz_refund_no` varchar(100) CHARACTER SET utf8mb4 COLLATE utf8mb4_unicode_ci NOT NULL COMMENT '商户退款号',
  `out_refund_no` varchar(150) CHARACTER SET utf8mb4 COLLATE utf8mb4_unicode_ci NULL DEFAULT NULL COMMENT '通道退款交易号',
  `channel` varchar(20) CHARACTER SET utf8mb4 COLLATE utf8mb4_unicode_ci NOT NULL COMMENT '支付通道',
  `order_amount` decimal(32, 2) NOT NULL COMMENT '订单金额',
  `amount` decimal(32, 2) NOT NULL COMMENT '退款金额',
  `reason` varchar(150) CHARACTER SET utf8mb4 COLLATE utf8mb4_unicode_ci NULL DEFAULT NULL COMMENT '退款原因',
  `finish_time` datetime(6) NULL DEFAULT NULL COMMENT '退款完成时间',
  `status` varchar(20) CHARACTER SET utf8mb4 COLLATE utf8mb4_unicode_ci NOT NULL COMMENT '退款状态',
  `notify_url` varchar(200) CHARACTER SET utf8mb4 COLLATE utf8mb4_unicode_ci NULL DEFAULT NULL COMMENT '异步通知地址',
  `attach` varchar(500) CHARACTER SET utf8mb4 COLLATE utf8mb4_unicode_ci NULL DEFAULT NULL COMMENT '商户扩展参数',
  `extra_param` varchar(2048) CHARACTER SET utf8mb4 COLLATE utf8mb4_unicode_ci NULL DEFAULT NULL COMMENT '附加参数',
  `req_time` datetime(6) NULL DEFAULT NULL COMMENT '请求时间，传输时间戳',
  `client_ip` varchar(64) CHARACTER SET utf8mb4 COLLATE utf8mb4_unicode_ci NULL DEFAULT NULL COMMENT '支付终端ip',
  `error_code` varchar(10) CHARACTER SET utf8mb4 COLLATE utf8mb4_unicode_ci NULL DEFAULT NULL COMMENT '错误码',
  `error_msg` varchar(500) CHARACTER SET utf8mb4 COLLATE utf8mb4_unicode_ci NULL DEFAULT NULL COMMENT '错误信息',
  `creator` bigint(20) NULL DEFAULT NULL COMMENT '创建者ID',
  `create_time` datetime(6) NULL DEFAULT NULL COMMENT '创建时间',
  `last_modifier` bigint(20) NULL DEFAULT NULL COMMENT '最后修者ID',
  `last_modified_time` datetime(6) NULL DEFAULT NULL COMMENT '最后修改时间',
  `version` int(11) NOT NULL COMMENT '乐观锁',
  `deleted` tinyint(1) NOT NULL COMMENT '删除标志',
  `mch_no` varchar(32) CHARACTER SET utf8mb4 COLLATE utf8mb4_unicode_ci NULL DEFAULT NULL COMMENT '商户号',
  `app_id` varchar(32) CHARACTER SET utf8mb4 COLLATE utf8mb4_unicode_ci NULL DEFAULT NULL COMMENT '应用号',
  `isv_no` varchar(64) CHARACTER SET utf8mb4 COLLATE utf8mb4_unicode_ci NULL DEFAULT NULL COMMENT '所属服务商',
  PRIMARY KEY (`id`) USING BTREE,
  INDEX `refund_biz_order_no`(`biz_order_no`) USING BTREE COMMENT '商户支付订单号索引',
  INDEX `refund_biz_refund_no`(`biz_refund_no`) USING BTREE COMMENT '商户退款号索引',
  INDEX `refund_order_id`(`order_id`) USING BTREE COMMENT '支付订单ID索引',
  INDEX `refund_order_no`(`order_no`) USING BTREE COMMENT '支付订单号索引',
  INDEX `refund_out_order_no`(`out_order_no`) USING BTREE COMMENT '通道支付订单号索引',
  INDEX `refund_out_refund_no`(`out_refund_no`) USING BTREE COMMENT '通道退款交易号索引',
  INDEX `refund_refund_no`(`refund_no`) USING BTREE COMMENT '退款号索引'
) ENGINE = InnoDB CHARACTER SET = utf8mb4 COLLATE = utf8mb4_general_ci COMMENT = '退款订单' ROW_FORMAT = Dynamic;

-- ----------------------------
-- Records of pay_refund_order
-- ----------------------------

-- ----------------------------
-- Table structure for pay_terminal_device
-- ----------------------------
DROP TABLE IF EXISTS `pay_terminal_device`;
CREATE TABLE `pay_terminal_device`  (
  `id` bigint(20) NOT NULL COMMENT '主键',
  `creator` bigint(20) NULL DEFAULT NULL COMMENT '创建者ID',
  `create_time` datetime(6) NULL DEFAULT NULL COMMENT '创建时间',
  `last_modifier` bigint(20) NULL DEFAULT NULL COMMENT '最后修者ID',
  `last_modified_time` datetime(6) NULL DEFAULT NULL COMMENT '最后修改时间',
  `version` int(11) NOT NULL COMMENT '乐观锁',
  `deleted` tinyint(1) NOT NULL COMMENT '删除标志',
  `mch_no` varchar(32) CHARACTER SET utf8mb4 COLLATE utf8mb4_unicode_ci NULL DEFAULT NULL COMMENT '商户号',
  `app_id` varchar(32) CHARACTER SET utf8mb4 COLLATE utf8mb4_unicode_ci NULL DEFAULT NULL COMMENT '应用号',
  `name` varchar(64) CHARACTER SET utf8mb4 COLLATE utf8mb4_unicode_ci NULL DEFAULT NULL COMMENT '终端名称',
  `terminal_no` varchar(64) CHARACTER SET utf8mb4 COLLATE utf8mb4_unicode_ci NULL DEFAULT NULL COMMENT '终端编码',
  `type` varchar(32) CHARACTER SET utf8mb4 COLLATE utf8mb4_unicode_ci NULL DEFAULT NULL COMMENT '终端类型',
  `serial_num` varchar(64) CHARACTER SET utf8mb4 COLLATE utf8mb4_unicode_ci NULL DEFAULT NULL COMMENT '终端序列号',
  `area_code` varchar(64) CHARACTER SET utf8mb4 COLLATE utf8mb4_unicode_ci NULL DEFAULT NULL COMMENT '省市区编码',
  `address` varchar(256) CHARACTER SET utf8mb4 COLLATE utf8mb4_unicode_ci NULL DEFAULT NULL COMMENT '终端发放地址',
  `company_name` varchar(128) CHARACTER SET utf8mb4 COLLATE utf8mb4_unicode_ci NULL DEFAULT NULL COMMENT '终端厂商名称',
  `put_date` datetime(6) NULL DEFAULT NULL COMMENT '发放日期',
  `gps` tinyint(1) NULL DEFAULT NULL COMMENT '支持终端定位',
  `machine_type` varchar(64) CHARACTER SET utf8mb4 COLLATE utf8mb4_unicode_ci NULL DEFAULT NULL COMMENT '终端机具型号',
  `longitude` varchar(32) CHARACTER SET utf8mb4 COLLATE utf8mb4_unicode_ci NULL DEFAULT NULL COMMENT '经度，浮点型, 小数点后最多保留6位',
  `latitude` varchar(32) CHARACTER SET utf8mb4 COLLATE utf8mb4_unicode_ci NULL DEFAULT NULL COMMENT '纬度，浮点型,小数点后最多保留6位',
  `ip` varchar(128) CHARACTER SET utf8mb4 COLLATE utf8mb4_unicode_ci NULL DEFAULT NULL COMMENT '设备 IP 地址',
  `network_license` varchar(128) CHARACTER SET utf8mb4 COLLATE utf8mb4_unicode_ci NULL DEFAULT NULL COMMENT '银行卡受理终端产品入网认证编号',
  PRIMARY KEY (`id`) USING BTREE
) ENGINE = InnoDB CHARACTER SET = utf8mb4 COLLATE = utf8mb4_general_ci COMMENT = '支付终端设备管理' ROW_FORMAT = Dynamic;

-- ----------------------------
-- Records of pay_terminal_device
-- ----------------------------

-- ----------------------------
-- Table structure for pay_trade_callback_record
-- ----------------------------
DROP TABLE IF EXISTS `pay_trade_callback_record`;
CREATE TABLE `pay_trade_callback_record`  (
  `id` bigint(20) NOT NULL COMMENT '主键',
  `trade_no` varchar(100) CHARACTER SET utf8mb4 COLLATE utf8mb4_unicode_ci NULL DEFAULT NULL COMMENT '本地交易号',
  `out_trade_no` varchar(150) CHARACTER SET utf8mb4 COLLATE utf8mb4_unicode_ci NULL DEFAULT NULL COMMENT '通道交易号',
  `channel` varchar(20) CHARACTER SET utf8mb4 COLLATE utf8mb4_unicode_ci NOT NULL COMMENT '支付通道',
  `callback_type` varchar(20) CHARACTER SET utf8mb4 COLLATE utf8mb4_unicode_ci NOT NULL COMMENT '回调类型',
  `notify_info` text CHARACTER SET utf8mb4 COLLATE utf8mb4_unicode_ci NOT NULL COMMENT '通知消息',
  `status` varchar(20) CHARACTER SET utf8mb4 COLLATE utf8mb4_unicode_ci NOT NULL COMMENT '回调处理状态',
  `error_code` varchar(10) CHARACTER SET utf8mb4 COLLATE utf8mb4_unicode_ci NULL DEFAULT NULL COMMENT '错误码',
  `error_msg` varchar(500) CHARACTER SET utf8mb4 COLLATE utf8mb4_unicode_ci NULL DEFAULT NULL COMMENT '错误信息',
  `creator` bigint(20) NULL DEFAULT NULL COMMENT '创建者ID',
  `create_time` datetime(6) NULL DEFAULT NULL COMMENT '创建时间',
  `mch_no` varchar(32) CHARACTER SET utf8mb4 COLLATE utf8mb4_unicode_ci NULL DEFAULT NULL COMMENT '商户号',
  `app_id` varchar(32) CHARACTER SET utf8mb4 COLLATE utf8mb4_unicode_ci NULL DEFAULT NULL COMMENT '应用号',
  `isv_no` varchar(64) CHARACTER SET utf8mb4 COLLATE utf8mb4_unicode_ci NULL DEFAULT NULL COMMENT '所属服务商',
  PRIMARY KEY (`id`) USING BTREE,
  INDEX `out_trade_no`(`out_trade_no`) USING BTREE COMMENT '通道交易号索引',
  INDEX `trade_no`(`trade_no`) USING BTREE COMMENT '本地交易号索引'
) ENGINE = InnoDB CHARACTER SET = utf8mb4 COLLATE = utf8mb4_general_ci COMMENT = '网关回调通知' ROW_FORMAT = Dynamic;

-- ----------------------------
-- Records of pay_trade_callback_record
-- ----------------------------

-- ----------------------------
-- Table structure for pay_trade_flow_record
-- ----------------------------
DROP TABLE IF EXISTS `pay_trade_flow_record`;
CREATE TABLE `pay_trade_flow_record`  (
  `id` bigint(20) NOT NULL COMMENT '主键',
  `title` varchar(100) CHARACTER SET utf8mb4 COLLATE utf8mb4_unicode_ci NOT NULL COMMENT '标题',
  `amount` decimal(12, 2) NOT NULL COMMENT '金额',
  `type` varchar(20) CHARACTER SET utf8mb4 COLLATE utf8mb4_unicode_ci NOT NULL COMMENT '业务类型',
  `channel` varchar(20) CHARACTER SET utf8mb4 COLLATE utf8mb4_unicode_ci NOT NULL COMMENT '支付通道',
  `trade_no` varchar(100) CHARACTER SET utf8mb4 COLLATE utf8mb4_unicode_ci NOT NULL COMMENT '本地交易号',
  `biz_trade_no` varchar(100) CHARACTER SET utf8mb4 COLLATE utf8mb4_unicode_ci NOT NULL COMMENT '商户交易号',
  `out_trade_no` varchar(150) CHARACTER SET utf8mb4 COLLATE utf8mb4_unicode_ci NULL DEFAULT NULL COMMENT '通道交易号',
  `creator` bigint(20) NULL DEFAULT NULL COMMENT '创建者ID',
  `create_time` datetime(6) NULL DEFAULT NULL COMMENT '创建时间',
  `mch_no` varchar(32) CHARACTER SET utf8mb4 COLLATE utf8mb4_unicode_ci NULL DEFAULT NULL COMMENT '商户号',
  `app_id` varchar(32) CHARACTER SET utf8mb4 COLLATE utf8mb4_unicode_ci NULL DEFAULT NULL COMMENT '应用号',
  `isv_no` varchar(64) CHARACTER SET utf8mb4 COLLATE utf8mb4_unicode_ci NULL DEFAULT NULL COMMENT '所属服务商'
) ENGINE = InnoDB CHARACTER SET = utf8mb4 COLLATE = utf8mb4_general_ci COMMENT = '资金流水记录' ROW_FORMAT = Dynamic;

-- ----------------------------
-- Records of pay_trade_flow_record
-- ----------------------------

-- ----------------------------
-- Table structure for pay_trade_sync_record
-- ----------------------------
DROP TABLE IF EXISTS `pay_trade_sync_record`;
CREATE TABLE `pay_trade_sync_record`  (
  `id` bigint(20) NOT NULL COMMENT '主键',
  `creator` bigint(20) NULL DEFAULT NULL COMMENT '创建者ID',
  `create_time` datetime(6) NULL DEFAULT NULL COMMENT '创建时间',
  `mch_no` varchar(32) CHARACTER SET utf8mb4 COLLATE utf8mb4_unicode_ci NULL DEFAULT NULL COMMENT '商户号',
  `app_id` varchar(32) CHARACTER SET utf8mb4 COLLATE utf8mb4_unicode_ci NULL DEFAULT NULL COMMENT '应用号',
  `trade_no` varchar(100) CHARACTER SET utf8mb4 COLLATE utf8mb4_unicode_ci NULL DEFAULT NULL COMMENT '本地交易号',
  `biz_trade_no` varchar(100) CHARACTER SET utf8mb4 COLLATE utf8mb4_unicode_ci NULL DEFAULT NULL COMMENT '商户交易号',
  `out_trade_no` varchar(150) CHARACTER SET utf8mb4 COLLATE utf8mb4_unicode_ci NULL DEFAULT NULL COMMENT '通道交易号',
  `out_trade_status` varchar(32) CHARACTER SET utf8mb4 COLLATE utf8mb4_unicode_ci NULL DEFAULT NULL COMMENT '通道返回的状态',
  `trade_type` varchar(32) CHARACTER SET utf8mb4 COLLATE utf8mb4_unicode_ci NULL DEFAULT NULL COMMENT '同步类型',
  `channel` varchar(32) CHARACTER SET utf8mb4 COLLATE utf8mb4_unicode_ci NULL DEFAULT NULL COMMENT '同步通道',
  `sync_info` text CHARACTER SET utf8mb4 COLLATE utf8mb4_unicode_ci NULL COMMENT '网关返回的同步消息',
  `adjust` tinyint(1) NOT NULL COMMENT '是否进行调整',
  `error_code` varchar(50) CHARACTER SET utf8mb4 COLLATE utf8mb4_unicode_ci NULL DEFAULT NULL COMMENT '错误码',
  `error_msg` varchar(500) CHARACTER SET utf8mb4 COLLATE utf8mb4_unicode_ci NULL DEFAULT NULL COMMENT '错误信息',
  `client_ip` varchar(64) CHARACTER SET utf8mb4 COLLATE utf8mb4_unicode_ci NULL DEFAULT NULL COMMENT '终端ip',
  `isv_no` varchar(64) CHARACTER SET utf8mb4 COLLATE utf8mb4_unicode_ci NULL DEFAULT NULL COMMENT '所属服务商',
  PRIMARY KEY (`id`) USING BTREE
) ENGINE = InnoDB CHARACTER SET = utf8mb4 COLLATE = utf8mb4_general_ci COMMENT = '交易同步记录' ROW_FORMAT = Dynamic;

-- ----------------------------
-- Records of pay_trade_sync_record
-- ----------------------------

-- ----------------------------
-- Table structure for pay_transfer_order
-- ----------------------------
DROP TABLE IF EXISTS `pay_transfer_order`;
CREATE TABLE `pay_transfer_order`  (
  `id` bigint(20) NOT NULL COMMENT '主键',
  `biz_transfer_no` varchar(100) CHARACTER SET utf8mb4 COLLATE utf8mb4_unicode_ci NOT NULL COMMENT '商户转账号',
  `transfer_no` varchar(100) CHARACTER SET utf8mb4 COLLATE utf8mb4_unicode_ci NOT NULL COMMENT '转账号',
  `out_transfer_no` varchar(150) CHARACTER SET utf8mb4 COLLATE utf8mb4_unicode_ci NULL DEFAULT NULL COMMENT '通道转账号',
  `channel` varchar(20) CHARACTER SET utf8mb4 COLLATE utf8mb4_unicode_ci NOT NULL COMMENT '支付通道',
  `amount` decimal(32, 2) NOT NULL COMMENT '转账金额',
  `title` varchar(100) CHARACTER SET utf8mb4 COLLATE utf8mb4_unicode_ci NULL DEFAULT NULL COMMENT '标题',
  `reason` varchar(150) CHARACTER SET utf8mb4 COLLATE utf8mb4_unicode_ci NULL DEFAULT NULL COMMENT '转账原因/备注',
  `payee_type` varchar(20) CHARACTER SET utf8mb4 COLLATE utf8mb4_unicode_ci NULL DEFAULT NULL COMMENT '收款人类型',
  `payee_account` varchar(100) CHARACTER SET utf8mb4 COLLATE utf8mb4_unicode_ci NULL DEFAULT NULL COMMENT '收款人账号',
  `payee_name` varchar(50) CHARACTER SET utf8mb4 COLLATE utf8mb4_unicode_ci NULL DEFAULT NULL COMMENT '收款人姓名',
  `status` varchar(20) CHARACTER SET utf8mb4 COLLATE utf8mb4_unicode_ci NOT NULL COMMENT '状态',
  `finish_time` datetime(6) NULL DEFAULT NULL COMMENT '成功时间',
  `notify_url` varchar(200) CHARACTER SET utf8mb4 COLLATE utf8mb4_unicode_ci NULL DEFAULT NULL COMMENT '异步通知地址',
  `attach` varchar(500) CHARACTER SET utf8mb4 COLLATE utf8mb4_unicode_ci NULL DEFAULT NULL COMMENT '商户扩展参数',
  `req_time` datetime(6) NULL DEFAULT NULL COMMENT '请求时间，传输时间戳',
  `client_ip` varchar(64) CHARACTER SET utf8mb4 COLLATE utf8mb4_unicode_ci NULL DEFAULT NULL COMMENT '支付终端ip',
  `error_code` varchar(10) CHARACTER SET utf8mb4 COLLATE utf8mb4_unicode_ci NULL DEFAULT NULL COMMENT '错误码',
  `error_msg` varchar(500) CHARACTER SET utf8mb4 COLLATE utf8mb4_unicode_ci NULL DEFAULT NULL COMMENT '错误信息',
  `creator` bigint(20) NULL DEFAULT NULL COMMENT '创建者ID',
  `create_time` datetime(6) NULL DEFAULT NULL COMMENT '创建时间',
  `last_modifier` bigint(20) NULL DEFAULT NULL COMMENT '最后修者ID',
  `last_modified_time` datetime(6) NULL DEFAULT NULL COMMENT '最后修改时间',
  `version` int(11) NOT NULL COMMENT '乐观锁',
  `deleted` tinyint(1) NOT NULL COMMENT '删除标志',
  `mch_no` varchar(32) CHARACTER SET utf8mb4 COLLATE utf8mb4_unicode_ci NULL DEFAULT NULL COMMENT '商户号',
  `app_id` varchar(32) CHARACTER SET utf8mb4 COLLATE utf8mb4_unicode_ci NULL DEFAULT NULL COMMENT '应用号',
  `extra_param` varchar(2048) CHARACTER SET utf8mb4 COLLATE utf8mb4_unicode_ci NULL DEFAULT NULL COMMENT '通道附加参数',
  `isv_no` varchar(64) CHARACTER SET utf8mb4 COLLATE utf8mb4_unicode_ci NULL DEFAULT NULL COMMENT '所属服务商',
  PRIMARY KEY (`id`) USING BTREE,
  INDEX `transfer_biz_transfer_no`(`biz_transfer_no`) USING BTREE COMMENT '商户转账号索引',
  INDEX `transfer_out_transfer_no`(`out_transfer_no`) USING BTREE COMMENT '通道转账号索引',
  INDEX `transfer_transfer_no`(`transfer_no`) USING BTREE COMMENT '转账号索引'
) ENGINE = InnoDB CHARACTER SET = utf8mb4 COLLATE = utf8mb4_general_ci COMMENT = '转账订单' ROW_FORMAT = Dynamic;

-- ----------------------------
-- Records of pay_transfer_order
-- ----------------------------

-- ----------------------------
-- Table structure for pay_wechat_alloc_receiver_bind
-- ----------------------------
DROP TABLE IF EXISTS `pay_wechat_alloc_receiver_bind`;
CREATE TABLE `pay_wechat_alloc_receiver_bind`  (
  `id` bigint(20) NOT NULL COMMENT '主键',
  `creator` bigint(20) NULL DEFAULT NULL COMMENT '创建者ID',
  `create_time` datetime(6) NULL DEFAULT NULL COMMENT '创建时间',
  `last_modifier` bigint(20) NULL DEFAULT NULL COMMENT '最后修改ID',
  `last_modified_time` datetime(6) NULL DEFAULT NULL COMMENT '最后修改时间',
  `version` int(11) NOT NULL COMMENT '版本号',
  `deleted` tinyint(1) NOT NULL COMMENT '删除标志',
  `app_id` varchar(32) CHARACTER SET utf8mb4 COLLATE utf8mb4_unicode_ci NULL DEFAULT NULL COMMENT '应用号',
  `mch_no` varchar(32) CHARACTER SET utf8mb4 COLLATE utf8mb4_unicode_ci NULL DEFAULT NULL COMMENT '商户号',
  `receiver_name` varchar(64) CHARACTER SET utf8mb4 COLLATE utf8mb4_unicode_ci NULL DEFAULT NULL COMMENT '接收方名称',
  `receiver_account` varchar(64) CHARACTER SET utf8mb4 COLLATE utf8mb4_unicode_ci NULL DEFAULT NULL COMMENT '接收方账号',
  `receiver_type` varchar(32) CHARACTER SET utf8mb4 COLLATE utf8mb4_unicode_ci NULL DEFAULT NULL COMMENT '接收方类型',
  `relation_type` varchar(32) CHARACTER SET utf8mb4 COLLATE utf8mb4_unicode_ci NULL DEFAULT NULL COMMENT '分账关系类型',
  `relation_name` varchar(64) CHARACTER SET utf8mb4 COLLATE utf8mb4_unicode_ci NULL DEFAULT NULL COMMENT '分账关系名称',
  `isv` tinyint(1) NULL DEFAULT NULL COMMENT '是否服务商模式',
  `bind` tinyint(1) NULL DEFAULT NULL COMMENT '是否绑定',
  `error_msg` varchar(200) CHARACTER SET utf8mb4 COLLATE utf8mb4_unicode_ci NULL DEFAULT NULL COMMENT '错误提示',
  PRIMARY KEY (`id`) USING BTREE
) ENGINE = InnoDB CHARACTER SET = utf8mb4 COLLATE = utf8mb4_general_ci COMMENT = '微信分账接收方绑定' ROW_FORMAT = Dynamic;

-- ----------------------------
-- Records of pay_wechat_alloc_receiver_bind
-- ----------------------------

-- ----------------------------
-- Table structure for starter_audit_login_log
-- ----------------------------
DROP TABLE IF EXISTS `starter_audit_login_log`;
CREATE TABLE `starter_audit_login_log`  (
  `id` bigint(20) NOT NULL COMMENT '主键',
  `user_id` bigint(20) NULL DEFAULT NULL COMMENT '用户账号ID',
  `account` varchar(100) CHARACTER SET utf8mb4 COLLATE utf8mb4_unicode_ci NULL DEFAULT NULL COMMENT '用户名称',
  `login` tinyint(1) NULL DEFAULT NULL COMMENT '登录成功状态',
  `client` varchar(20) CHARACTER SET utf8mb4 COLLATE utf8mb4_unicode_ci NULL DEFAULT NULL COMMENT '登录终端',
  `login_type` varchar(20) CHARACTER SET utf8mb4 COLLATE utf8mb4_unicode_ci NULL DEFAULT NULL COMMENT '登录方式',
  `ip` varchar(80) CHARACTER SET utf8mb4 COLLATE utf8mb4_unicode_ci NULL DEFAULT NULL COMMENT '登录IP地址',
  `login_location` varchar(100) CHARACTER SET utf8mb4 COLLATE utf8mb4_unicode_ci NULL DEFAULT NULL COMMENT '登录地点',
  `browser` varchar(200) CHARACTER SET utf8mb4 COLLATE utf8mb4_unicode_ci NULL DEFAULT NULL COMMENT '浏览器类型',
  `os` varchar(100) CHARACTER SET utf8mb4 COLLATE utf8mb4_unicode_ci NULL DEFAULT NULL COMMENT '操作系统',
  `msg` text CHARACTER SET utf8mb4 COLLATE utf8mb4_unicode_ci NULL COMMENT '提示消息',
  `login_time` datetime(6) NULL DEFAULT NULL COMMENT '访问时间',
  PRIMARY KEY (`id`) USING BTREE
) ENGINE = InnoDB CHARACTER SET = utf8mb4 COLLATE = utf8mb4_general_ci COMMENT = '登录日志' ROW_FORMAT = Dynamic;

-- ----------------------------
-- Records of starter_audit_login_log
-- ----------------------------

-- ----------------------------
-- Table structure for starter_audit_operate_log
-- ----------------------------
DROP TABLE IF EXISTS `starter_audit_operate_log`;
CREATE TABLE `starter_audit_operate_log`  (
  `id` bigint(20) NOT NULL COMMENT '主键',
  `title` varchar(100) CHARACTER SET utf8mb4 COLLATE utf8mb4_unicode_ci NOT NULL COMMENT '操作模块',
  `operate_id` bigint(20) NULL DEFAULT NULL COMMENT '操作人员id',
  `account` varchar(100) CHARACTER SET utf8mb4 COLLATE utf8mb4_unicode_ci NULL DEFAULT NULL COMMENT '操作人员账号',
  `business_type` varchar(50) CHARACTER SET utf8mb4 COLLATE utf8mb4_unicode_ci NOT NULL COMMENT '业务类型',
  `method` varchar(100) CHARACTER SET utf8mb4 COLLATE utf8mb4_unicode_ci NOT NULL COMMENT '请求方法',
  `request_method` varchar(20) CHARACTER SET utf8mb4 COLLATE utf8mb4_unicode_ci NOT NULL COMMENT '请求方式',
  `operate_url` varchar(200) CHARACTER SET utf8mb4 COLLATE utf8mb4_unicode_ci NOT NULL COMMENT '请求url',
  `operate_ip` varchar(80) CHARACTER SET utf8mb4 COLLATE utf8mb4_unicode_ci NULL DEFAULT NULL COMMENT '操作ip',
  `operate_location` varchar(50) CHARACTER SET utf8mb4 COLLATE utf8mb4_unicode_ci NULL DEFAULT NULL COMMENT '操作地点',
  `operate_param` text CHARACTER SET utf8mb4 COLLATE utf8mb4_unicode_ci NULL COMMENT '请求参数',
  `operate_return` text CHARACTER SET utf8mb4 COLLATE utf8mb4_unicode_ci NULL COMMENT '返回参数',
  `success` tinyint(1) NULL DEFAULT NULL COMMENT '操作状态',
  `error_msg` text CHARACTER SET utf8mb4 COLLATE utf8mb4_unicode_ci NULL COMMENT '错误消息',
  `operate_time` datetime(6) NOT NULL COMMENT '操作时间',
  `browser` varchar(200) CHARACTER SET utf8mb4 COLLATE utf8mb4_unicode_ci NULL DEFAULT NULL COMMENT '浏览器类型',
  `os` varchar(100) CHARACTER SET utf8mb4 COLLATE utf8mb4_unicode_ci NULL DEFAULT NULL COMMENT '操作系统',
  `client` varchar(20) CHARACTER SET utf8mb4 COLLATE utf8mb4_unicode_ci NULL DEFAULT NULL COMMENT '终端',
  PRIMARY KEY (`id`) USING BTREE
) ENGINE = InnoDB CHARACTER SET = utf8mb4 COLLATE = utf8mb4_general_ci COMMENT = '操作日志' ROW_FORMAT = Dynamic;

-- ----------------------------
-- Records of starter_audit_operate_log
-- ----------------------------

-- ----------------------------
-- Table structure for starter_file_platform
-- ----------------------------
DROP TABLE IF EXISTS `starter_file_platform`;
CREATE TABLE `starter_file_platform`  (
  `id` bigint(20) NOT NULL COMMENT '文件id',
  `type` varchar(50) CHARACTER SET utf8mb4 COLLATE utf8mb4_unicode_ci NULL DEFAULT NULL COMMENT '平台类型',
  `name` varchar(200) CHARACTER SET utf8mb4 COLLATE utf8mb4_unicode_ci NULL DEFAULT NULL COMMENT '名称',
  `url` varchar(255) CHARACTER SET utf8mb4 COLLATE utf8mb4_unicode_ci NULL DEFAULT NULL COMMENT '访问地址',
  `default_platform` tinyint(1) NULL DEFAULT NULL COMMENT '默认存储平台',
  `creator` bigint(20) NULL DEFAULT NULL COMMENT '创建者ID',
  `create_time` datetime(6) NULL DEFAULT NULL COMMENT '创建时间',
  `last_modifier` bigint(20) NULL DEFAULT NULL COMMENT '最后修改ID',
  `last_modified_time` datetime(6) NULL DEFAULT NULL COMMENT '最后修改时间',
  `version` int(11) NOT NULL DEFAULT 0 COMMENT '版本号',
  PRIMARY KEY (`id`) USING BTREE
) ENGINE = InnoDB CHARACTER SET = utf8mb4 COLLATE = utf8mb4_general_ci COMMENT = '文件存储平台' ROW_FORMAT = Dynamic;

-- ----------------------------
-- Records of starter_file_platform
-- ----------------------------
INSERT INTO `starter_file_platform` VALUES (1000, 'local', '本地存储', 'http://127.0.0.1:8899', 0, 1811365615815487488, '2024-08-13 12:32:37.000000', 1811365615815487488, '2025-01-05 13:23:12.792786', 2);
INSERT INTO `starter_file_platform` VALUES (2000, 'minio', 'minio存储', 'http://127.0.0.1:9002/daxpay', 0, 1811365615815487488, '2024-08-13 12:32:40.000000', 1811365615815487488, '2025-01-05 13:21:08.644584', 3);

-- ----------------------------
-- Table structure for starter_file_upload_info
-- ----------------------------
DROP TABLE IF EXISTS `starter_file_upload_info`;
CREATE TABLE `starter_file_upload_info`  (
  `id` bigint(20) NOT NULL COMMENT '文件id',
  `url` varchar(512) CHARACTER SET utf8mb4 COLLATE utf8mb4_unicode_ci NOT NULL COMMENT '文件访问地址',
  `size` bigint(20) NULL DEFAULT NULL COMMENT '文件大小，单位字节',
  `filename` varchar(256) CHARACTER SET utf8mb4 COLLATE utf8mb4_unicode_ci NULL DEFAULT NULL COMMENT '文件名称',
  `original_filename` varchar(256) CHARACTER SET utf8mb4 COLLATE utf8mb4_unicode_ci NULL DEFAULT NULL COMMENT '原始文件名',
  `base_path` varchar(256) CHARACTER SET utf8mb4 COLLATE utf8mb4_unicode_ci NULL DEFAULT NULL COMMENT '基础存储路径',
  `path` varchar(256) CHARACTER SET utf8mb4 COLLATE utf8mb4_unicode_ci NULL DEFAULT NULL COMMENT '存储路径',
  `ext` varchar(32) CHARACTER SET utf8mb4 COLLATE utf8mb4_unicode_ci NULL DEFAULT NULL COMMENT '文件扩展名',
  `content_type` varchar(128) CHARACTER SET utf8mb4 COLLATE utf8mb4_unicode_ci NULL DEFAULT NULL COMMENT 'MIME类型',
  `platform` varchar(32) CHARACTER SET utf8mb4 COLLATE utf8mb4_unicode_ci NULL DEFAULT NULL COMMENT '存储平台',
  `th_url` varchar(512) CHARACTER SET utf8mb4 COLLATE utf8mb4_unicode_ci NULL DEFAULT NULL COMMENT '缩略图访问路径',
  `th_filename` varchar(256) CHARACTER SET utf8mb4 COLLATE utf8mb4_unicode_ci NULL DEFAULT NULL COMMENT '缩略图名称',
  `th_size` bigint(20) NULL DEFAULT NULL COMMENT '缩略图大小，单位字节',
  `th_content_type` varchar(128) CHARACTER SET utf8mb4 COLLATE utf8mb4_unicode_ci NULL DEFAULT NULL COMMENT '缩略图MIME类型',
  `object_id` varchar(32) CHARACTER SET utf8mb4 COLLATE utf8mb4_unicode_ci NULL DEFAULT NULL COMMENT '文件所属对象id',
  `object_type` varchar(32) CHARACTER SET utf8mb4 COLLATE utf8mb4_unicode_ci NULL DEFAULT NULL COMMENT '文件所属对象类型，例如用户头像，评价图片',
  `metadata` text CHARACTER SET utf8mb4 COLLATE utf8mb4_unicode_ci NULL COMMENT '文件元数据',
  `user_metadata` text CHARACTER SET utf8mb4 COLLATE utf8mb4_unicode_ci NULL COMMENT '文件用户元数据',
  `th_metadata` text CHARACTER SET utf8mb4 COLLATE utf8mb4_unicode_ci NULL COMMENT '缩略图元数据',
  `th_user_metadata` text CHARACTER SET utf8mb4 COLLATE utf8mb4_unicode_ci NULL COMMENT '缩略图用户元数据',
  `attr` text CHARACTER SET utf8mb4 COLLATE utf8mb4_unicode_ci NULL COMMENT '附加属性',
  `file_acl` varchar(32) CHARACTER SET utf8mb4 COLLATE utf8mb4_unicode_ci NULL DEFAULT NULL COMMENT '文件ACL',
  `th_file_acl` varchar(32) CHARACTER SET utf8mb4 COLLATE utf8mb4_unicode_ci NULL DEFAULT NULL COMMENT '缩略图文件ACL',
  `create_time` datetime(6) NULL DEFAULT NULL COMMENT '创建时间',
  PRIMARY KEY (`id`) USING BTREE
) ENGINE = InnoDB CHARACTER SET = utf8mb4 COLLATE = utf8mb4_unicode_ci COMMENT = '文件记录表' ROW_FORMAT = Dynamic;

-- ----------------------------
-- Records of starter_file_upload_info
-- ----------------------------

SET FOREIGN_KEY_CHECKS = 1;
